,0,1,2,3,4,5,6,7,8,9,10,11,12,13,14,15,16,17,18,19,20,21,22,23,24,25,26,27,28,29,30,31,32,33,34,35,36,37,38,39,40,41,42,43,44,45,46,47
0,-3.0603289948055776,0.586807414730553,-12.748235489548575,8.127544354769473,11.525099385505296,2.953313923433872,-2.481451278900029,-6.031247201062848,-3.3271351973013963,-6.837953801883684,10.370196612145818,4.649492834442284,2.7757533805935317,2.521855822299295,-16.9470577683945,1.9810629710045593,-3.5939331599899766,3.914179903504165,-13.034500988664615,-1.5637989301696484,6.963743027639799,-2.8015823794740555,3.6442145310203604,0.35227419677714455,-4.49958187222595,7.394487828405431,0.6462191083239073,-0.0019072075859811466,-5.2998840668391844,4.102813167125977,4.838874323801138,6.279694602924844,1.053005206917678,-3.2935164996491606,2.7968353764677407,-3.4115208982897904,17.42898615223281,0.3561132104192748,4.190737561354006,1.3747239482935891,4.254368951470437,0.8258431484635558,-5.5668637747318055,-0.250704492725089,-0.10473746466903458,1.5491142321092009,11.040741781930318,-1.0864025737159795
1,-3.0558468572290503,-8.679602538032936,-6.741857623974071,17.881618410036545,-0.4479607228077749,12.438584599486566,0.8398021887062581,7.333736144593463,-7.648301004794262,6.910285277707408,-0.22470674841585267,-7.00083602143827,-1.9702405114420767,2.1528581451461184,3.662356129103559,12.14513318478694,7.249538813201179,2.419374786768489,-8.243050268305335,-3.9436864459568697,0.7677575894067891,-3.2152330677553986,-0.1269337357154628,5.219627593209333,-15.015723046224611,-0.1673774373543574,-3.377678079879181,3.985809242760594,-6.729278168126338,-5.203917427525161,11.891581831903808,-2.5980432271142244,-9.392753055398488,-7.67737989444999,10.461454757014405,3.880561774232805,9.63063504014265,-2.2948873271881443,2.5031379397806757,1.6732919381095361,-3.672876797939627,4.3964306137751,-10.006115612393568,15.194181079102368,-0.8232895210592573,6.532291284175875,8.821628121684386,-0.4056146622609596
2,-3.5460278293610696,31.90547078383853,10.013446213380366,-18.297162458146303,-29.912936323675556,-13.59621219456119,-16.487373848642036,-23.094578322853746,-37.62254876088534,-8.658915697795157,0.6595867922535442,1.1122992171582156,-10.287673820147251,-5.226529385733996,-2.213094643755632,47.64683559261234,-28.64513517769629,4.516186114522324,4.501097094865231,28.651431342207854,-16.499608095548428,-6.592308187084451,13.928206976055176,26.395942894507158,5.614867396738813,19.88855265019618,-31.53058673610682,6.832028208295428,0.5479282038745993,-5.296345495266257,0.4551351565753403,-5.545299443935537,-8.021316135026861,9.926835167401386,-6.9270502115578125,-9.416526793240624,-0.49766780857226117,1.8984558663554105,-6.813204198320088,4.1036578647398,-2.2082356838408406,-4.555487537385993,2.410333355550042,-3.9727049334800544,5.2155212275366525,3.9354794511721782,-2.3322288214468028,-3.8442030836017858
3,-0.3599733808880663,3.4109910178047365,4.449214062519178,-15.954929165608522,-11.985363043793662,-5.196094876700327,-2.12755368703211,38.528228562872926,5.933116141698174,-1.7313817383457888,-16.436911396459678,-10.944453708535685,3.4856117557438493,4.352770096860754,1.4583413661479467,-11.880380912345048,-7.5259389550426405,17.21444684932414,-17.923472357363465,-5.195398190148779,-15.718637505827342,-27.402262848869594,22.108423207528276,3.967307507488723,7.224911419574236,-3.964601609021642,13.29935880583432,42.325701517995114,18.545134637766242,-1.3459330415791846,-12.701041473503011,2.961188024905315,14.0602166717642,-12.84836954587582,-13.6529334460925,-12.45166757478088,4.373379293723646,-5.718421307984261,4.685186524187197,-13.497192514421315,8.443592179597184,-3.426999767711469,5.87903123486703,0.15759869656116335,5.226838577990105,1.1862853838414975,-1.893926664573779,7.837114274694672
4,-2.9062687300162384,-13.30580539275066,-7.159342519022998,17.137741637651565,7.2738448201004955,9.902108498475146,1.8122702309810654,-7.86790185297553,-2.296412370117953,-6.316651332566513,7.564026130915097,3.4963248023437505,-2.2738179613960683,-4.876566067333148,-13.579125319914446,-0.6494850596182358,-0.7616178116828723,7.0225623994878354,-2.1702430770917163,-5.025379515215898,4.5147380666913515,-0.44835195210073503,2.386291242185107,5.275954004440035,5.371485020892206,1.2469362530771,4.070043763485486,-0.40341895018924334,2.203971086772082,-6.603150436212587,-0.10682693192396156,-9.59158988038431,-1.2769194158136092,-0.13169799962021667,-1.757524904445467,-4.210191160902021,3.492311732478893,5.700533457913964,4.481329187952778,-0.28792706906481724,2.2146684463029267,-0.15662594864906215,-0.24793060082566434,-1.9934591911405395,3.3622441627092843,-0.6248385118755929,-5.360085268156406,1.5879474206279929
5,-2.876661815582183,-1.5810404465780488,-9.839111320089318,2.742096174436025,7.794371493513455,5.934065975121018,-3.278617389854163,3.3857942458201125,-5.072383613340582,-10.366091063485118,-1.5277078459917184,-0.36596192872462574,4.962646162607913,7.923584076050565,-10.75384757453863,-5.437580574934529,1.4317177469179871,-2.4650305504820946,-5.1655787361528205,-4.563774472717676,4.0736861074646775,-7.061132557257752,0.06510870958923662,7.09080095172123,2.697946113064544,4.812199935229873,8.746528496521208,0.5313616487475462,-1.3389726217035904,4.953397617498911,0.15723212609409956,-1.9228304402319778,-2.5717672192965875,-0.67526562608217,-3.694492121666151,-6.178361224740905,2.734773125659261,-0.09755105249672866,1.8787937499539022,2.169249770609862,-8.261857723567802,8.305821779957872,-8.67347238812163,-6.772737154445105,6.2619530485302155,0.7290754723191963,1.8856216267788182,-2.319114724072257
6,-3.284958461962001,-15.263456891284275,-2.6286014940737132,10.91326472155274,-7.278908830529149,8.972253863037714,0.5734441947922642,1.978020020043231,-9.292534975419134,-9.468137735372935,2.2856037175092205,3.555874727421097,-3.256425884894655,-5.201881136096164,-4.308925468130747,4.611636494109767,2.1565773609125287,-2.6945969893793142,-7.562429132420368,-1.73733618104784,1.5863465337590152,5.07708274955904,-3.20626997315878,5.839593283952823,-4.82315254283515,6.407586120026858,3.2495150954826757,-4.1261971257214585,2.981399015467342,2.891133882288664,6.401475671710933,-5.9179925424607704,5.369526840894643,0.777985018247334,3.185579132218723,2.9486112277063086,9.644827100877674,3.9262125314893375,13.884941403434388,-4.120922403608656,4.089971085503652,-1.9317088693488493,1.8562936121692657,-4.515160397347597,4.248141857916228,-5.0812213760951135,-8.732468615871783,-1.5082615105616899
7,-2.915487915192072,-9.075489063373489,-8.856938424373853,8.998477448725936,2.1579059143505295,2.518972753791731,5.1401456725756605,4.399871309726556,-1.8922508800346836,-1.609655269970993,-4.2797060769154625,-2.8807881608738515,-0.8829218307431046,-0.2857567443480063,-0.8698817420454893,-0.24705229572354273,-0.5791310688123854,1.7167307027306145,-3.458651419045411,-10.390550697075422,-0.6753736916543116,1.2255228022978808,-1.8984582497292157,1.9171549635368414,-2.0017612363148434,2.6115672763762303,1.0094295175208754,0.9227349825430243,-2.1326784994015857,-3.80314307373835,-1.0191216740317428,-10.596822881299905,-0.8767939755929918,-4.705724055093787,-3.1352857884729053,0.5370423040872543,-0.22841769028723224,-1.38664052048367,0.7963243771992075,4.558932912977088,5.219486248505432,-4.0214324405480975,-4.691134902918917,3.5699533059237543,-0.6140208788290096,1.933998266588889,3.431438485552455,1.5495376501229914
8,-2.211054323260607,33.49382563905189,0.13050837616376695,0.201795241254494,32.80716711145284,10.106844765170717,-24.81795144714511,39.25689405520603,-40.836059967723436,40.66324579525144,39.94074553922647,-18.18248816295044,51.07864521743702,-25.781559482584818,10.530472833504144,-8.939166152760103,-24.017168693856625,2.1404155035688337,4.8498907855819,0.6995908627471701,0.13282035489671032,-4.030033452010015,-24.874937020025516,8.546290025491695,0.6612678641488029,-11.098318146476265,-2.9997211081329604,-5.741239930416597,4.1465764267220235,6.286251457649637,-0.40689765069131484,2.4553457484767156,-2.86260520916335,-2.9223460168962054,-1.5843812736404672,3.046138291839157,-4.471974184234259,-2.462232539134197,5.063571859221912,-2.5516093310216026,0.5418190714611943,-3.5689552479290017,3.3254672658263447,-1.89111503837684,1.4304612453200012,-0.046676522442805624,-3.678470863860446,-0.4428603393234161
9,-2.1623856228873195,16.176769705130138,4.024178392627357,-17.51262828391682,-7.332012293298451,1.8801821744053515,3.931145278625615,9.62420380558172,-2.825330639514997,-7.649116486268417,-13.946210594666875,-6.914092961147505,-8.96102945120773,9.651558471858053,3.658268341827604,-2.9819115276825428,2.915507958392215,5.033310660451901,1.6947262443313684,-6.333829892719134,-19.03554277903991,-20.332021935180677,6.04550185822446,18.982391810845126,-0.8524679068419051,3.8371369863437,9.507499196050356,-27.438602639402035,-8.969627412466227,7.143976201116942,-4.122440978365025,1.3274402190230792,2.20748683439672,22.455908320527048,21.427853741872774,16.74338229307707,-20.324812755764974,-15.061634383374047,15.863649712081846,-13.227246524989766,9.686370301873067,5.890490409305591,-12.405626633519262,0.49080727731263124,-2.650700037725655,-13.485918399783053,-6.713993305024213,7.962470210536367
10,-2.759639462088823,4.871155183241752,-10.724035041298741,-3.427315790507894,-0.1530540852322595,-7.854412581971117,2.6400538547085413,3.454660734724494,7.453557293018677,4.536365687150615,-12.461674193805258,8.576061045035468,16.185854349119385,16.497137754624298,4.770752245658331,2.680258869049951,8.787613273266816,1.1238076289910666,6.569203274908774,1.014515881724987,-4.277589121532263,7.512167202385677,-13.990696506210579,7.113475561276178,-11.109903166561656,2.6358873324797303,1.3794755581992972,-5.970609889693083,2.843414502905103,2.645064381911312,4.480199803660471,2.4432948486266217,-8.299027728055954,0.8639143285336469,-0.7205502938712953,-10.178739159080452,7.25539450868062,4.932659781913381,5.047689003486078,-12.621701910411094,-27.855375683175815,-5.956583204292233,-6.408291770288461,3.162572763236245,-6.199216431360719,0.41201489210176634,6.226666778361249,-2.1263042801570724
11,-2.1462226395612647,-13.611046060757088,-0.2689969899804552,2.9161108650418077,-17.357382225694142,5.5658764804721965,-8.583811684156402,-0.007267116915665658,-4.606861193973305,-12.031565724659274,-0.34325553906851924,-1.7955464383550244,5.870743877682782,-6.101367470424518,-9.558425706377886,-7.61100742555753,-15.105693500907671,10.15370238247054,-5.605445631109528,5.842413470604459,-9.043888179874044,11.326825736416327,-12.260969969244425,2.2667658856502624,-15.177892165884526,1.7295006032582134,7.465278141771147,7.941127414681819,2.2182350532607815,5.4476106285089685,7.635378160108324,-13.28712175539139,5.298210832918105,1.7846229557189015,6.37152920903491,1.0641685653297166,-5.122898439848607,7.644948665112394,8.52347081486344,-12.363057211257908,-7.626011316893277,5.44514224122047,-2.6238989363421514,-6.368758583004881,-12.694796003472998,11.398713030372296,9.658690269374354,-3.518476779832988
12,-1.4166983337592967,-9.452306736741106,3.090814570625693,-13.083181100233418,-16.83237191343723,-13.20613263267657,8.789917368034091,10.94433576434773,12.349821074638262,-1.122668606438604,-3.951293762232508,4.549946122561194,1.907493187337952,-7.372384118802432,-1.5753119199762213,-6.951973396890038,-10.659696395183182,-1.4774705863861448,-1.7488193165590957,1.2502422297827929,-4.354727471598865,5.1833876895844195,-11.142781191856809,-12.369641136770863,2.9880520114881497,-5.236403197297329,-4.552393966551394,3.6609820149306493,-21.773315549310357,5.226527938923295,0.7917873831451968,-13.880057947444772,-9.603908544578005,10.710334190541133,-15.675825354299917,10.696998355820858,-4.720581749823698,-11.133522160044116,-7.1399924289616905,-13.146707107499887,0.5694779677677235,-4.995835326851813,-2.367447235507495,3.1249224938124467,3.7262440131925576,-12.07034717279262,6.735286923435086,-7.081413181922569
13,-2.5003397697866214,5.672246374936477,-12.884046743028055,-8.086260055801846,-1.7628127171705148,-4.210306167578473,-3.9403044295018104,10.340354599392656,0.26365286135644816,-9.866629176152555,-11.39939262527064,-6.619187243220225,5.610566328728575,11.857254918036542,-1.9746787517090254,0.35674568654789723,0.03737330288501085,-3.825292227257063,-14.458200054746257,-9.495688224516769,8.962194303336416,-5.401170087879564,1.7757308515210322,8.358035516106025,5.4070091155089886,4.251636650915498,4.212539836999492,4.538103069753012,-0.16895192165237655,5.156919264459323,3.074357845166699,8.102401183714449,-8.407024152179817,5.573658853950067,-11.577461663665122,-3.2868147285518847,-7.053767164660168,-1.2910568054008498,-0.6594311047915979,-4.013520427492996,-5.095850115422419,1.275652063714781,-4.695096191184776,1.4145622745161535,11.307980698042204,-6.231854006090403,-0.7112792966181085,-11.391245060862001
14,-1.0956166406204808,-8.92747831716826,-8.479133351834513,17.64812700002986,7.779314671441004,18.434079374245567,-0.5681070620032005,8.5572063540216,-13.059574631722759,-5.864981125452076,-12.815473150325575,-5.462302861554208,-8.945830982882015,-0.33434090768474195,-5.216431624520997,8.044763976006747,-0.5386211148450245,1.7776448322202756,-7.772554301726502,-4.485689641708565,23.50924807054991,-0.2614818483321546,-5.223998922822984,2.0653769148851846,-6.268514540083434,-10.271437630213743,-6.924757785617228,19.338862032248507,-13.377402490972331,2.082022678313513,-1.7731969780293306,18.61750722247618,-0.785795966025173,25.591062469723994,-2.3390692096062904,12.00136623255562,14.064007371970636,19.547012862748918,-10.151414670126194,-4.925158767215446,4.35069146910077,-16.074452918970543,3.7754707036370165,15.297720840716416,5.565473230492191,0.9573272970501254,-11.465345375711632,13.58375792950024
15,-2.7939290878751404,9.476507199311023,-10.463431150218634,-7.698475046041404,7.097297288875458,-4.230745076301405,-6.560069900315453,-9.9122197513219,0.6597615570103184,-13.72437831803604,-6.447123103510767,0.8599380383146549,11.157876472576174,2.992778538280141,7.657505000892822,-3.500994737755579,7.241869271853933,2.700061017419081,-1.1966305384884326,-2.800566494420815,-0.020366470782625413,0.4687985239691109,-3.438285688045435,5.70534210212929,3.3671027462133973,4.9432289446996895,8.31716504201573,-7.958919473942242,-0.7247657262327696,-1.2774233133408428,1.2367054581644696,-5.9047416844582905,1.6192785556951188,-3.2978072890179995,0.22010618121280995,-5.947126924714633,2.864249937037418,9.010567286005854,2.4350997371986876,-1.8595663585061186,-0.2651024962403822,-14.435400571039008,-2.775263125228819,-9.655827156618237,0.08020026815372422,2.8462829971483963,-1.0827846936706098,6.272787752515468
16,-2.9086027311855087,20.72409598068593,-5.821412141859668,-13.02076047645269,1.9108065290521168,-8.120693430060175,-7.482440691801126,12.982887320765798,5.547746174491455,-6.368443560968813,-12.198907984124645,-12.97752765659623,7.626277939213376,-1.0432397748793623,12.812481726026453,0.43870992826334876,-4.5915242994281735,-1.9046573084689822,-31.245742312245078,3.463962830782619,7.738278580461111,-7.657035355329644,15.825239451852847,-19.055569511080332,17.299049042662148,3.3513029685387505,-5.935850922039399,-37.82772965495781,-16.113225867553346,-5.346348125432561,9.29666046915719,2.7723633006503765,4.596083681100687,-9.775354447413173,8.26031110545426,-9.653651233166057,-3.6557853745248408,28.538763236558527,0.3276988366809171,-2.7444156768863097,8.173651941021873,7.429354638555066,15.211597452167895,12.053161469329288,9.827333451398204,10.724358475241319,-4.493765462741667,-6.375609127061558
17,-2.665513209751654,27.172857129208168,0.0825125105612673,-7.287896259221533,-2.246009524823314,-9.82922194099006,-14.371756734107802,-20.989122600685235,-13.924861210415475,-5.473710161104101,-6.239406813725322,6.282482665427598,0.12874391517417166,-15.236037139161906,7.117493969292504,0.9730932714019842,21.387591923882773,11.005819930340742,15.687404246597303,-15.022085609280698,31.475425214230352,22.434108575428652,25.0788112512177,8.192583262132743,12.120687602898757,-29.58214462044878,-14.928105539796597,19.838289888273145,-19.622497207955107,9.138206570109805,8.998092871361473,0.6186695631932915,10.009305332489458,-9.976095224931088,-2.8657977436804303,7.131989541948029,-11.87509413455969,-3.601035598878344,25.390112639205658,-5.516105424930252,-9.279571333750411,6.542297949940208,7.191539325250765,-3.8800575065667995,-5.9799807030490335,-1.9155909700736617,-1.8291907086387222,-7.033179387283934
18,-1.4688195792091796,-22.064276508217596,12.921539135280321,1.8728096204587446,-10.42508467198592,10.95983190396398,-10.20021272656921,9.618839717804288,3.0843169236072527,-17.10860581165294,-9.83087771244205,9.663700832019476,-3.831787089921427,-30.479552330513506,-26.239340622376993,-14.136038216481237,-17.046561008583136,46.12799453698944,7.717412977307367,-1.2043629447669768,-7.307791984877158,23.93879716865134,-0.3509380709416279,4.861580927748841,-12.154616564835758,-10.889227789752493,4.509739814929218,-14.052125674499948,-9.958332654985481,-17.69375905315407,-5.163026525563668,4.835725449981957,-2.345951087534101,-9.944034419927876,11.557895508314445,-7.694338958982035,-6.6033552345927475,-10.27079936989504,-24.67259260663334,-8.831243277052343,-7.296732406001734,10.546861474691877,5.588892474407171,-0.11266331145871178,18.60894250007434,1.6671815252955382,-5.221859351850585,1.1688486772677527
19,0.9326412082155437,-35.8751334053459,40.5315202951047,-6.140558780988501,0.3672403108239479,4.638570963286168,-9.006177675083396,35.56713054848285,-6.546764985706429,-32.70999260803305,-2.7210795588758536,53.3524754896492,33.144421038445024,-29.737693739436157,-8.310743254722318,42.316030427945726,40.863525005906865,-19.92786515624503,-4.520152814844664,0.008668076036124739,-8.040772805452626,-11.898988693619955,-2.4109151541707483,-8.083368428461961,2.8030458670887084,-3.9036952009977295,-2.86051811707938,-3.7097926898163758,9.785755890167044,5.641985163144819,-0.3954971360171261,0.4510655793164606,0.6055231552333046,-2.3315349221033435,0.4443883908902877,5.068069668524154,-2.7063443880223916,-1.673998367643001,-2.9845369087571902,1.0357521803129175,1.1003338338020028,0.08331218009368119,2.252229172583749,1.1855417528242906,-2.372268342366066,0.46103068640819833,0.1282974286870771,1.6660382072886994
20,-2.153214482752439,-0.9092109544198437,-12.15193299703924,7.938465056675575,12.8084724531342,0.34291206298003263,5.271774704014463,3.2640130006456944,15.078419685459432,4.433476901142737,-28.41362285577588,5.61154624569099,17.986796389630324,25.256979033977057,-9.389970278388603,11.31587754009407,-12.30503905002751,11.362401338993314,5.23781254923355,1.8181378421925314,1.438670253256237,16.804913888292326,-15.248219534438668,5.872148476024945,7.262904243860746,3.777177421481774,-19.420391595364176,-0.11394084172889236,17.470976865084545,24.968476945184296,-15.077585178494889,3.2989315243425477,31.420660598110036,-10.670203723611927,-0.6112788060423657,-3.8706926606923027,-12.770679773565849,9.17040940347744,-6.640539701337721,18.04474660060408,-2.358235869217499,18.184605195789665,-15.809216607379517,10.573326545248715,-0.9939818344316096,-3.4863701084745107,-13.23829887052579,-2.7026240110720106
21,-2.895795299521929,-9.595271898226184,-7.992589248232571,6.757312791197595,-8.39267513934887,1.1384722529325915,-0.4628562708836088,-3.1965547287038665,-0.4469533348045835,-0.303681643855943,-2.030536972487182,-5.316270434952467,3.399135021539883,4.093083832148132,-3.402107640352019,2.9331696967359693,-2.3002651445546287,-7.564983537469123,-5.926713399585446,-5.919804829916775,7.383677155222072,1.3132051938344373,-5.035475653576986,1.2799247523189845,-5.186858056623782,-1.3910363796641594,-1.7723911499232265,-2.779351763588541,1.3102265282768357,3.4684620686342034,0.5733909481577986,-1.0905369511265042,-0.9101581861209613,-5.166114516028395,-4.186583515764274,-6.010959529387179,2.1120303215050606,-2.143379271176057,-3.617014471043121,-4.809875112466239,2.0525048150328913,-3.7919555451678755,2.681703244229408,-4.807458156531995,0.7261768798067487,-2.346866816038931,-3.6123108291839894,2.080170395650782
22,-0.8218493505829656,-5.643989577960173,-7.2199797448612095,10.539606538374747,5.283786060510104,31.12058783413461,-8.128704088492455,27.097525711975443,-37.33267459304539,-27.81391735136479,-23.431722798028105,-38.116890313143394,-3.9122312503081345,10.621794444058645,-17.70126567271951,-22.281966513129106,12.497241796090444,-35.20997505293494,28.480614435452637,38.606278539726965,-11.097818787562115,22.199614021018828,19.230693141445638,-15.331622041612704,-5.441431769633737,-5.673718026092356,-0.24831861175532594,-6.586948981996929,1.7508783040483933,-0.8900062493487388,-3.7978000636422764,5.13581228816785,4.475351041834253,-2.1970407246810715,-3.739914112797677,-5.10396081761271,0.19791127097541308,-3.59821434149794,3.7089050862619692,3.163282272477193,1.5940965574454937,-8.43531930371735,-1.8786673085733427,-2.3609427886490137,-0.7059959404387615,-1.3355614209609281,-0.5776614364467326,-3.6122344009859026
23,-3.889775657381086,-9.309756295883808,-9.13683608688028,15.720371455422372,6.434114749641689,10.972854656129895,4.651655373511094,-0.8738202744288317,-1.6163551218598373,0.5140889094059704,1.3908184237319723,-0.7482368959598662,6.441617348577939,16.749393452273956,-20.043214826086732,4.562655933229411,0.7159820826522757,-3.8713123779677403,-0.3657324762316505,-5.504589966025101,-2.6371095616063944,7.36649962374795,-10.655229588740493,8.010486353292961,16.78859787967605,6.98929806544691,-1.490961490267908,12.714896631001084,7.161928623014455,-35.0053919562234,-4.496801219602892,-27.32134280613415,-3.5193931753719845,-14.299952621260955,13.768215096975815,13.425933897711905,-8.054043063250091,7.794635353914672,8.152164256269016,-1.8920614386418653,13.52844646101896,1.8537038673755588,12.018112903407898,-1.4035203309918893,-5.653172681246603,-5.615660026839846,8.01928804788811,-13.503734399405644
24,-4.35432925121672,13.252529523949436,-7.936400951469877,-14.69301079496252,-2.820216222829359,-9.758759636372355,-1.4338371972944857,-0.03234755132855671,-2.954142944496684,0.8460692522845487,-10.751035383549443,3.430846190904955,1.2018786352508382,13.353003961199624,-14.65960141790532,3.1529328662557194,-3.4925168133098246,3.9128001071425915,-0.8624252009218325,-4.247013426224065,4.960541832592906,-0.3087534637516195,-1.7097617739428477,7.106213667305296,8.521028822724826,-3.418147237029298,-3.83121235694382,-12.371769256303491,2.985948202590369,-10.334990586369694,-17.21465632070303,-5.053443899158328,-1.184001483830711,-8.799433643031199,2.744960853791648,8.651543067294337,-1.4886729185578107,-11.596745283815038,4.907810530744134,3.161488286894753,4.0352014955470965,-17.00253983736344,-0.2991454917203557,6.36574560269294,-15.556065338165116,8.869495983367708,3.252369137817171,13.753930218508534
25,-1.2436144235123292,7.959127605133523,-10.770574918024828,2.0659692142988537,12.807673799839892,6.9687913095487035,-10.999705939540187,-7.7573192253080006,-3.8471436208266585,-19.332508416406025,-2.9241098717306,-8.31746023373137,11.215758968857708,2.8787621567457986,2.7125478860345495,1.115364627158071,3.754464675545751,3.0390149996160525,-4.893886821776651,-13.57353116357578,8.290813826894745,-7.445759980518263,7.696330404410995,0.8092060566179611,2.0092472979930864,-0.7146972829287677,-1.3734176927111257,2.545842836716508,-18.86709552110639,-1.9350914245397854,-3.030907522611719,-3.422663652193691,-4.296720880343602,-7.925852240683627,2.132183363701369,-4.133686832916295,-6.7967134026509655,3.955902799072102,-14.613635173175883,-2.579378531571598,-2.910483142899537,-5.791515119407316,-3.9601215550573716,-16.74833549275783,-16.08242131112713,3.48105834572259,-5.2174187504757725,9.432019538267562
26,-3.4451799983533262,-4.635074741184278,-0.09627030263759702,-12.882220765800469,-20.726337945440836,-17.11924491947037,-3.54522462879886,-8.68208767869813,4.227276410150152,3.6870247130255165,11.274801000296216,7.668791703094091,20.503361988185766,8.573621278730927,-22.53620770970768,-14.374195831933196,-8.88658561949077,-9.234185142932024,8.910266050250268,-0.051172081317601856,2.1198806462498108,1.8096834586198236,15.51036342906527,5.109153021783713,-12.854901226590822,17.83971676858526,10.806824719748223,6.631027435184615,-17.600530088454434,38.55372198274591,-11.277249777223059,-6.356542856283493,-6.692622740758021,-17.603103996892003,9.116498155027903,17.911130152364464,6.990972331463143,4.367059548474321,-15.223811158441052,9.7902240490661,10.436830908849315,-8.870713696880353,10.492338780123275,0.1285882933230239,2.9937038899357855,-12.369871331744584,0.9116493877267609,-6.227665407832266
27,-2.368060435363693,16.257403213267118,-7.884212843260135,5.711077767215795,21.762908294825095,7.573162243460982,0.4296566465938341,7.837498232598981,11.318948490653087,8.772917920816903,-23.13701453401608,4.013698138918014,22.826893225202056,23.96259763191024,-0.997062832103693,5.359536648191892,9.26911299700799,17.155294761790888,10.028113128513976,-1.673838624202039,0.19893814205561466,8.239678167078312,2.86986398279645,10.097470051683676,-6.362043087365701,16.067400181956543,7.600297917247265,-1.0511549243909575,4.136591792009996,-6.476642016842447,38.21660404134986,12.616675649919188,7.695757399953618,20.045505329215473,-10.09125761971566,6.446657874087226,-4.520352847261935,-14.556930414134005,-11.416909782149506,12.477027836784973,5.650526659633358,3.6437296262730468,30.491876002896483,-13.681160615873246,-4.920810350406307,-2.1822508978771666,6.114743420039316,5.459498990974938
28,-2.79029663795948,13.425660446179265,-5.7924922798797445,-10.447875750653461,5.13301929332835,-3.0130795335167906,3.387821233967027,12.453847035444397,-12.044248819065883,4.4122449425206,-1.5883083444238562,4.667096653604681,-11.217228027157635,-0.4841979645909925,-4.071557802794109,-6.814293263003924,5.862527350049456,2.7678925083153616,-3.5726675668132715,-8.472300423385546,-2.3988964818663416,-8.278694215622947,4.0969547562816375,9.387906122013792,-1.552354009724986,2.5194918518789047,-2.391047832740468,-8.048965067730869,-4.478205962346376,2.408587610279488,-0.45584752567732983,-3.5854278624669376,5.0194236234977305,1.0801975421342465,3.1867928181593337,1.4346486797896434,2.574076306131486,-1.6601093287117983,2.451320465474537,2.4214645794448435,4.052195070025769,-6.2682847065530325,-2.882496583723422,6.659756671164677,2.5290035001322027,1.3565050029494252,5.154769638882579,2.388348293110592
29,-2.934170723013089,25.930188055279675,0.35876910488251534,-12.72012659064641,-11.186760595883145,-6.891310143711195,8.286830824403314,7.731219095962888,-34.289846081884114,23.37002246457996,-20.69590488425324,8.737130050450334,-31.547923914884347,-1.9057290845533508,-2.6608765456639683,42.03756126560955,-17.150200216698313,-8.107163879461634,19.60930671781704,-19.212489768074317,-4.0085932607909704,10.391532501665683,-10.699294695740583,-14.986258831080152,5.85298089257601,-1.232599199022148,49.55780881618755,-1.6190785976807582,-7.262705467593582,1.3460908149957387,3.1014703317111625,9.741986778029137,-0.8368992356255566,-14.745792780967689,-8.231020380331769,-6.691782149684754,-3.4506242110924283,9.202890633950782,-2.7909977932840837,-1.221408194150246,1.7815332348578878,4.228239694273373,-0.11146857688487746,3.5523079892899547,-7.692221984604539,-4.027941191862617,3.0743716956195275,0.821529431981094
30,-1.9158471019206087,11.810752127207724,-10.25558726750224,8.56530419770775,16.02510611346896,0.3844412273026419,-12.750223038711471,-13.280113063973054,8.591072158455535,-15.677193661710653,-12.447216379869218,-7.022553818572265,20.602262510812327,-0.8052747954229402,19.043854338984055,8.69696164672943,-2.507447813902018,15.9938414745433,6.072361513993728,1.1801236842447689,-12.410694474166391,-1.1840797429042391,-0.34169392768546525,-10.609778000108543,15.83620564569167,1.4347137241105306,4.845377221169664,3.11786653890559,-15.430811441368228,-5.546120132797459,-12.153678135349775,6.908074452868681,-6.011876122391138,-5.821572637603243,6.981421896287042,7.810856229517635,20.233205323472696,-20.26517265607904,-3.8281262503320335,9.094718819792337,4.835842792159223,-0.6728170625391556,-12.264690213447865,-2.315033496243071,-8.106763631885851,7.384632910429511,-6.303433567432064,8.416392943466523
31,-2.9454044495621083,-12.144035541015905,-8.368445755476074,14.25146533743857,2.7608098589915784,4.367179797206922,-0.2521345929226355,-17.881463518603255,0.7106005161309291,-3.992149742136024,-2.0311996832939103,0.8831820486031903,4.285470189923269,3.4705869825845737,-5.884288090750002,7.121798498289813,-7.058446762609583,-3.171422723834292,-1.5084565953480058,-7.907696102671759,5.9033343378072125,2.1924929856185846,-11.532848985356953,0.982568627390271,1.902034286506945,-1.5962608991751415,-3.761589903872981,-8.45157170763546,-0.06973860169695154,5.435051387289403,-4.662558142536326,6.5317363837390845,10.836595483653433,2.337143336967107,-0.8228050510748405,2.0110328051287443,11.147486086718468,4.147464738413748,4.842176291634601,-14.641015779603704,7.458877456149282,0.30490379870940904,0.1306278319365679,-6.3041190333340715,10.49783296108837,2.5652456062054037,-0.7158591118582474,0.6932599052402062
32,-1.1833438128606586,39.99496336062765,53.50670848710348,-57.626182545849076,-11.348721480914772,84.99762679668503,63.96996988831317,-29.365114514876257,1.0807789326781758,-1.1935083800554664,-5.0104355013601065,-2.8302879346068903,20.301187503963664,-6.7223363216428895,1.8651420799568323,-6.123190597156623,-4.961518255691683,-1.7179126096352677,-12.93547805380817,-3.401547135020547,2.857755612939436,6.699477411295579,-2.598707417817115,-4.629361369764986,-0.3735624223151063,2.266986484738191,-1.993886669401175,4.879333144545319,1.9502348982986413,0.5327310366525533,-0.5137421946070799,2.205067707534372,-4.527601518388663,-2.165788937758495,-0.14676402421592488,-1.1644395085258117,1.9960564242063692,-0.21671092577623308,1.6395422482014588,2.389833871215774,0.10557181733189601,-0.6309204134167676,-2.161744317459621,0.3104753081818421,0.3031016443674115,0.4696967494306787,-0.16009321113839076,-0.636731670239999
33,-2.9528744895080754,2.9695241057563257,-10.391711889495356,1.7826932323239708,5.985305781563123,2.951740506483372,-2.748918718416282,2.98378216699181,-2.108162939592449,-4.99064756001199,0.10530589278234988,0.9774178794984154,-4.0133615665258,5.4507176727571505,-14.382133537661307,-0.09115123335886383,-3.1895456757424485,4.376511632801598,-8.57982658627985,-4.968899572430448,5.396128745648154,-6.215501334085749,8.129108834698997,6.706414224357578,-6.232330413208116,3.856224367388098,0.09474701883532999,0.4254645752087417,0.48723257598519126,0.4883506786387438,1.9059343726134237,7.51367258029857,-6.127775141194737,1.740773789534436,4.753942147335627,6.686001865708522,-0.9614454802590163,-6.635531928508963,3.236887897682276,2.4979234984345133,0.703518092986012,-0.5228196202740845,-0.8745996483470758,5.949341033197939,0.32843186129209484,0.49308577350935984,-1.6021023558146241,2.2417591455020127
34,-1.1180097710145787,86.41986531796046,83.22059103620617,103.48580663888939,-19.520954591249662,-21.999504405981156,6.582211827355519,6.051945554486352,12.43047764631968,-12.568941861774356,-1.596641773690995,2.651451730389288,-3.762302038728066,4.345450928206268,-5.14258987142409,-13.606367771671229,0.2931360655987837,-6.4641622198916115,-4.7391510183095225,-0.8627223502322311,0.3172917279900326,-0.5744345561692539,-6.729717523379017,0.981291303865714,0.9294129658973538,0.5283395289033136,1.5574096270934672,-1.1556646407886626,0.19656951681923301,1.3012165943454812,-1.9981090437775635,1.1422179508095665,-2.3831965185199953,-1.074090609489673,-2.027853624511651,-1.0414955165404232,-0.5411817863542372,0.6605983132496351,-0.5776470147508019,0.21749133612907678,-1.4133032892223993,-2.1368664302058646,-1.2175703161463207,-0.9157035482244669,0.3665013216228331,0.0028996836687508187,0.8047125100520032,0.21262309350912958
35,-3.8010456176908387,5.416128028199838,0.6210747074427887,-13.955211338829354,-1.9220696038593914,-8.68516893461182,-0.3885726317927919,-1.1338789367023103,0.057637441920605194,-4.019158261829936,5.003601719882197,15.746400527721159,0.9937083164458732,2.434379168258129,-18.59777487331529,-10.3022943794465,-0.3721246911381997,11.112480827991478,11.373589087984891,10.431224879659359,3.5505491570886756,0.41780705587413297,-4.411990776214786,3.931168733694635,12.319564766754873,-1.9470692662842695,-2.566593777797824,-7.385343435785948,-2.2737452324044085,6.579827679888233,-2.7254092834465227,2.6619091628744163,1.9063054661357293,7.722894344633969,-3.732809917934613,-3.3695392584824173,3.751861264679833,5.9990012806125375,12.590193680835334,-9.232817506196618,1.2277865872266076,3.4713812673112545,-11.717341337212362,4.068781460438316,-2.463744201492055,-1.6340218127594652,14.12135367579965,8.458435068108365
36,-2.0077494748018023,1.0661928131929237,-8.177233846606518,-6.772140983028425,-7.241267783081035,-9.606441785016408,-6.002613456952256,-6.398031492964543,5.521320220103071,-12.021006036078303,-6.767313332822106,-5.028782743153313,10.544478640743664,-6.482292297361586,14.166758705286608,-0.9050082550802223,-0.9217190269796838,-0.6978076272295533,-7.761401742398273,-0.21532566226189848,6.112283587214538,-1.1756587080397798,-1.84649519890418,-0.7404120324659765,-2.0034893714747573,-3.9063242535784646,6.301508064754657,-2.872810210159388,-3.0502507924153317,-0.3244785985959394,1.9752204299427543,-4.431026504704073,-1.1040235282857487,-1.2833639309275862,-6.704674438556512,-3.954342533905181,-0.8308327831599464,4.912819114645481,0.5239300202124189,1.3513537966637155,-4.151119153684359,-1.8974301219302154,-2.98598004029281,-4.925484510524278,-3.746554059079675,-3.9141988289393836,0.8056728692774113,-2.5532442310495824
37,-2.4819128875560654,1.0955842354465808,-12.886883833159406,5.372274018894469,23.244752590928318,8.099057553407034,5.681152785259635,6.817541470246766,-2.488135225149575,-4.2539898095349695,-0.9747578954848487,0.257471703633365,3.10697245751779,11.321647454795698,-7.029192405998916,-5.0307576716814815,4.813183408899165,-6.684477122047767,1.7467820661268556,-2.272914559808939,-2.826383592964348,-8.203151846177859,-3.8897496224742185,2.4501486944660504,14.208422303980171,4.659432014872101,2.1346470547049528,8.599933152784622,-14.565784727151307,-3.176779301789943,-3.8670374131463117,-4.583831561550409,-8.303359326217475,2.68868237306331,-7.712768368847675,1.322551309918933,-1.4089090817052032,4.036658416032185,-11.579470257874405,1.436054439071623,-6.552237158255181,7.711425154544744,-3.8639680061699844,-6.519583645144046,14.447382186078512,10.395618710845133,19.372838419105005,-10.04399541759448
38,-4.054170443485442,17.544892574077927,-4.763520708927356,-7.991133013997652,5.65240620321783,-3.694347992530539,-4.093929931786393,-12.321520179700736,-9.105699029674028,1.8953886275018108,17.6227657856726,10.31773081478518,-2.483167255003199,5.504545463808754,-24.94073248361742,-1.0794604946893116,-1.1693304826807522,-1.497523160520902,-0.8607205242612819,-1.322272883838259,15.714424843137873,-4.059603015542993,5.762288117113032,-4.7840895369289855,-7.173203807877124,2.650352675584567,6.138577987337163,-12.920593214516913,13.883807824697945,-7.423436333877288,-2.7654520341467737,0.6218208589613929,12.93326822986051,8.7649930365968,-4.468234517100068,7.357009514574217,15.976229275631791,0.29772468479292347,0.475177727491942,2.8379992425309695,2.0663373125243423,2.4794350410047037,-3.6818821506855435,4.516464739739297,-0.3163130570594255,4.09962015604356,10.137718330363713,-3.8324315417643593
39,-2.2472214655888374,-11.517341370315801,-4.761282892957756,8.877366614882371,-9.895839585277622,9.134969477726909,-0.9633269605172624,7.8543905600279365,-4.620135560366811,-3.0049355205987665,-4.841751421357548,-9.089901728756551,-3.944815302863319,4.225376816836672,-8.369036683244873,2.3664164870926223,0.3067383953841978,-0.9920550093936882,-2.5210821989089474,-9.364675850292425,2.8107822427244944,1.9898062123629099,-4.023507384613247,1.3995772716375585,-4.021357911174926,-0.32777061409546615,-6.919801745743416,6.286483402225101,-1.048922778279995,-1.9315305661325464,7.513676795196785,5.0164849876340485,-0.3409265112508999,4.15559724938577,-5.316839065140919,4.49425017268859,0.946258525073411,-0.24875602818577966,3.72199946624342,-3.7489558165468426,7.6569895005323705,6.652379575299499,-1.7587276513033416,5.891525483101636,3.2242498909944883,-1.546305179143604,6.280441102767384,-1.2740354304742323
40,-2.883087279820958,3.499969801020931,-8.060530897268373,-11.325822976352779,-1.6652118281832142,-9.426425363316435,-0.3171553008212798,3.1483367685240595,7.552083240765954,-4.208849624139937,-4.71199552004864,-0.9692109886361959,4.895692990451447,2.649188708837712,-2.307354753575557,-4.945115190508444,3.758539418111163,2.128710756062493,-4.347926960855645,6.580108154132346,3.491782104264753,-2.4381436148401754,-5.736346073991538,-1.070049924600194,17.120116273470984,1.2490978248387838,1.9344595323850902,-6.684298043916707,3.3445855226375194,-7.8725910048819605,4.800185355135168,-1.6194839600465334,-4.204590932164736,-2.1069893561169764,-20.301524625378207,-2.0460304240595213,1.255454803908807,-7.602308614933825,5.951845809553268,5.665767674721211,-9.536644199273184,1.7564067426674899,-9.580041809243411,-9.015262785463262,9.94731995937417,-1.0954755279305721,0.8236074852928705,-7.109656666764081
41,-2.404835474805847,-7.584250678316299,-7.854563870534843,4.9400535277996,-8.891490168600322,1.0687040654604463,-1.11485309943345,1.8442776713263331,0.07395840413438981,-1.8431595316173368,-2.296148510774329,-5.143024110127613,-5.729071837677209,4.852975400587418,-0.6181740148306643,1.9057280512005694,-3.861297586830606,-2.9417674128777613,-9.390040245451193,-2.684574667935682,-0.013338693923566205,-1.4838170707409697,-7.477271554717904,3.530901749893217,-13.66774243391298,-4.726425192974847,-1.8223675608428989,1.630384179919954,5.831926667251176,-3.4407091157347507,3.2553776601059914,0.18114996600059274,-0.3179335333421608,-7.697038544408939,3.3120515704037263,0.913039809206253,0.8577255591985428,0.6395715924845884,3.4263193687800846,2.772940213702447,-7.759343202553659,0.7728048035196611,3.118311548792056,3.494337373717918,-0.9308386790369372,2.085977750624004,-6.965517826159464,-1.0863568722068522
42,-3.1970159015385504,20.20962929036849,-4.520551154491991,-5.239788890200755,11.433347868943498,-0.46596338930102243,-4.793162858787933,-14.863282211861488,-8.301372166237844,-0.8185548637769007,25.088983593413925,7.410926964803273,-9.072484638537082,-1.6215713330342294,-16.49116233946222,-6.3912418424851545,1.0886493608533574,-12.297087157051694,2.1416101673316197,1.8257787908086656,17.498718231849992,-6.571329269163639,8.561699584104657,-13.311787223016324,-6.8550933349383225,-2.6694215013885283,3.456118818901526,1.5464739841667026,14.34820434208759,-5.383750081463479,-2.6241241360855616,-9.09731254844479,3.9201267416807175,-2.980731138973021,-1.220270341940017,3.731282176468093,-13.636321738072866,-2.9222574747749794,-10.946727996010065,2.621094649348387,-3.2659476486564465,14.89569597568479,11.41550646936431,6.821955396864703,3.181026852372766,1.9299403816890033,-4.219858763504786,24.607938966746474
43,-3.741785209892465,4.0889119682733375,-9.119687872338508,-2.075838833012305,4.286999726100998,-3.0760212974518026,-2.893836816027676,-21.861369713095588,1.93174099441316,-5.775538406413386,9.021615570690395,4.4140643126854355,-0.8641018258431359,4.041696740758183,-1.0984408586572811,-1.3366778539813107,6.977435585243556,-3.3837607328880783,6.212509743226372,2.1393795127219417,-0.6315411743407652,-3.1180276390100508,-9.132636052104958,3.11641428515314,3.7122298093952484,-4.580959415035352,3.4470654541027734,-1.3967028619776278,9.639223661414007,-4.72261269746692,-3.173148128113572,3.041448195743074,-4.164310779617216,0.5293357872821749,-2.92045036136447,-8.25101593307194,2.3233075154024707,-2.407803400666998,-0.8247498456009457,-6.381004684947918,-5.3648184284033755,-0.5829722692911288,-1.3916685534730018,-5.676587144795069,4.332232256470864,-6.646337882018975,-5.7555371365243415,6.763554612713809
44,4.126525074202096,-45.565648700971806,59.81051087955512,-3.585724954223131,18.00581686741019,6.163697856633697,-53.114293998064014,-38.206011885438414,-32.74735603869768,35.05772199719791,-26.343218636329258,33.93538076110171,-1.2202718804475945,28.965827603924133,10.020909716836607,-30.854126424042963,-6.469667610708277,-9.188953236007624,-25.355921203490414,0.1468974674443833,-13.527602924071193,3.16879005285979,2.9654090851374133,-4.8074032141174365,1.8517578661461436,-6.157046514180965,1.7372970297844343,1.6848851154478712,-4.463902016246542,-3.5268748806863384,-1.9410191404770876,2.4809559227054643,-4.293104429976503,4.36248828142176,-3.2458249590572703,-2.0926869165417665,-2.3220514181453855,-1.6304282010011983,1.4197877296969,2.2726452658155107,1.0860441191926207,2.0344183266076143,-1.2901123771555443,2.3527876053131718,-0.688407888652203,0.4551331379470049,-1.4680226177847167,-0.9432410296484227
45,-2.7201975357346933,8.90840953700981,-12.538141323100085,-2.189049085065748,9.152466599039254,-4.4835526494129345,-8.182580922424197,-7.823915759988456,7.094792308336376,-6.074579365376541,14.583620887642985,6.113752424922982,-4.968917616110291,-0.4033366804333858,-15.61606452912215,8.47357329370802,-16.03167771797051,-5.915593868278256,-20.2306271573926,5.134270479337144,16.056672686183436,-7.802076535304936,6.262154162521285,-26.166051056163365,-10.660279886437388,6.341491325129498,3.2741604008983622,6.0270996582691065,12.018092811507405,-4.778495295132584,-1.5156842303220575,28.768954084491465,0.6419582798313239,-0.2967794344776194,13.444109004053015,3.033440614210047,-17.443321736566975,-19.182091905481396,-0.11259010844449252,-5.4433897666546045,-9.55073583446936,-11.150289944009023,-8.998794727521199,-14.402213527486305,-2.525416988114385,-3.247257866553745,-4.658320016606109,-23.23243817992356
46,-2.465153361305729,15.821966580770042,-4.762433711374277,-17.12203042584378,-2.347364487265645,-10.932385912576109,9.688668982062087,12.069832448268619,-5.8942379602019574,16.931740141797125,-8.764767019712403,7.504519380196012,-11.896809315410481,4.747807017527264,9.141716723494097,-11.230938162002058,22.678019850963956,-1.4811486700546488,0.11173306376383024,-9.778845101423256,-2.3005260488097243,5.030295999054089,0.34332260292312977,1.4457139890044644,-13.498802034643171,3.440767199315767,-11.540829608740639,-9.276424306071942,5.770035861797905,4.109217105655052,-8.396535636209148,-6.953417430529601,2.858444696044975,-3.114300866568281,14.79563067893792,-16.688656792155832,19.40540537277854,1.6181452824909837,-7.490617074382406,-8.038353752961516,-11.865177215610906,-7.8185596931679004,10.471636280402347,-19.18394626162985,-4.028047124247253,-1.8197412837400637,-6.055505285723233,2.909351359660323
47,-2.965842064769863,9.09997124393758,-0.41096604982161533,-19.13434653828388,-8.28815381083961,-12.264711797624882,-5.220064919413125,-6.918994796946895,6.166999599540157,-10.583292071963466,7.057514634638411,-1.7106365960647159,1.4909325935304591,-4.326085146865973,1.881026573453295,-12.143669653503784,-2.574933129527269,-3.6242938927383688,3.6092512337670835,11.277344985881813,-3.63952506218447,2.309209377597826,-5.859808381707567,-15.091745586973873,4.79520596494517,-2.5008252440695933,1.8783897878628033,1.084253684936147,4.195220672888132,-3.6561171148351996,4.52480823293634,-17.389502839828182,6.9728844150440015,10.921105526137989,-17.241334182935702,5.281721543694135,0.2657004080744332,-1.323391685359388,-3.756122234292402,-0.6607655059829661,-8.354626068563416,10.603886507363187,1.5207305986220425,9.573635515568299,1.2509264320031717,-10.557198483591506,-3.204716829060378,15.648491407119536
48,-3.593050311090528,5.641430408491312,1.2896728003369833,-19.026546117022008,-17.982824039925067,-15.805799759090537,-0.7667811984674082,7.824407524589065,7.997146812243244,2.3696377384190543,0.739590091737848,-2.0125995254578686,13.110950416290239,4.641260498051796,-7.863149616836225,-13.18727378677137,-2.585254437673635,-4.278845139037962,-2.866599384033506,4.3752515088843955,3.961439248608373,-13.137442447258326,12.75407016888811,-0.030121927453964033,-7.370337836381472,2.1404333048592985,-0.20587272433395348,1.2043975780775986,0.9034878995004498,0.962096388213681,2.1194720318032254,2.7085232824257366,-5.76886759243563,6.067474073962879,-2.9558067535008035,-2.793300212285409,1.1920575124418002,7.944600713802885,-4.530773163313868,-2.031618286019002,-6.033442089689615,13.22274669118169,5.801606020079502,7.40038270431705,-17.673500279230005,11.353977494367316,4.32773474748752,-1.028278136591747
49,-3.225915546909947,15.03272980388907,-3.797147815826831,-17.159591271695216,-2.1985406055402925,-4.937125573669767,2.6000006665549353,0.8906817688719775,-3.8266284932463552,5.557833553790789,2.326231540819262,0.0812337958763309,-11.92084306610984,3.549006974727709,0.5732467969936837,-6.330325380219455,10.312645779279142,-8.38917079012944,3.0826348291968646,-7.507137660870856,2.149268260377002,-9.065758163717533,2.1627025428447544,2.2795602673248965,-7.179858042948081,-5.416871129194813,-2.4993858625960015,-9.64954718609484,8.324491939489619,4.326385718330414,-3.8327057110989724,-4.9370862568479374,3.1725410218113756,5.687220118006083,-3.6969895413269827,-0.8849968009639096,-1.151607904623535,-4.112758681668698,-5.4314244153331,-2.463538459733933,-6.9879254623909715,5.387479518470642,4.712639367984387,3.6690798833006313,4.053360718186444,-0.22449087908225757,8.259063371161535,-7.07811252167911
50,-2.2452599097822046,-15.157950593010126,-3.5918309374399895,4.1056964640881155,-13.655788551238636,-6.618954809508402,8.513969728879506,-0.8393395932636256,8.328230002997158,7.80280244583275,-7.4630601106454755,-3.404765831535436,-2.349898494144427,-7.724676527484501,6.855736193218095,-1.2120435869219417,-7.161612037749178,-10.371799310103002,-6.346309694255783,-10.20448868494518,0.9279347226646477,5.300524302528194,-0.9212706336249309,-3.070134339323191,7.973389234778917,-2.888790830411114,-1.5496897663334634,-5.5833590239044035,7.485309939100008,0.672357542949886,1.4952379351076237,-8.120735183679251,9.687006073291034,4.8663786759066285,-5.115921809839287,8.006580677333403,-7.792929358470978,0.701914542931632,-1.1635039673749858,2.051225564223461,3.0899829388402686,-19.51630477994746,5.6419366749673046,-6.367910083929178,10.965871130075127,-3.7457444748681414,-11.19564513970542,-9.412108319964634
51,-3.586816202676022,-8.016060903313065,-6.428282414349428,1.319367355377477,-10.288499727700835,-3.4691218935209087,3.491153677303122,5.661795396397649,-1.9854099889837395,-5.428477776870106,6.961791645570361,-0.2956399497355258,-6.740983243484355,-0.448264004304415,2.400188823362907,-3.5297524303350953,-1.14870231621495,1.086211766921694,-12.216488566465177,2.8029660099050595,-0.31782049980508703,2.582052481060268,-4.524863231698822,9.80253845003288,-14.854221344640818,0.14287503683849936,-1.882802178871748,2.312148100226806,-0.15175597654765088,0.30016873366437274,2.711752249823429,3.122589657323294,-4.842564559717919,-3.316465549084339,-1.3260182765096171,-3.7875365895678756,0.8280276034856585,2.252010276719262,8.78244688058448,4.1622206736858995,-2.114551216564816,5.684838218400206,1.6935620207326807,2.520163617628054,-4.963975538159282,-1.122542880838014,-4.09637843761408,6.399437070578479
52,1.0450797030578418,-32.82619270660833,30.51802524338669,-5.190854869505184,-3.276663615882778,2.989239294106602,-8.388859979453299,9.968255970593477,0.35007762780217067,-6.308458094860664,-25.658923106566466,2.3514497473212304,-8.875645937622167,-19.5996301614361,24.309462649519276,-19.6741744576563,-21.269410431131664,-6.59579187694856,42.98352474323735,-8.13267427068361,40.88037361961277,-28.824310003514476,-13.254909052267429,-5.651872764784172,0.03857940533531115,40.31182065025584,-10.336744624400389,1.9299497894523767,0.9224685274041831,-10.014857580647572,-0.13121108571119325,1.0847309994434855,3.7126154363327206,-6.200801257952854,4.764148474347598,0.17462693891630252,0.9671988538588275,-1.3753296693434078,5.8948613547918205,0.6638969267301339,-4.79790139845767,0.7138218302645697,0.37498042594320474,-0.06541266071703455,-0.07426740441372259,0.32377094424539543,1.0779126292572805,1.363808731401667
53,-1.8685858949215217,5.9074450023409515,-10.060886148210416,0.5548850523241002,16.74546124475812,10.56314634611441,6.6035655626619825,14.563239761282517,1.3938012862929225,2.975136457057334,-3.9007908816362735,-1.678433278051967,-19.534429859240994,4.994514296021286,-1.3073527326920216,-3.716625278256485,6.751941308839376,-1.5251386256559,-0.1685116563505831,-5.261607583496284,-7.4072722137189935,-14.445347746705817,-4.622093350877669,2.554327252445926,5.088543376508351,-8.927353717907067,-3.5612095347564527,8.24358059334512,-0.25904452135311457,-7.438995738088217,-10.566440366165367,-0.4334032039355005,-15.832929300755278,5.734990173802957,9.479794715106653,6.601539204867365,-18.0142140770525,6.7344844873108896,-7.369037385548801,16.224255755403654,-23.797185006856946,-1.2604503596962502,3.7486044105306933,10.201974193173875,-9.219725648492924,2.6620922601696124,-12.43779229782457,-4.060464021074843
54,-2.440889794898994,-11.468391785548345,-4.052316299986644,5.685248782261757,-9.318757536374472,6.543399677927355,-2.4045252904162324,-8.71253042851183,-5.110890272648193,-8.28189628546816,2.4141636833821787,-4.560692955990246,-8.52432342082064,-2.7332730819327558,2.1763453480300083,1.5217846645817836,-3.631949668719767,2.301150958389037,-6.040751478457481,-0.17532593292503668,1.3902635050839982,-1.0354198219469761,-8.978998957864084,5.740677175349829,-14.088698419785796,-4.745688901213943,3.6182707310427253,-0.8926557915304781,8.005447048608524,-0.8741508849682492,3.2583811436517545,-3.2837361638896496,0.882599940449003,0.028996567636564302,-2.4342502437771323,0.5972495057571152,3.992255454414984,4.961971811006466,5.605410753338674,0.966175469083558,-6.3829720009533,-0.9186272212634871,1.8090549240721054,-1.7469428846127706,-7.473349447354311,-4.28265796950833,-5.60702236320008,-0.09544956334514247
55,-1.7225730184632002,0.39075234798343994,-8.291423662235198,-7.599147007497051,-13.324262279022172,-11.2215360103405,-0.533911358834791,7.013314077392392,7.4368094825699735,-4.250997916409701,-7.461191480961882,-4.6904628510389035,1.8111814097450234,-1.1674135352860635,11.48075998118484,0.7287464387976613,-4.490882646114146,-2.213583057949356,-10.152179840672684,-1.5073908638854105,-3.6717607001238037,4.157683573944215,-5.759159693877972,-8.698235068709469,-9.549189178831597,-5.1006218105884065,-2.245662661034496,3.3212400166209415,2.801062958875801,2.1810256728498674,1.6607536938093068,-8.79331384136491,-8.712210792418613,4.589018234624099,-3.0605746695995593,1.48726001442085,-3.9554504763787004,2.4364742838448237,-0.7491140356932319,5.600409246685258,-0.7369935532811795,-1.103779573610449,0.492028390587809,1.9238663365934703,-1.0886101148575558,-0.18543748018858422,-3.725397571953318,-1.044392887925332
56,1.350901920431189,13.484542307814749,45.657249235937854,-39.05215543838363,32.35731147422878,23.47480453509951,-60.4781923520003,14.31655593518979,67.70888464166356,9.906367279735324,11.493339297748841,-27.508888068367533,-28.92628303858156,-5.627617661971895,-14.358662538077695,21.812235415566136,2.9273921216649215,-16.371904549667978,2.6667228314667075,-3.3913316067358963,-1.2099489384332203,14.72668219785452,-3.9484417929229205,13.693975018566684,-3.9265660791564754,2.5439554301526215,0.5494976023311721,1.1688005360120686,-5.384196828039073,2.222110194846724,-0.077159683532321,-4.436514102034841,1.337970375625114,-1.2173590107856254,-3.635300199150087,-2.572603739163229,4.425108866105227,3.083981193221409,1.6173739597260626,-0.8469703470629735,1.2580333130657548,-3.8681044820283,-2.54119265394655,-0.9193752954502963,-1.0302614375170722,-0.25000289140205045,0.8796374662810952,0.19726399431912117
57,-2.4632590088455193,12.472179512700546,-9.885544979003212,-8.458120677921915,2.1882559118570812,-6.904399947604215,-12.027651950803198,-34.684397779361944,5.254949888515188,-14.689755668462304,5.010848752017742,-3.9321586325842244,12.505572288144833,3.7622486339759122,13.338772938963999,-2.9093849265537997,19.249118352715747,-3.9535790423184536,22.126165724214463,-2.2293893303927077,-0.2095314781429456,-6.801893763676297,-10.565330375437878,10.19837555121357,-4.119473642445402,-14.705781020609708,4.007483728586124,5.254127878948305,12.214039393682597,-6.3161228250233075,-19.184905967854075,15.861839034244857,-9.56512398987079,0.8674900311455079,7.306043604506532,-13.740337587696876,-9.69275840089503,11.974432735350305,-10.07988541066906,-7.037934297269512,12.453049328809577,-4.186690681618152,5.013954158653842,5.973174090141127,14.772637908925617,-7.0242514109834016,13.624047233567026,1.056610523688555
58,-2.701652306966423,-21.761492195630364,-1.644566939841845,7.704284866924692,-18.782527047729435,-11.26058305569177,13.658145868782364,9.354497628546158,5.797832253705409,20.663548073330382,1.04053694767972,-2.6078102775815277,7.795833598819071,-23.19349008357863,20.184829646264824,-0.7541742492559544,-1.785897966146453,-25.93361620000755,-22.16238485651726,19.29642662084799,20.622923626007005,30.648544973271555,11.917058305721932,30.077407642523738,22.293940538935928,6.1478537537869045,17.891984344487568,4.031915846970537,2.503394489826469,-13.465189429739283,-14.878841326028864,10.507386618769898,14.077928100919966,14.504522434755803,16.06532266507793,1.8172256216323304,-0.5997511318899503,-1.2470595732733374,-14.23881367479138,0.006318161753063267,-7.350491502974316,2.1083042520245647,-5.4064007353479155,-1.5047355204683128,-6.965063620642,-4.361285223638124,11.839318968297185,6.516352331242408
59,-0.23249958080933555,-25.46517537048855,25.80600387690849,-6.988708785421439,-26.042645818003475,17.542400899460585,-2.3845538302346685,33.41026142190293,-3.757144161944905,-26.794875452101294,56.61204371403909,12.089767941157492,-9.79487671567857,61.24650114062209,41.154061345700114,8.025414626780991,-13.168327008511852,17.51319415983549,11.527132352223104,-6.168269193155854,10.493072855410478,15.756995685244375,9.683295102621324,-3.9199309664482334,9.594900131832558,-7.23545351219875,1.875204614982077,-6.6007468036901065,2.4598580184036165,0.6659742144604546,-2.0402299763321645,2.3946520785355867,0.39219536561186097,-0.12428977527129792,0.8134368288814469,1.2922395476859259,1.002909571893278,-1.0295515205616754,-2.6117339326301905,2.1754431521085458,-1.983554098773696,-3.5217733995105664,1.5394955837218114,-0.7386743782042018,2.5025197782875335,1.709261790867088,2.1354246128834435,-0.8400251392038853
60,-2.253215011011373,-17.8271632129099,0.4771952786161484,15.93738790064467,-8.500853079870465,9.011117192233229,2.394031431452761,-9.347837170577368,2.2800504481442805,12.03030531155992,9.142128209296109,-13.908979580906891,-2.0298698178500953,-7.8225355490732325,7.05181508928999,4.756489248608396,15.356955806170697,-4.97553388191312,4.204862094672523,-1.0072901162194068,7.666798913178055,-11.523257783083002,11.12902528644872,11.788739849660095,0.6388571013259348,-3.2364357665123795,3.7557388529727693,-6.094713206857205,-0.26227692342890535,5.3266535693191255,0.2638590717413847,8.01246010821367,-11.285202776318323,-6.900571389094473,-1.6738581110178168,-17.410505369927158,-1.035500010316226,-16.52003899998381,3.1921550406667176,8.580802683813726,13.667987858429498,23.677490115727835,-5.708041543791027,3.0055410748377818,2.6970316530292395,3.643989906209803,0.4192599072619828,-7.242849895109103
61,-2.2759037201437557,-11.85394901258335,-3.2245059061403154,9.446555710065638,1.5948799004043992,9.970061570357396,0.2961852899267226,3.480952795707595,-1.594781591767546,-4.052061508051651,6.399220498035804,-3.8093553779612623,-10.210242083402514,-10.583700165786517,4.830746275249818,-6.704651499120371,-1.7601342424234796,-3.887191842764335,0.045168309202189005,-2.8875414389019727,-0.4638041605757325,-1.5262742849238466,2.830241991735809,5.00672602389348,3.5966476638967757,2.7774395509138126,4.7587890139314695,4.856336601859254,5.54551287134273,14.583250100262628,3.5253578174943385,-2.6905728041569525,-4.168476645350508,7.877188799802277,1.8277943655212456,-4.670039786691323,1.3519582926675406,-1.0161900908498878,3.7191121341827853,1.8954908953976086,5.456876691649788,9.655054989270383,-2.3171464319608646,1.7498209470937225,-0.27102639299615816,1.0348876036474202,-5.492627437699302,-0.5664544018409312
62,-1.7579940138265386,2.6330221179337414,-7.589295295858456,-4.173330816863606,1.2972110466960112,-11.623784330463748,10.274958964641572,13.544743725953477,11.553921652013676,14.581019290525115,-10.873303270366895,13.503579879552197,-8.127399975482382,0.2763902296035125,1.4201465505101258,4.272456294044802,-7.0930090368483185,-0.3127653703739309,-1.2557378918624484,6.655712977604584,-5.284399201286077,15.025027681766897,-6.949526001113291,-15.229621794994785,-7.211661591759944,0.6210899130598433,-12.260250023566032,12.864625139267535,0.06034121127754791,9.614947656310138,-2.4952070870117615,7.160104119069416,-8.44752838289237,5.1178953863989545,22.37040760960039,-6.515558903709019,-15.31943293415833,0.5329053695692957,24.679600589446064,9.682573394910603,3.364913852370896,-5.490840627427884,8.025439889424684,-5.937118966092076,22.557710629298192,11.902061626746052,20.67406913568801,14.830549770692683
63,-3.9185041773605405,7.062942740636208,-10.756798075446136,-7.190492634784638,17.909121459157628,-4.06932629974928,14.072038738736175,2.783087363576492,-3.0516597571053588,-5.442511894548155,23.484791367543107,18.012502476446613,-28.595356810906672,-8.928554601706505,12.134810424069638,-18.82859924340148,18.008984985088052,0.9726641709228419,-8.27000366131139,13.099837512974547,-23.486034392812112,10.4750631065659,-16.82494063777015,8.614939705366249,-0.3323076431791745,27.427857525775625,-11.958475604318695,3.130410970112666,-12.566188842427001,-5.241575437933476,-9.926132998358522,29.057710735333323,10.781504550359154,-16.98338773143419,-17.338893194215476,11.262070755327223,-0.2948911470493382,2.371525008866622,4.039190107006058,-14.952608106761712,7.227260606761664,8.832859944975317,13.041160607320153,2.629376096461481,-10.525238846972968,-1.230088131961749,-5.916344753113664,-5.988573766504924
64,-0.5203479039461877,-0.21469267624905375,-7.282718894247162,15.622771217551925,22.437902028116206,8.313099183738263,1.4064672965570884,-0.5940218765223193,16.64948975590511,3.1905177024971216,4.121730390581242,8.212425817672312,2.1783415258436043,-7.943662285623489,12.002703687545019,3.962505761133585,-11.540099035144276,7.7605707081568855,1.6951232647446082,16.279732462158492,-8.195354025818807,1.6687592763653427,20.32682564691303,-21.12460025118218,-0.8070247583218579,6.697244815713521,1.208212273068534,6.48711950077943,0.5085407983023985,3.146993507629884,-1.25641216767854,-4.803621348033526,-5.519038577890789,4.6472625498471185,5.015153152662398,-3.4136497349705355,-0.06001575415741378,9.877856523279053,2.340005999839015,-6.056848179303113,3.2229346364634526,8.270458624175015,-0.5640659709586325,-5.561635199635386,-14.415721426999982,5.4377572287244105,5.606398840196602,4.804904708480847
65,-2.7145512476879112,-17.223560100814467,13.624208446626136,9.340410027352195,-36.86055882004295,12.295796875654792,-12.336638691373283,-8.799640855866466,-10.459200607409938,32.91959241970676,10.01275478099733,-30.898485132152732,-5.396040833206563,3.1809470034819327,-10.392905994673056,11.309638007345175,49.162703939619604,42.76187510013586,-7.166841805275627,27.788948559579964,12.390420820404469,-10.30695188823091,-16.906850618425707,-20.498118083877454,13.176986272254556,18.192005706527947,8.843752015593543,3.414823421320173,-5.716404389895562,11.832517373993133,-5.2012634220983704,-5.873462906025889,6.002604969305865,3.080275071969763,3.0890771667363626,-1.1478120528082323,-7.5422903939197665,-1.2104183231567829,-1.8532146252584043,-0.4403335436431106,-6.0372075347642244,-7.175937688507753,1.9674395308356305,1.3512856632023102,0.7888864798757299,1.5616260197373837,-0.11871505509766678,0.22965315394756017
66,-3.413927053931243,10.649722780651441,-3.4939970737364097,-14.558598068733287,-21.61846360955816,-21.724545131026446,-8.48590376600435,-12.006814982631067,13.651957356019995,-1.899523852127173,-7.430165306452817,-7.784113974763093,17.920807509855173,5.317423076041506,9.122860862930555,3.952007468132644,4.727545995550338,-4.768098731715409,13.537630084390779,5.760485969608288,-8.160388513525112,11.62035371438667,-10.63747418334983,-7.827181033149919,-0.932433714981727,-0.6470945305636417,13.349021818553753,6.269737377308297,9.773096264019154,-6.546994063544451,-8.779760705266332,10.853160378098647,-19.284658171244626,6.801155890474558,8.309822669212062,17.98068601520813,20.683872717448928,-0.5893276110402024,14.585618568644866,2.7048510195825535,-0.6822374548337337,13.45710274393889,11.859712538057424,5.143314107420783,8.101569136424853,13.404978026814383,-19.652154123149014,-9.151514651503001
67,1.120896189975663,6.206493483375372,-7.184430320145242,5.644851911051926,-1.2022798806878163,2.973985206431363,-19.401960806617435,-21.247739514256587,-1.524455834812692,-25.572353243722343,-3.92788535517302,-18.514083953471136,1.9413345366131445,-12.199560757076732,38.70106263422411,3.092020520158701,0.3855780280323897,5.351289593641526,-12.750278880327595,7.4672540284824525,-12.216060062678034,-5.830165151795624,-6.381019003941422,-2.6406322841821046,-17.79360738001051,-1.2344561448878915,5.546465532326291,2.571461850175608,5.2589156789421265,-1.5158327776164138,10.372002171592282,-2.666432477059384,12.230497602085403,-12.797014506282897,7.179982340015934,7.325091130204931,-3.6716092260054802,2.6001375804794007,-1.069305379467164,13.946844564643417,0.24925850419404422,-1.7197849855120668,1.2944222848471687,10.263479924415774,0.37754021125275217,-25.288063109587146,18.335544469935943,0.8062060645262877
68,-4.242214768317776,9.149738129442111,-8.109751603597154,-11.249312066404004,-3.7920081258959897,-14.954885002516036,-5.488936594134224,-3.1028716078789134,4.899288040096538,0.010743992894128238,5.229329677897368,0.26390429529215126,1.6275038370446695,-4.45702024908637,-10.633180800991918,-3.6302901609513976,-4.95779414187709,2.3727677078666476,-3.800377739373298,3.9420131804077716,7.091897443166766,6.624687790839057,1.4437795993869715,-14.116706996466126,11.01104609070546,-0.6089801876436866,-3.208168075694913,-3.0858106925429967,3.7162289203688,-7.731851704733879,-1.5771910976471404,-4.509998196840185,-1.1501266747071666,2.0421934523785543,1.0848005798817637,7.287097441027373,3.46082500115396,-4.038405754888756,4.636108848791702,5.599820719881461,4.317010381513411,-1.932177625803984,0.017255749399340464,3.2173170706465535,-7.229373213951397,-1.2273290839098514,-3.657917481797588,-1.2255320182308775
69,-3.530010630149239,16.406616972024654,-8.806887874857672,-11.445109154808122,2.4308178870302393,-14.245733413647534,0.5401218421481271,-8.419454127770623,-1.8253081451689335,0.610789283916583,10.1339225434282,10.92122930386797,-1.617440462783915,-9.034736834942217,17.919238455635515,-14.975326013875776,17.739268548020018,-2.5436376574643846,5.818455503617127,-3.08250530976108,-5.458523417787866,16.02737107750728,6.571358052818557,4.60246217074907,-12.910508307235407,16.108208082446914,10.3601030392739,5.822468225683294,6.348969337853999,-1.3628809587386352,19.89960904065302,-6.967861580975475,6.435796917140112,-7.048585938456288,-6.896857908572124,8.166188607113488,-18.444347845386947,1.6133399311027499,-9.432943166682172,0.881012664268294,9.2051422986148,-16.925858233767432,-26.89314474929109,7.08150523978334,11.009635779316314,32.618020769889725,-8.06287768312667,2.5048185072699005
70,5.820213341334466,-45.711711677554604,67.32617010770261,-21.053191021543594,65.11933656122893,-67.63019927914925,47.05345396457993,-8.971944537219942,-17.96230636972471,-12.617918489148648,5.875397641667362,-42.72636201043022,1.853809582874938,5.019575228484633,-6.399412920991439,12.252309689090625,0.8698028540834277,10.641633238372428,-1.9153140380650464,-0.45379267881219665,1.4612212563503626,5.572089198410739,2.64063050101583,0.7908238655836208,-4.9121189604396465,-1.6438714142340298,0.9441718000442336,1.4256803774810647,3.290137537376037,1.3404122205921016,3.6186435214403536,-0.0793160897726494,-1.7749362495707233,-0.7745735872364696,2.9196503664975775,1.1723163288471385,-0.05348801135779757,0.8886932678866443,0.05718999144520248,-2.538246183314592,-1.4825078148893303,0.005190675672496009,0.12280055177153901,0.7001967314602285,0.19278477947479195,-0.2788550239496157,-0.4124647260905041,0.1355646545161125
71,-2.074985249411785,-16.439694277765085,-1.9193583374381193,13.470015775448251,1.2769233885807902,11.950165759148396,-3.418935855852251,-7.714458435092561,2.0550165701719854,3.1507088738262827,-6.460191261944081,-6.051853222089644,-21.80065775143121,-25.005284562029324,-0.13058701569684666,-12.827799217971505,-3.940692984474328,16.633335628161227,4.829518218286176,-10.689886453413935,-12.07253768707734,3.4475031492042745,15.876328973418206,3.8788637792399854,30.280407927319082,-3.568900298643592,-7.033047388191703,-13.664355082361766,38.896263285782005,23.303767914970575,12.768450441553737,11.847076666427368,-24.465755651627468,-8.526204391111007,-2.8601102070293156,19.778392467630695,5.833551746780478,8.349445076845814,-7.372884349759449,-0.4970169528365864,-6.652509786945022,-8.614132640412894,3.153557022137899,0.39896270934406114,-6.138990705454033,-0.014599059971683703,11.053030712772584,-0.035495448360243376
72,-2.502324284971894,-7.900518820114138,-5.843992724089092,21.09654804561851,13.69392846886018,8.281262909703827,11.725146559764681,-12.710460687891638,18.91489310904975,15.156608608508884,-1.0479809166290766,11.78831718699689,11.411502912696076,6.211311740881676,3.314272080811327,9.37210676357358,-6.873917607724366,-2.915986040325291,14.00048251455655,13.972769082752684,0.8983045748101336,-2.9082036326570826,11.964731137385549,5.42731441813259,0.39708197291935105,-2.830317185808644,1.7758387486305112,-2.8602210211104104,1.7215882556075683,1.0020360122944798,11.744006581013636,-8.138585434765808,5.042656509509804,-5.552737530441898,5.006203439917584,-19.54239833141548,1.6822704724529238,-20.65583344654829,-0.002620063428161179,-21.598193384120016,-1.8502250466193457,-18.26002845357854,10.750910537581644,36.82790811643361,-4.4824044008246755,0.33187580249480453,-5.253657268874333,-11.451005903888806
73,-2.656899601529688,-11.155029128489428,-6.271750029299,11.607000458676358,5.289380125867906,6.415488841504519,3.479327398839432,-16.3106962901564,-1.2944496198576954,-9.783043438082558,19.53852011960358,-1.5461750178363944,-3.2516605291676735,-5.563052376873062,1.7697573725915348,-3.9640879898893715,-2.9784559140508944,-17.235078336374066,7.85910292266283,-9.572352612901259,-16.83694644725007,-7.30059396848795,-0.49318731403074717,4.9883651170788905,11.410381309555506,6.858534573114321,11.119964014080672,8.893394264552294,-10.93997799336953,17.540470858900886,1.0552045418234535,-11.04482367449632,5.8475594978113845,13.107471965363914,13.92130175177406,-10.94975666023642,-9.330908951845892,0.37197899614718455,-1.9445985586670864,1.209094571876771,-6.371792690507892,6.141438060944119,16.376364373703655,-5.265537698471033,0.9536404004018646,8.895705944624515,-9.515090338559437,-3.836462668830328
74,-2.8115967670115456,-8.824390733967988,-8.300880363231867,9.310449229992798,-1.1158812852088114,1.0016677752937986,2.2235260123354474,-10.49264918501441,-0.6687751371545874,-3.3429594043106317,6.676378698824986,-1.7245411408289826,-2.299013570453853,-0.1322861469778655,-0.8732631054135989,3.712410007896238,-7.892735696030381,-5.670654545374884,-4.2009795481380445,-2.698131799121863,-1.4551043457832022,2.1225398988688293,-5.778808631675859,-2.7011046255932856,-7.443736822351571,-1.7395740839747293,-2.505157612800286,-1.3196178955104056,-3.1483545245092457,6.349844942630135,2.222521441094291,-0.27053517586433096,3.3250838926612136,2.338202839843724,-2.7096101984797145,-8.40135379850143,3.1704383985868114,-3.3326865602356897,-1.597177526530961,0.7199584559306142,-1.7170652141292055,4.106528480949793,-2.251271308680147,-3.3591862775214003,-6.8345905588341225,-0.2562272867459443,-0.37540285975650534,2.9156134953290134
75,-1.557648478634569,-6.412923576792896,-9.42773273970462,13.218910548547102,12.279998881211824,6.372336729852016,3.307439736291309,-15.909374583354044,6.663555846119854,-3.9924121481719657,-1.9696360776380017,-2.807277649830777,-5.002185097287316,-3.8466872402070695,5.498022624354139,5.813132519230827,-10.138501940875788,-3.9251097026589052,-0.05146709725960161,-2.8127011796415857,-9.89674165224041,-3.9708550854607685,-4.7256054360544555,-11.660538862088156,16.852451003044745,-4.481050408652369,3.484645745317687,-4.2095959704808585,7.227540902427721,8.006254444544107,-1.0031526865871927,-5.900932433217326,14.68993215345792,5.831322542364501,0.9707355591168442,-5.313117195538572,3.5449226106557425,-3.2570231751783596,3.86732252655243,-11.199170049432974,1.2981739250775577,-3.1047362183405753,6.956210704150287,-11.39978005353867,1.5620958580446715,5.383934737405461,-0.4466401560737717,3.7570407616745163
76,-1.2536780111239167,-9.467760170630202,5.451883148756776,-5.125216194422999,3.6645616721853065,-4.961262998516977,7.804997929587672,-0.8289446947053294,10.62408223965924,-6.9221512244963925,7.604650680188672,16.20405522108112,-6.467752501775147,-22.286007438329413,-4.859968595888179,-12.68773097517044,-6.112838328021147,21.838914454147286,7.346498212002781,7.43241406948661,-0.24709911449587402,-8.287303749835342,0.4189130922663309,4.1621640364443255,-9.693828602914607,-14.981950225020778,13.789222749356867,-7.718585734873979,-5.638815368209359,-3.9089674759681805,-15.307939850044493,4.319151556077969,8.972402485150681,17.225172206424663,-12.984808376377133,-16.41520203902682,-0.19221845173733576,6.38672954748655,13.448935330290361,33.23875259560735,9.719193255159745,-16.693570033594334,7.139365484624998,0.5315562018404891,-11.418195434969403,3.4944869219828902,2.805759383033953,-13.967207668539974
77,-3.5994184968931826,-15.929484161915338,-3.9706056565415033,17.396535629691673,-4.350820818438246,7.787236742987255,4.052754694360693,-6.235695091140504,-3.444034283870014,6.941853797304069,11.405106695125774,-2.411436147505948,-4.756188260231356,-6.2451189438559815,-3.8572808515215895,3.3940878530613876,4.016685713708437,-1.8519158641329103,-2.5806902005853924,-14.016191321906293,-8.11939211911952,1.6772575340668752,2.382483380196385,1.7362556985009676,0.388879833346028,4.910895676707221,-1.6135748726953103,-4.362243187034149,-1.924963696514044,-11.080618889749426,6.739344648203713,1.0133666165486994,3.857951931678226,-0.1504969195600156,-6.533997260047566,-0.8937791699861232,-0.5140156213252546,-0.7002093545577385,7.218763998060854,11.69543376535973,-0.7946903074016932,-2.9587821017218987,-1.6275533668286704,-2.154463214412942,10.30171363280611,-7.319865324957053,-9.703553912807003,4.931642406682682
78,-2.4970499669532296,-23.303065500717576,9.548229652864956,4.04935549882521,-36.61554492441075,-6.326146603757439,4.037825036714974,-11.024584042678502,14.243159958814614,24.841986628620376,20.424305774842,-15.139956226694725,24.083577517991348,2.23443953879076,-18.58257954503799,0.8193528911039216,-0.23022260755315932,-10.955805888046454,21.253525364312015,-23.535046803782027,-32.60079119528464,-12.810940129895485,18.070985319206955,-10.7657100394405,1.2598228105613647,-1.5818292360553206,-12.63306193479039,0.3461010102329131,-11.497795109384114,-19.135872874881233,8.433496828844609,22.850382397542194,19.476878733247446,-3.1562847407704595,1.5400148873014474,3.662100884375337,-1.4487687671732916,13.87691055861357,3.452057900967662,2.3874178571805564,-15.43530385924005,-4.954658371401883,-7.778712639051495,-0.20216382873955718,0.3942976718609683,-4.857407411727332,4.0686941063891355,7.045395607378373
79,-3.560695148488256,2.8730540250458816,-10.093791320979088,1.2114934311918526,13.68835476511341,1.3478022260048372,9.583372032706599,-0.17819754821737877,1.4374308469398436,3.5661987690768298,5.500855417623047,8.472012736513905,-5.560476293125267,3.9972351668055177,-3.505307923438202,-6.8944312988593195,9.392773931984562,-2.6184558811126712,8.135948249351586,-1.8883190540196348,-3.1232770837662245,-0.880255715559745,-5.504204040356871,1.2720592369511419,11.032610039046983,1.5318947667284724,-0.4847245831775907,2.827274340746601,-2.339908260053361,-3.537522923360636,-2.8006738106812223,-8.653409954346964,-4.625612721889159,6.281112451927611,-1.0506322998610782,0.11396715177499622,2.3238694096550545,-0.5350144564422498,0.2601990280848894,-0.2014791802050214,1.5753538939506595,-2.017673628335565,-2.0653183067448437,4.952779786345766,5.221803156142348,-3.6806039012196985,-3.186365981417503,-1.6031515914969785
80,-1.9165356197707004,3.6869804487152122,-12.44509909417851,5.306213292961328,15.42984663643222,0.5008963092424996,5.36829216939999,-8.65854995070755,2.0850320748228475,-2.847941174999755,3.230428711035421,2.1108188377933765,-11.64080720569348,-5.011784140694836,9.58034849830743,8.006660090468008,-11.677274534710604,-8.787287406659374,-2.712766720044793,6.864449154060732,-3.289230077526705,-5.124832713856596,-11.718560554874218,-16.940057950444775,6.515960817418907,-9.972274719103833,-9.402411804071688,3.1172522612306155,-12.349297409416579,7.265307379539299,0.35333156991888254,3.8886962999381165,9.437861465895839,2.5435898231478715,-2.7955255591693744,7.958364108378586,4.095112668417814,-14.31863547315573,-10.345484327123682,-2.1700812860709493,-3.730950443061045,0.7229384496512397,0.7425921519738722,6.294772070818719,2.3939444605261393,2.2303477499546975,8.651417799924241,2.7104354480768227
81,-2.9419654929930372,-3.8870906833826298,-8.059006420505183,-4.470756370654003,-12.324306475105676,-10.241143682624546,6.3502478125230555,4.325207496923755,5.4673543479048226,10.653582559230815,0.9892972552771695,1.1470802605932875,-3.69031467245144,4.690100136043757,-3.63719022338285,2.762533418662229,-1.0482327702204688,-10.971865990261207,-11.455543715422762,4.505491811132671,8.368697412642067,7.316504771815458,0.08750004617049545,-6.080642196556633,-2.604742724538897,1.9919598108996859,-11.73833457359746,-6.010004180920634,0.0652757815878634,0.9433296034611833,-0.20988365601718179,0.23827008106596448,-17.767027593339126,-17.639117591938177,-6.460247482808507,-9.85213428373181,-5.417243503732719,-14.64319841160991,6.111226831563851,3.5427153635234205,4.9542683389927396,-2.508747621218636,6.26242490904546,-3.6843446675207883,1.3238370199513247,-10.291089298644307,-1.7542985294052573,18.793866266285978
82,-0.14628558569432887,-7.946478322057306,-1.707632710413981,24.98908767762249,21.054629644284717,15.823185853732877,16.16350602903165,-2.423282447002498,15.887985051044733,27.653654359631386,-8.808906009189059,11.073148772689775,1.332088836032451,2.4365079110447603,17.274817553763828,19.66375959135489,-4.515654700449664,7.589579533920836,9.573056067079186,28.454179239206976,5.301070637909774,-15.6823485192608,27.05688684246868,6.98688006171766,-24.904853302258157,-9.340049731203306,9.324115913241792,-10.180313692913874,-2.5614006668070575,-3.7234723770583082,-17.907668472417768,-10.147762677416493,-0.7760707066601957,-7.341061473195882,-16.358905665693793,26.254822482997646,-2.599702128905449,12.389702818605627,6.607328547969965,-8.884245986196632,-8.793282747087613,4.933867837949288,-1.3195551975518196,-13.515966070841008,12.999448337682772,-0.5819457355986088,-2.864879256224112,1.0154705095654288
83,0.32616442625192266,3.0976126582182104,-9.354446695007612,1.3374206305165453,14.161332066103915,1.2234530330607039,14.122703888762446,6.119529616890745,1.8175522664219794,4.798590168546118,-3.2075313980411653,7.6284831806068505,-10.54990771263297,6.485533120864268,6.9077469693878415,-2.2641769299082606,5.4404284419631805,-0.8348114912212332,1.006146316338564,6.291316460680861,-3.6048144750064908,-9.886234099895667,-9.657228777099105,1.5655446415086594,0.7752775307828867,-9.688813062006604,-9.064167216731148,-1.37852561870291,-9.176366808389696,1.1286133485970755,-1.2884437930932489,1.8555989577518772,-2.678613949724938,-7.636672778993085,-0.4468142338019006,-0.7778474582434406,-3.750290621733038,3.5307779030717987,-7.295392491395416,5.485352571294181,-2.603966734048325,-4.724856722448494,1.9870545316481252,-2.059160767449347,-5.348720618922563,-4.7072820533604105,7.564479960115058,-6.704439119309908
84,-1.1452251668481874,0.5437218557717478,8.28356743822594,-20.430550440613167,-12.575284520750369,-9.265392419164302,10.1198042258348,5.256524915698597,9.01939374031937,8.647538486394591,-0.12143618616405256,12.948459575767197,-16.769071097963078,8.730341391642513,-7.487837681025025,-10.103940199713659,-3.588778405846769,-6.09591410759372,7.854278533754245,36.052363951894634,4.78645325857605,-25.35179998060047,-17.62653872479353,11.480477351122742,10.60160085514277,-33.66059651769372,0.8037631949299208,8.206380487256922,-2.146976012012015,-1.9646846248708383,34.372074643578955,3.2838124771520385,7.783440266558494,-13.434894626646802,20.223983806188908,4.884957348447928,10.21350457181283,4.821941163042873,-10.201977298010439,3.4233996645290667,12.379300386723491,2.11563741517739,-8.809875514937621,-14.450013798958222,0.629496811720006,1.292676576562211,-8.746383425765611,-0.17578740246155586
85,-3.0834424614476044,-10.38490325264657,-7.439507454755896,16.083437008822823,3.414400780361392,8.041073507356396,5.556599446780503,-2.499120511406868,-0.8888638493161654,0.6298811211537426,9.858953811205968,-3.03798545073471,-6.08340118240268,-1.248348003023411,2.9096237595037113,8.009613063943336,-2.1102566611889246,-8.523755477990925,-3.177937962204468,-3.9476743128248377,-2.5539933232572025,-0.258111074161937,-0.5339248234866268,-4.364207323738811,-4.0992319114686175,-0.8308112617065407,-3.4738651461208634,1.6705206299018225,2.395340321423472,1.8403775953760737,-2.2581384231506347,-3.004981796255965,-3.359629244123278,1.5883862352860312,-0.28288516664996566,-1.6076868156069841,0.6657800164353487,-4.171509144931925,-0.5486389907582929,3.225640740603496,1.9344571615945878,4.3933143790292535,-4.512887655186429,-4.769035750125212,-3.2840151631683803,3.0376168214426875,-1.935681453067009,6.1580416118621635
86,-2.1429588926461935,-17.52924322918,1.8456397756914893,8.779535159426485,-25.23940101787396,-0.4067676365200006,1.68115692032368,-5.341744190571176,4.4146107706694435,12.895031069588667,-8.092541841790167,-16.852365158119763,2.0929172803058385,4.206399280607543,5.114714884584143,8.023135939669965,3.1851464562302856,-2.1059897302627775,7.41780085274556,-11.494310217667213,3.9750434206488006,0.12519930198338491,-8.9745924416335,-5.47456008675948,-14.777246841161595,-12.613351689419146,-17.927551723529373,-6.5295651218618325,7.3538736306113766,-1.163368855192675,-9.0358022834176,2.048512113037027,-4.2266287135751925,8.067215402035657,-11.694842351463127,1.0992696798984631,-14.450360223489488,1.232604236015583,-13.822819467473177,-12.962778475924484,28.414961665508905,4.033164128772137,-1.4899416046238825,-9.91149379097817,-17.537762339217142,12.55587823428107,3.7289342263673935,-6.113518667908151
87,-3.1327689337539812,-12.733420309501627,-3.098790409420226,0.2659024002878699,-16.990301443141064,-13.719326363323143,9.4033374656995,3.776416086538049,6.3886176896048825,15.376731623452473,-0.434325091766696,-2.188730090666258,4.4116360257260006,-6.8836795220650036,6.169898277209148,-4.599403072862708,5.266828675083283,-8.320763796588087,-4.133006116391325,0.24454352513364977,3.562842670693921,6.341037170175107,1.9926350141246685,4.171245712799543,-1.2217093516338107,-1.97435564213398,-1.9643731782390184,-5.273681671180247,-4.772573937737054,-5.190418330695378,0.708088740036671,-1.6913302677143565,-10.246538066438706,-3.420979793759342,-9.667274354264539,-5.23145402248789,6.283988143904554,-5.429916245343587,-3.340129823051742,8.673014684866471,1.685500550920497,3.2197512876586627,-1.0921861250790772,-1.8144176263839356,1.4274226065053668,-2.447154502048532,-3.468329400994426,-0.07553634025764797
88,-2.2167706856412543,-15.212118540651252,-0.30616304252700943,0.17535804668199348,-16.29272491533806,-6.938050286469169,7.253939252330032,10.127317851952087,6.565086672433035,-2.8621595228520222,-1.9613516640116173,-1.1660869114647499,2.111560785456458,-8.678720077321413,0.05326367512522949,-6.296564431087952,-7.82334972058438,-4.208875562579156,4.313130358990912,-1.4461257615213896,-6.118305787817912,3.133625638412766,-0.6863822363382299,-2.6873878023104347,2.517751099944243,-5.974245073920811,-3.1232754695118135,3.5835216030821204,-5.102248648215827,-0.03478638363245161,4.719756939643714,-4.217712473681074,-2.637961383797951,6.385700233460341,-1.7173142428313686,-0.5947015177240463,0.45654177657683487,0.5615777522785178,1.351017600814774,-1.4157425875276397,0.7052090480867942,5.444899846880295,-2.695111097700316,4.683388676984706,-5.869170922450221,4.766115286501088,0.4452593720863277,-1.6493803504793112
89,-2.1984480288831154,-7.205738590129352,-6.263909751063621,14.636496870072364,13.140809543808695,2.800669691998856,12.59925784840118,6.0365734243591636,4.64770191292284,14.172496073620772,3.144071493247369,6.195496034139188,-2.3971705330881994,-3.0973722964891133,2.086222089420432,0.8383170836010574,0.15342718525378152,2.67804049134338,6.354747739041548,-3.5878942815624177,-7.640365100999511,5.108346140004709,6.414963809547626,-1.932204088060366,4.5067734993967274,3.8348334632858623,-7.527426957351952,0.7519849050091562,-10.171572256129581,0.9120890611363149,0.5342822144196024,-1.5291038581469731,-6.124486433672546,-1.023615783144299,-2.2048520571294254,-10.122385781663413,5.872056900859054,-3.561429172268513,1.9196974959359212,9.821196136001518,2.99470867198155,-1.9379350156753865,-5.633225061406809,-1.583074921313713,0.8740248495202374,-4.823716227877613,-3.1201073812325175,5.578656245404969
90,-2.346016407412497,27.503886696266175,3.146749924470658,-10.060678627960037,-0.07717994183506871,-5.568322350760802,-3.4668431284730072,11.83566743134112,-16.302965146980483,14.435415256539954,-6.684024597098801,-2.030464179339282,-15.699627244520554,-8.91907483688548,13.999853700005847,2.155511896175066,11.814416159851504,4.6414352017499025,0.21021194587525127,-20.05859643577264,-7.277969655312639,2.18076304544992,10.220335935275127,-11.002265795892765,-9.62354830559771,-5.483441790435297,-12.97592133721923,3.4098091919968017,6.50795244879183,-3.7723928715832717,-9.120383046921656,-14.825309642155503,20.252302404873177,6.843290902649182,11.885244612836333,5.825997513637346,22.29944346665817,-13.129951435085559,-10.593738676250764,5.373603597862938,0.1508486276373971,8.11030276557528,-1.7819442216511965,-1.6693932372370002,6.533464738261358,1.7436368237815698,6.996820273802434,-14.158726607575531
91,-2.6350717545739553,21.012160255926773,-6.256108734015641,-1.8326897026646813,18.009832346981987,-5.343678056758341,-1.3012230672681775,10.840990013921514,-0.1410251342061642,12.218351000224958,5.886871224452467,16.346366840628328,3.5412760516012556,-3.359350167471526,2.8250576011911344,-3.402934698852238,6.466598543150951,14.846839451787629,8.931315499664741,0.22091325937942896,1.2551882262821958,11.486223884180665,13.900379568385668,-18.423384799764783,-1.1950305078050665,10.98549873998638,-4.71755402218169,11.900050216436664,7.153661949536136,-7.941587953672367,8.600653951949614,-3.437376374551034,-13.762967216372406,14.493001600097996,9.972798462308162,-12.902494538272263,0.5533007749763995,18.240457467621262,-4.447819976207256,-7.233995130528386,14.573278102302266,4.181573342995213,-18.691334243559247,-0.4351775226080524,-3.8765065012012534,-28.311448632988018,-10.898262690824577,-5.871461928254702
92,198.52069125948879,4.580986848369571,-8.308850242241896,0.5921493134628713,-4.267251944532016,0.08564848961388376,0.7828932503092744,-0.7038805972784403,-0.07660915869903279,0.6864728461466398,1.8582260162448263,0.9358083268682353,0.19360689333667125,-0.2603357683562433,-2.2856613159367414,-0.15234094394795256,0.5267331542666506,-0.22126367273453112,0.05483264092884593,-0.625102100915363,0.3740963841364096,0.694401090171388,-0.3029973556900648,0.6894291657581524,0.7219763436262883,1.1135527639955214,-0.048596433474992734,-0.7453541015582231,0.23384409121440486,-0.4168446255670794,-0.04548839578323649,-0.23266782199173153,-0.21343085437330095,0.12282445537115656,-0.1526059578213297,0.011408527277360858,0.39640422387172386,-0.2385033124795196,0.3777340697415959,-0.182385414514389,0.16660231554289975,0.3389503862450876,0.012015771128254249,0.35765710459981015,-0.05372719531607684,0.4868318559794238,-0.3806695911666708,-0.00013436608334668754
