,0,1,2,3,4,5,6,7,8,9,10,11,12,13,14,15,16,17,18,19,20,21,22,23,24,25,26,27,28,29,30,31,32,33,34,35,36,37,38,39,40
0,-2.226867464624949,-3.650412020543524,-0.3067425075113609,-0.5484132708059603,-1.5964995262975243,0.5890579173737756,0.663892644388142,-4.363672948471625,-4.316839919097214,2.5376197084447716,-3.5589767076238523,0.4695815314569519,4.468600010369509,4.805525674723267,3.0555406869817148,7.906505879623115,-2.6266412503253163,-6.7772029068191255,7.316746152098009,-5.726765655693918,11.054878561260027,9.442143832702438,-3.34437211179896,4.613951917732293,-11.432813974941453,-7.200819415040457,-13.32124420420311,3.128323137914271,-13.534542183797223,-6.318925216183162,-6.608599841407336,-2.3125456323399676,6.027500476098665,-12.80145647414558,17.37257096501091,-3.392471747922284,-18.067158618981104,8.627687439938345,17.206403945442812,-5.084217890054404,9.90532315805842
1,-2.519365022824629,-4.266505314605947,-2.7655024592855773,-2.445387308800705,-5.067857805272738,0.13165122539813612,0.6547452783919709,-0.6397883071870385,-4.6043375186770525,-3.088468385427116,-6.451595297941124,9.56841800941912,-11.997930458920324,-4.106656988538212,-3.859435915222047,11.507107325751866,-9.165776820277662,4.194867095740939,1.8656131673594487,8.25283290281834,-2.8308990480773355,3.931105657467059,3.2475954203402537,-3.204230808375779,-0.15296087118919025,-5.104601114372517,8.295853361105394,-2.549261848403023,0.7669210668892338,2.1863083066264126,15.282087236357071,3.369646062167112,2.2737807924393643,-2.2585872652735124,-14.662597089372039,2.374016148681675,8.076887123393163,-0.3856112634209279,-0.6573447429389214,6.045320435733629,-0.9894319736492705
2,-0.021183582612546374,-2.883746411367282,-2.8606580846861673,-2.1025505342846693,-1.8218118786744437,-0.01133190106516365,-3.1855665440091046,-4.678277454005829,-1.8371792126640627,-4.565771000668921,5.722108022400295,-5.07133120944345,8.256683366114089,-4.610001696557951,4.309102654110883,-1.7814201656049824,0.27469275265621623,-10.930092221998775,7.031644007832955,-7.216884677923539,14.167921267843232,5.411794220804097,-6.0639350189511765,-13.51341250851869,-5.427107242094284,-11.870271356098364,-1.9944103360597552,11.768130868045327,5.217287929284183,-1.3533199480960725,6.6254861090559025,10.798335105998456,-13.32873711105047,-10.06167549843227,-3.2309810671849815,-12.534981776765383,-8.700158530941279,7.590663197092439,3.146041078502735,7.172666267206214,-3.391183819659593
3,-2.0771953938937173,-3.2021074852630202,-2.524701967881437,-1.8844819658916703,-4.051866483849138,0.44508369714864493,1.9594907899121219,-0.02971764012614735,-2.9955537556215353,-0.14798746569416793,3.0858233741824943,-0.2731454524484535,1.1968552865067834,-3.1145592284458776,4.869215862210797,4.953691148010769,2.9164085963154616,-6.335663703620684,-4.360575277872983,-10.891450445452147,-0.929179539909881,-4.981658672402923,-4.455082394532388,0.20031443551564182,4.368673731142424,3.2973054198478806,2.5602322978288403,0.7948439445036002,0.6777685834459762,3.532082737624008,0.6821621253992411,-4.265766382267653,0.5018276028059696,-3.1410013991732453,-2.3982791267649874,-2.603729981330774,11.439415793043302,1.3798420539229848,-0.03643791192614984,1.460027865241279,4.163091010329585
4,-1.4942413782797388,-3.163480551502057,-2.488350181824405,-1.9894551111682235,-2.972471601320259,1.8169245721540064,-0.15596896491241585,0.41667063504121643,-5.152852956238657,-3.8869364006414426,1.9539067445303955,-2.522109836591224,6.985015004247482,-3.3146516849207948,5.2820345991216175,-1.0495057119955733,8.373518839309774,-4.526083440249575,-2.684189795976883,-9.496277462491276,3.8016787767591573,2.2904234065850133,-2.599965418372383,-4.581067825532594,-4.3930972897491944,-3.5350613596350255,-1.5126812468212012,-0.6771942275575249,-3.098681057400133,8.302522655228842,-6.416022217359507,-8.230015042633433,-4.788524968266188,3.542875050020758,-13.592460315567182,9.332464947926706,2.5578780101543863,0.24940946485264912,7.069884050584375,7.0779779651548,-2.0198862323293043
5,0.11735760407575727,-1.8900976792651647,-1.3268201763966938,0.6623421427304351,-2.128663021952109,-1.3975164152018982,-3.15498078645804,-2.739822660884289,-1.3994504290594043,3.021162732522239,12.196870118113985,-5.00291205737377,15.003997511217813,-2.4778775407264235,7.573569545199245,-0.6578879629840674,-1.5955357864043653,-10.115277210217842,3.099268556856765,-0.2251338379390177,4.495576637059569,-11.332336943372145,2.6751845980449005,-0.08936522516190074,4.256704023607101,-1.5198659073167833,6.83835977307343,0.5038354180855713,8.024780340924265,7.993187534189778,-3.875828320501659,-3.5371960130156292,-6.7904293803053575,-7.774941662356477,-19.193204206056645,7.926208596847222,12.848308162647445,0.9937467563309837,3.2121298704656165,-1.4986359522891288,3.330136067189942
6,-0.35653608069398723,-2.082913689780536,-1.6582566943687873,-1.2147251468319846,-2.0661515509151704,3.4878219518283817,-1.6702206354157871,-1.1706624310840457,-5.172600768637262,0.19649788364816048,3.1403673470782265,-2.9031660999612425,11.198544759267117,-7.75389914663466,4.595205734940627,2.8744248461645703,6.3540764752126435,-3.6662008101766688,1.3801456352155588,-8.557133097428881,2.947578163330482,-3.9621851858474706,2.2723770019349034,-0.30029636934399295,3.3305063342536583,4.931319932143648,-0.6064704094929979,-3.273452054448318,5.84866909563436,10.725084860136104,-11.84809153672871,-10.77570690671566,2.2146745218985346,-5.65940132410206,-17.62716739189626,11.215524400500287,14.840875514222533,-5.6855307192661675,8.075925516121538,-1.046328797595248,4.055916526521958
7,-1.281284376709496,-3.3345412248870048,-3.326469400832953,-2.3374089793179142,-4.223798253211683,0.5669388583538009,1.0487956829454355,-0.4303570644683309,-1.6731806681556742,-0.6528748812007533,-2.1608532547536394,2.0136482397556437,-0.010890740908553614,-2.636262771509928,3.4837008595094163,4.077894152957549,1.6718982445630894,-4.443635899921492,-6.950922896641469,-5.965979350316182,5.7715588269442515,-3.8925352914323788,-2.2701633530908363,-5.328376239391541,5.279390682001763,0.5158101215644246,1.098997183142234,0.6213228972635733,-3.0459842054900177,2.1777835178587823,-6.880857677025761,-0.8174909417470293,3.8104315654656826,-0.09486848061535086,-2.7373908797296447,-2.561098732307701,8.46434739948797,4.213009498216165,1.790064798640674,3.053420718328946,-1.085014284593546
8,-1.1048860482267624,-3.1879868995102982,2.3484866922544922,-6.077657656539248,21.079068972966866,2.438534255476984,-20.34904486247227,-14.812122290464293,10.5017984685303,-16.45703790009658,-11.975269162792776,6.95288472812323,-8.127731095683398,-4.8400426976429,-18.91166283058521,-23.239588585661586,-34.11987285124358,1.7259817695445827,-12.036618573836687,-9.457982477643984,13.761968957878617,-2.6946450091811256,5.551265598664074,24.651532178396266,-8.0083693008621,3.508597420783667,9.000049333825526,-6.888874198249207,-13.077792552365109,4.091244878556647,2.9484508776294174,0.40334102252150994,-12.133826332289892,-37.76567515804839,9.299887233351594,7.21684390621645,-5.572790384319174,-0.7835348660047348,3.247078472694016,-24.192052801273363,-15.38031777139705
9,-2.1916564811058485,-3.6874929663819787,-3.59972121359809,-2.393479314851045,-3.2177989645361373,0.9141373368387226,1.9408917404481802,0.10355265541304712,-5.910711546639868,-5.0048383507325624,-6.213421724771466,8.166869940325066,-7.918145646767428,5.752440443639164,-0.04593572168898463,7.787960783798411,-5.919461024331548,-8.031470025461857,4.889262987656392,0.722371337264982,3.931284974777706,3.673383457135513,0.5613704330537803,-2.6833591442063014,-1.2533068312823412,3.7097944530393194,4.979186291546977,1.5489276686512723,-1.9611000555250473,1.5763991301931655,9.241452720007173,2.5482242005515494,-0.6096204887738237,6.080774523937637,-3.700771884292642,3.6860291946991413,3.311585751854435,0.7523782088465276,0.35976524589875625,1.3467854368804393,1.1193391054039366
10,0.630613415747139,-3.3343187772276934,-4.94847235004151,-3.2920477422883985,2.3218965790857045,2.780889196271941,-4.801196391071435,-2.7164798373018337,0.7667417467124987,-6.7130418437046,-2.3590670830746645,-6.599420005656317,3.7943258404142366,-4.549959561966254,0.7552131703372236,-6.009329274921256,1.7624943377195625,-5.458767638834426,-3.4012237112960504,-4.978591441093949,6.6473894310769275,8.03124060733403,-6.52167989057628,-13.209508670336964,-4.96903638550781,-17.810902830264773,-12.26400501816477,4.865292852361097,-0.08875714868158732,-10.10501798333774,-5.220144297907166,8.56862180915693,-2.7882684040794037,-3.7823016813106323,-1.0891058407733432,2.4472594900284657,-3.651969112486598,4.147591649291577,1.3996483171590481,21.207306596433202,-7.863789174256253
11,-0.9720175933141914,-2.327644658335049,0.7772657579935313,2.910193954046618,-2.368242181543748,-0.5960629464246456,1.9557455420352337,0.8985863340500069,-4.934625937698228,-1.4079204977197828,9.766129360861544,4.810036961175683,8.385953644263735,-2.2140620070600066,10.123890973751708,-2.136677182868856,10.42794041494863,-9.155079021056071,-2.480349950449829,-5.230735428039905,5.919296253937785,-3.1882553661902775,6.114029469312039,1.4169721887401214,-5.471253627053509,-11.836999776295528,2.236014119139558,-1.8543574245172965,-12.658234346583754,14.262512366983335,-14.24179369527285,-9.808631971302622,-0.44638382867584975,9.220281712324734,-21.009273339468454,4.15045429460575,-5.226349639798116,18.358726123858368,9.453941490681489,-1.1198734144041134,-12.413855683042804
12,-2.0270066031011424,-3.7364811098977495,-2.4917283539230386,-1.7174768522450843,0.9323332544245855,1.6923017105902851,-0.029954061396346363,-1.244444184895647,-2.0410951007834455,-2.462506324467893,-7.432443242276307,-4.230121114876019,5.398889872366499,0.5317965332474897,4.3156758574477205,4.1150981354798155,-0.712178140387645,-2.1544706744200965,0.7821161077232931,-3.484885183834208,2.116402203518063,-3.00224102712054,-2.788527777248881,3.7959295661599906,1.8975713078296128,5.857451814825496,5.105812180985163,1.2844773951808952,2.966274051256886,-3.549376974953269,-4.124205026018831,-3.1591295017397876,12.58609857953374,-3.08185266724392,2.9078824248196584,-1.8897196475605502,10.346385310476206,2.992137351783194,-5.525013982859268,6.190262311263401,-3.9005663500892043
13,-1.7186517593287163,-3.3321991301627953,-3.2272263685273246,-1.5687220541645615,1.9766178866527706,3.426574480580458,-0.4944904691896529,-2.4081772825176753,-4.1863894005379505,-3.5323317335355133,-7.927738033130462,-5.684614781266405,4.397777407364773,1.7415906456024692,6.141970550414806,4.569267055443451,0.7301064648414713,-8.631931115425388,4.689574928375808,-5.947921585071081,6.29762721677209,-4.400682203431542,-2.04199694603259,5.825218563617975,2.4660728570604533,2.001116407206815,4.104859078128352,-0.26430860598744704,6.854768395061104,4.516674055031844,-6.859795123950818,-7.333231774657098,7.646839227259008,-6.485614659576425,5.256355354228518,-1.3683020907319945,17.878439875205693,7.8502631230646305,-4.1288608040126995,3.4127884979029934,1.1264275519870843
14,-1.5304671611639655,-3.9917313436124635,-3.173605022993046,-1.302397832322299,-3.9058662275142866,1.8227951451872322,1.6770309160167292,-1.1439814746873849,-4.018071466287941,-1.9659239175568288,-4.0593839505140545,4.465748696746782,-5.771446379238103,1.3567682649866017,2.222655863097678,14.629304212867629,-9.368116481998142,-3.959419066549202,5.584560929869066,3.7841006974023332,4.904450712321009,-3.8375126421513137,1.6348179747154812,3.3120652153110757,2.182803083762373,-6.742428237466809,3.9026645758067247,-3.728040117184026,6.052191509603691,5.43878609420284,4.805705106068767,11.891110199929935,10.051599555553672,-0.00836798913695816,-8.172119120414502,0.2746256852722905,7.661724572461726,2.492720533717366,4.693466769176877,1.8640474292647953,1.3753087166172653
15,-0.856138145527873,-3.5298855739516473,-3.238356954064616,-4.903402374375231,7.416548475773077,2.36662086008312,-7.101967843099162,-8.251250058051932,2.1854080478900997,-14.237967298908588,-16.781134651370756,-1.078529911587085,8.18079313478588,2.304337437919932,-1.4813055279931358,-6.663027480067159,-2.485879804509711,-0.9149973901980166,8.456155879726701,10.788969847195808,6.272807694411009,5.497038770828944,1.0840168714462872,-14.392249460515448,-4.216768732276828,1.1475603382723594,-12.460943530995097,5.070843651920417,5.738970414569757,-1.2194849253615498,12.904133077537129,-4.7688012421080535,-7.62931653034885,-4.093812279280442,14.979958129915353,19.979949146513725,-4.027571722800777,-7.139651407039349,-21.229947987570142,12.538623810659713,-7.716063426541463
16,-1.9723248636606445,-2.8391859515489877,-1.711997619773027,-1.0012303457754201,1.7751094618516876,4.291384299433218,-2.1488047349125057,-4.545118119774769,-2.5861871681568767,-3.0459058299589428,-5.480513740669884,-7.867635714407401,8.958183415284147,0.12697904069743257,4.699858493868807,2.5368641212401277,2.3149010433063903,-4.182779329420997,5.948034106725974,-6.323955119145413,4.820204735863472,-0.10955038630424374,-0.18066868424048826,3.3152758629357186,-1.2213111019615497,0.5876221190946549,3.60460092681239,1.341501434770667,1.7048806440235629,2.749964758990094,-7.43694995185607,-4.692868195755311,3.201690061559178,-3.8445901841216368,1.6846786888696654,2.462119642071394,3.3650483671621854,0.34161914492420725,-2.7341705169435984,3.081420582514702,-1.0452811535183344
17,-0.4361517670968205,-3.2789320360692384,-4.745697221639907,-4.089323827156454,1.6804239710434317,1.8627787231070956,-4.5352624439662055,-3.0570634761249984,-0.5512540779081774,-12.561864604015533,-10.571686598719499,-0.23047496620364505,6.019093051691098,-1.6001129693092655,0.0020783367571237527,-2.4171064929137756,4.249593830488612,1.4725639577300667,0.9603404878136889,12.835025984275974,-4.03539770772661,-4.114222714067505,-2.5154102916046246,-25.697872366181553,10.770833393176959,12.569713859610447,6.451960145639563,4.867522098187288,-0.13130671718244782,-4.348966009776575,20.80545275479396,-5.806751870168794,-27.23028923320113,7.29261655905541,0.7254816274637981,-0.6621482593512296,-3.5180336733608737,5.324398354020525,-7.773032246602634,7.45747582684603,-5.975315219548201
18,-1.7102117514142727,-2.4996278293887273,-0.36542594944927387,-4.5636790227801205,14.319746360601217,1.830287321429991,-13.482332496501096,-4.9152633516434205,4.535337330716348,-8.450502915476326,-10.92424145713928,2.802986669770916,-0.2032215354942314,2.092137860309747,-5.740239381709569,1.2970132363691975,-11.69412456689911,-4.43228634152562,9.42100092993548,14.563763717588493,11.538704527573765,-2.877054866705648,3.6296265354875143,-11.587703658756341,5.59054687144983,1.0723576131575698,8.19585881636247,0.27673141366567877,4.777339394912979,8.230393490460319,27.96755398445292,13.373718371830515,-3.421317711730916,14.541108533615711,-17.43969339618066,15.891702279018128,-18.391428116008555,-15.169893546096155,8.801967426531997,1.3962028504653876,8.347209028892612
19,-2.219538162538515,-4.111563205530405,-2.2503253714556055,-1.2149126820457417,-4.602252542469425,-0.4911264196664259,0.9957802465774154,-0.2358807093218666,-4.57735800002574,-3.6287426692826625,-6.110398563888554,8.048997630779342,-11.172292038469841,-2.269200518153473,-1.6113524944242428,10.333507175484028,-9.044297929197691,-0.3997448635588464,-1.7757632203595246,4.62614587990858,1.4566635544547644,2.6120100720682817,0.9174322311341354,-6.4415093701872355,0.3864678993344719,0.8082833786110641,6.058155598660115,0.08903383306364211,-5.87756237646469,2.8655228422515533,15.40550922832186,-8.57898699577452,-3.8987002935944584,-1.753280520836982,3.1643754377269007,-11.60443951559904,1.2721068022734716,6.597031253342438,-12.993835101289422,-3.7094195205816924,-2.982731606618351
20,0.639043908768888,-3.2738856000148893,-3.1064340785302376,-4.197751862453779,2.0832011691829426,2.855616947189358,-7.02632798860353,-8.769675340182893,0.31410707212622074,-8.406139802211365,-1.3870991524875216,-6.0537859080885275,8.130636753151245,-3.1848158427403357,0.820781742533676,-7.770086950944991,0.21656535235016997,-9.33553761473719,1.3367655633600937,-6.2219963288325815,-0.526246304803987,11.079807939643143,-0.8738918837197538,-10.721450257555556,-7.673449100451895,-12.902018754828758,-17.81751081929358,7.935297866841992,8.223900499751332,-15.802301589456984,-5.275552746157377,-5.792204798255219,-4.938225966710102,-13.681811185376587,4.196673664579978,1.4866805453589718,6.569132484065927,-4.022261072162013,17.89371844908411,1.732795652917102,12.230507010704205
21,-0.38173561695324404,1.1603935458495689,0.5451703577694741,7.640735233442754,7.522746254226343,0.23993567684092448,-5.524650147206052,0.4597370873041346,1.895377914133629,-1.412797052789742,-3.926982345445259,2.4335628067187374,21.899674261641444,-3.8714369859435758,1.1273568389097086,-20.023503185064406,10.29114223901859,-3.6100256563340816,15.425835315033977,8.185195818168399,11.309068773052548,-25.661636867431252,14.113805681594764,-21.69848775414144,0.09098381485770776,-16.89757304389176,-16.385941307447403,18.396723186357928,-0.811629796500358,19.64301811914387,15.80655554727256,3.500330625245506,35.34705723408006,18.052393417075965,20.530097054950406,-6.783699860528495,11.382663374842574,-8.267884496243703,-5.898776348849604,-25.385987261588106,-6.53713555409619
22,-2.696121241048095,22.022696405428604,6.131072519345407,55.39998486794244,-28.549019933939853,74.1875639504887,-26.031663357093667,-2.98355487614287,11.773823723484066,5.3024239780352165,-2.086243271719636,-21.824540487576822,-13.056715795322228,2.722868955161257,5.018438694674925,-0.6011400978901218,-5.514879288084045,4.019522018497773,-3.3285535960564614,4.259815247660645,-2.3592816591087393,-0.2896405716859661,0.2962107970301029,-0.2078533708571219,-1.7232208537034206,1.2031628309171294,-1.703793862692868,0.04245282434655561,-1.8050403875857024,-0.33701348436825657,1.0307331018393666,-0.425060846625973,-1.9339554196132236,1.4319927091131546,-0.628953834816176,0.4139491724532777,-1.245120538794944,1.0578235005239747,0.462231602588526,0.24934823349307875,-0.3337246973232002
23,-1.449983283711135,-3.398148231372546,-1.5381631936245692,0.8147695659558842,-4.98386036414719,-1.1073237272573855,1.731549073891843,2.054837146664764,-3.82732528834295,4.626136675626948,3.873083639990334,3.999911072001332,1.5048333037195845,-2.025023460816388,1.6873937323020307,0.5119165582825442,-4.763336601824576,-5.063505128958788,-5.435156929005313,5.66188812670343,-1.3781218425965591,1.6498466242386423,9.13889245395947,0.08649365022399355,-5.915732961208854,-8.954188601895256,-1.7880098817426238,-1.4237880826690115,0.8906045478929526,7.835803047291557,5.8775259989731525,-5.423204422159644,2.3568197544398095,-3.530586915406971,-9.159092126260393,12.80347886947808,-1.092936091024084,3.9786381041997885,-2.385078663178989,5.358976409959812,0.8724593945406356
24,-2.046204558090342,-4.281224056649959,-2.6062828788214247,-3.151568233749091,-2.230512711186056,-0.04436291832671933,0.9548856534308395,-3.1807998138305,-3.763035603045436,1.6095950033412167,0.722973088446129,0.5741357950894688,-0.1963515655122132,-0.9566390275801501,2.314802011819385,1.4774159909077627,-7.265141275901279,-5.173872462141932,5.605219014815599,-9.204988474943052,0.9085371375896881,4.258712028417667,-5.2894246889163155,5.788293316451242,-4.776844166319696,-0.07360672184625958,-3.379513758683937,-0.7481134017169436,6.50112029540077,-4.488411395588095,4.28646746410203,-0.2762624225001924,1.82482263367213,4.978506218619306,1.2812777541703744,0.8758521523222944,5.937537987088532,-2.9194433247839666,-3.7579584660215506,5.368304465160375,-4.658796633944842
25,1.6065206281143287,-3.286693215971708,-1.6691323294136577,-0.47418173019919374,0.7373692119189673,-1.4716248797468163,-4.492343804758802,-6.084734724722906,-2.2031209664989078,-1.6984548292602788,4.76081478272236,-9.199852546446095,16.700515318096958,1.854572808439392,9.289684581989587,-9.372601884180767,-2.6361965945248254,-14.98824799766994,6.037305762808771,8.073362851030133,5.408333212379811,-13.267545657509412,-3.0151643004712865,-5.568525228362676,-0.816069683893813,6.072322833321641,0.8390218108283335,5.702297184086654,13.493647689076786,-10.329367115919387,6.916537624214231,-9.265291101107856,-10.248490733887309,8.219720292300797,4.993048492296589,1.1228543012584142,-7.341014040986069,1.3287240968017557,6.401367964318825,-3.057825660121121,0.49412952517771336
26,-1.1311366086614862,-2.394353258503979,0.8863692811643638,-7.037149797304867,23.357966816096994,0.0966876956888009,-25.863598496094745,-12.4897953636641,19.05477791633899,-11.151718961324752,2.576223065294019,2.552664706433165,-8.362370642416714,-6.157711509180721,-11.364558915234237,-30.370208827245587,-26.921334765628963,-3.21024488054292,-21.414817909429644,-16.942759917777188,7.938818799741585,-8.631570095149641,4.95388467929326,20.247404475016292,3.015146049225202,6.97392331613583,6.802110613220019,-3.920042032288387,-1.9902203617624055,9.109130751234003,-12.624809672309043,-6.035250247062852,4.610075283095239,39.369207478875616,-9.494806693774695,-12.023815022855253,9.777446969722202,1.2828610125419821,-7.674386440659646,17.89362912800639,14.906294879139029
27,0.1525455737767732,-2.445517691480526,2.101488313846477,4.787103689363709,-1.5375297796252698,-6.805879087409199,0.12931772363960123,-1.0568765423064073,-6.127988343785983,3.449270315923704,9.996673217573708,0.4856230246694731,13.401252128039014,6.356787142651573,9.089798007683166,-7.72970646903107,-5.3261547720918525,-4.939392361238895,-2.209812104502487,21.74523215162227,-9.406084239557595,-28.215714430782594,4.583333759298685,4.601028838736361,13.20004239934619,12.986669432295466,8.79849924452704,-2.6317103536026507,-2.023561813451341,-5.25017333959784,-7.0227737520676285,-11.199005782655831,1.639779339603324,-2.0144405434207386,-3.543116151220678,7.886623904078433,-17.097571345041082,33.18713021213468,12.551302932988351,-5.744768528496287,-3.5905339202918407
28,-2.2718210926207174,-4.01354071933694,-2.964154982603989,0.16309226876594346,-2.824534549492447,0.021438418804485902,1.1548981284535587,-1.5586288152340033,-2.1774760906231805,-1.751851609678416,-5.814167953656847,2.0251657828917424,-5.322371703698143,-4.42274385799984,2.874282892771976,8.280892982332787,-7.811297575560268,-1.243776754537941,2.782803036509823,-0.017474399130247287,7.511228328528787,3.563424332162405,0.2077204346028202,1.0381407707021668,-2.151758859562793,-4.954274007779131,1.7920087160326197,3.034926019481238,0.5626658793931767,-4.330687523991512,2.4340970868577974,8.217660808214635,6.420823915554938,-8.757844736386932,-0.84580192510635,-4.851238649299129,3.149337774271896,13.045962407201753,-8.090925444220947,6.077092716935904,-7.599145448835392
29,-1.911470209425813,-3.639981686175539,-2.5182526853649496,-2.0820431718960446,0.3804159316544697,4.205341830285988,-1.9053096155725344,-3.801177920116049,-4.992375273622147,-6.13908363370021,-10.826800397370322,-1.129116784751808,2.860273940577409,2.718593981073512,0.2359272344160211,7.963083442340068,-0.9128551294370476,-5.475705007833019,6.918964822601569,4.46178973760686,3.583653167535215,-0.06774083555746203,-0.7452663503489153,-1.5093742321969128,4.140670925593053,9.892111559803583,10.91170013158651,2.197673258427285,6.983570992509074,0.8667203879602928,1.4647219877337767,-2.76028961082691,3.1788133780054313,-6.468511673250804,-8.84968363976581,9.922356680712657,13.627651288611355,-1.8874717155367742,6.228212689625061,-0.3730922174330512,2.11514810103096
30,10.505823205201297,-0.7058015257846599,15.126953085354629,58.704305551297246,-26.209928071717858,-70.55114803752437,-19.310378779532986,-8.326643617912184,20.84218168132422,-5.837004340556202,-24.788437795389566,-12.869668572307987,-8.372824711476131,2.2516868506327126,-3.5610124074203164,2.3620857635788672,5.421203935506243,-4.793331545787859,0.5492543446609175,-9.671031422412746,-1.0630924529495598,3.987772935329791,-6.948046758020836,-0.9159763952405894,3.951100606456283,-0.9580487547904428,3.649205736429709,0.23943297173165876,1.544682648776112,-0.6479547563047203,-2.24231608360281,1.5250154955474475,0.40563549749111016,0.34940624686297334,-2.548144473336027,2.7603684124305077,0.6249729455799409,-1.948580982304288,-0.2584134658139489,0.40732775755972994,-0.70424174079109
31,-3.465732808941745,9.039506723815919,-4.614823824071502,18.89982152830405,-6.24254317004462,11.435060522046982,4.975755971791649,14.912778485832666,1.9726264884972988,-3.0398769857741454,10.355668465688177,63.46535746856906,2.212581154483212,-14.414780107931119,-33.83199362131766,-23.69113102671462,16.62122817344041,-29.066881540113897,25.80904855212604,-14.292819691986672,-3.273852950005064,8.602521551454,-10.211826011788158,-1.5838710183451183,22.137839502878222,0.28273713621617946,9.47516920615671,-4.545289664706387,17.79120463278434,-8.774909159165423,-11.9464272485304,2.4898505393900625,2.1501988837933284,-5.1594814121649755,2.0634951568790463,0.8556795365453241,-9.410999640630015,0.0012765314037576636,-10.382505244985165,0.8568383321788848,6.750219636074844
32,-3.9047200348111164,15.805979023375963,-14.13917210893813,14.255874794124669,17.487586926629568,-3.822901914374742,15.226756918421822,7.27850160805303,-8.3706355804632,-12.915427924151771,-9.011391619496,28.77035220196788,-29.24375524943985,27.54461548794957,73.21713482412373,-27.50464170157468,3.456070711375421,13.03657708048969,-5.9192437753871605,-14.947280180071447,-0.23514034935720138,-6.937107750950488,0.4383137398567836,-0.7381170300510332,1.2171159141641152,-2.5539915052430042,1.3939849208385735,-2.7089640651348508,6.210234537520554,-2.4492144176428594,1.4021342779867878,3.51064941204536,-4.167483145500886,-4.794537344702619,-0.22317095219255667,1.260403721467355,-4.541657348593348,-9.461572533167605,0.3637380500246129,1.2375462838782363,-0.07488102172480754
33,-1.6855719531468119,-3.2247491788649176,-0.44202641183190133,4.874020803396849,-4.125672228039221,-1.2662949989667016,2.6142376752746586,-0.0038554595159224804,-4.225974635053344,-2.9024087246223305,-3.3055411317158057,8.286709415060738,-4.063226333480357,3.101604333303767,2.1570508982223764,8.411806090432911,-4.166025024160469,-8.975005002801792,6.189841984877652,-1.0429937681214188,12.60875446276685,0.8247875258472561,6.468956946014173,1.4695651249282857,-2.504605048853098,-7.733860958744193,6.734144543664215,-1.025464671460867,-11.987249482806286,3.1230099334514163,3.6110086414242493,-0.10675667612684411,6.711350503581533,3.369613732609453,6.034528466008238,-9.112914217894312,-10.6686573500613,13.986095279907211,0.6018216901670529,-6.213802151721798,-1.628307450035673
34,-1.7250177809565415,-4.818426249507605,-0.9912017894854771,-1.44705209933224,-2.9134245867499846,-0.6362027322825178,0.5984210632342699,-4.782952715920498,-1.7118419513833474,3.554915798296703,7.972635318873117,-3.1860964877773394,-0.0076068922162436485,-1.9160271922443621,6.199277762486087,2.909352050611965,-7.779663855885531,-8.618337353574109,3.4257293187520443,-9.070262427755095,0.04606088731251546,0.1536546634003476,-6.899064889457524,6.703549867649066,-6.551156840473967,-6.25377262094756,-0.6185527008030413,-2.3936059753045935,6.116614598407303,-6.260860735167188,1.27903133647126,6.6912377824362625,2.9678513307588212,2.8842980736258568,0.11021120509186624,-12.022272954282476,5.698325647901334,4.223292154267267,-2.8900138509018554,-2.3405143856318884,-4.6469373228030495
35,-1.4713841725714583,-3.200824057590531,-2.3283530583688425,-3.1947295649619556,6.203971047177731,1.8499253703271807,-4.505847910430014,-3.1620152049289447,-0.8981372146601889,-4.419541696143107,-10.847652477337256,-4.341140870333889,3.3640627963707916,-4.603290393952973,1.1569092391460156,-0.13935097831699494,1.8822345070391218,9.166263221460339,4.984957727391057,0.5161565793917635,-3.9731617812158158,-8.614134844819652,-2.79172357865508,-2.1391528838677902,10.056115013276878,1.581935645814767,0.5974467226063994,5.457372464823676,9.91634841667868,-3.0824382437877245,-2.7100107078287565,10.518498069507178,17.631346050848194,-9.075198405731387,0.5488325158135918,-6.557889164762143,3.4079959264588395,2.952436973066526,6.631587804668673,3.771276897179959,-3.0714280850078497
36,-1.7680429046842334,-0.32084249697952816,0.08117032185856861,-3.1863668599789343,-4.6982049788075875,-0.6310329264009653,4.006674013136523,6.2460802119913446,0.30128505645319675,1.5251836456390373,0.4152170691426397,0.44028389827589837,-5.66071149650054,8.15553055795666,-5.942885786092548,2.8668298373886967,8.765407742677677,-5.144131211935305,-13.469743935064239,-11.756320864667678,-0.7415215218669144,-7.231919628283851,4.3930813474180965,0.3313477138534153,5.23868888081912,-0.021953956386593976,-0.7120093357902516,-0.5780371813046521,-17.960000726379846,18.135362295954668,8.966858429507162,-3.9609271330019653,-3.2618544826384674,10.407024594320864,40.97827589930262,14.940421707182292,-1.5914949840484527,11.194302320886482,15.5444686108542,28.909183521310815,20.40995142096787
37,-1.0206164015028307,-0.8413086641906666,3.6943241949921735,-6.808618989112225,1.7824543028776572,2.4241155191622243,0.5151414359279229,0.2234470679524921,6.843486040856073,-6.4386372238475476,-13.84689936938354,-6.385934053527897,3.8902608486467654,6.051909016673218,1.3063048124686125,9.857982700318265,6.42557556989319,16.582777971519448,27.89153359007833,15.248403209975727,8.879343812170934,7.598365387936682,5.483500466607506,16.129578515886507,25.339893745127,-5.52105281458905,-12.504512008069089,-25.387849075846763,22.172997518967765,39.14663708443973,-31.210034380726967,8.896364848337521,-30.419540960982133,1.1967402672939822,15.77485664208611,-6.853509860775879,-3.964769696200669,0.05920897427387026,0.2957774023627986,4.336295171734486,-10.740695016446347
38,0.28934095997609954,1.6181682041225915,8.990717431642883,-10.811524201490121,-10.571282328051375,1.4106832485321414,14.81807246926154,11.648326082726644,14.55267337085179,-0.06036782191681447,-4.464671499404141,-0.31388692273017016,-23.12367525082402,-13.201446892014134,-4.183900023582734,-5.514120493545176,24.55827239328537,-9.722511106187778,-39.45894791433082,28.233809782433177,26.18509268744205,-10.712722580036177,-36.64898866527976,23.29955039628575,0.04520655724243125,16.005637644817106,-19.62171896550374,12.938384088433889,29.38442755571006,11.44792373414911,12.577081231475173,-2.025923269683879,12.537630828079667,-7.839814009467893,-2.178790965142195,-2.979125844348158,-4.446242155852363,-3.7050042507561907,6.381845467941933,2.6019560077195516,-6.9443480136623705
39,-2.1810636963047565,-4.224000967798558,-1.2309465229842518,-1.90026451316624,0.6834008167820219,0.20159725675707776,2.047693991205346,-5.259667203710905,0.8654290731309459,5.0019831603732,7.083719310620405,-8.338502180117914,7.988719472345786,-0.12449795826132083,10.043359196436436,-0.06948304445339552,-1.921978579814071,-7.188124869090699,4.359433003456968,-6.081114178631322,-3.861684017758336,-4.5045933197742976,-5.145585751191707,7.812880354720208,-0.9677356278317285,3.609941727893357,0.6117166428436546,-1.8188433261341699,10.801930408513268,-9.302191341384743,-1.4900335419161224,3.466334060547689,-3.273089333140679,2.7166266654944526,-0.22967582112871587,-7.561389861111946,8.544328929733341,0.4758309456945363,-8.26706247997121,-12.48956508320788,-3.1002892285920742
40,-1.5579184382557845,-3.4815917658723,-2.126681698976307,0.13458910023370588,-2.2028177460224407,0.9975281552371267,1.599000812409426,-1.7410535287758024,-2.8776100822159902,-3.8198190963110843,-4.67840228556291,2.4391564142073747,1.14239475089565,4.2795492078200335,2.970984959543148,9.014392965891538,3.589180702995357,-0.4953945396381143,-5.724697066652466,0.6944747343542791,-1.8447810162983718,-1.9128209715520064,-4.755134736787097,-6.79071830687666,10.577581002806848,16.2904175141519,-3.769500130032548,5.452386467642812,-12.095724876646061,7.953259394889043,2.562578833193342,-9.060407302044101,-8.737964371370868,-23.468074305474044,6.410723054636547,-20.821159927559467,4.778944371773938,-1.6652930481614359,-11.219356536476234,-5.525623304364475,34.63387587880548
41,1.5422790457341926,1.4316492672692187,10.207225157650637,-11.191753954327451,-6.641189588190635,1.3588828244177258,14.076369574572203,7.80414653318166,15.546230286050605,4.563061860948355,5.70288232104,-9.35502238098507,-8.957827798015774,-5.542677175952571,5.325032471092518,-1.5168565723083804,3.3700325914551192,-5.1427522210288785,-1.798755104521117,-6.799917972510786,4.221683495281518,-6.929748812891713,-9.552610938566035,6.405572709171208,5.688686806195642,-6.919875193164051,-3.18231877327737,20.000029479451904,-13.02756525236818,-4.612923959530154,-6.886023545722098,48.708806438516106,-22.43559981540323,10.83426952420548,0.9098732186928352,32.944062260029824,10.007942759580665,19.364804542672882,-15.92312075419185,-22.16923124846053,12.339439200241141
42,106.25876524604419,9.303307139033524,-13.612355874878748,-5.238973978219037,2.411024715734532,7.4209421240084765,1.9412140018168142,0.2716343157720754,-2.725086930747122,0.2815447762875802,-0.324827038336936,3.6498446196301577,-0.6560198663904319,-1.0880716172298346,-0.8761820448151854,3.605140497430924,-0.7797039050076119,1.2949544147178742,-1.0976590761988256,-2.3745987531203823,-0.4382125276691401,0.5429534615650516,0.11765115296540063,0.2626945433433377,-1.1147787123647221,0.4078054699203536,0.6681531204552802,-2.700756085824426,-0.08764850668673425,1.374164307270392,1.005346981815723,-0.15223534412885104,1.3059506427577923,0.560632898457191,0.4291626896066404,-1.3722193891387873,-0.28864313776735323,1.0371039264811583,-0.009551386096301642,-0.77679724663154,-0.290217140674491
43,-0.8721551543404169,9.585458963982997,19.100863755890412,-4.618692157651914,-4.233054930975475,5.833821661553687,24.449047520156643,34.83921490344862,57.189592926909526,-0.1979788064735752,-15.988465755365523,17.006851132086737,49.44830075985778,19.506932771592712,6.532327230950174,14.08037908850432,-27.037571690946223,3.3945142670032005,-23.787711951567218,-6.551675747879416,-5.30909954708013,11.661410676986126,2.1482787188563806,-9.585414110755528,-1.9581963063906627,-3.8522357175173436,0.6357893342385501,-9.519875301050797,4.5550896555203355,-6.147608573378371,3.608362801984496,-1.2814209512602988,2.1079241336763643,1.5114828967436764,-2.7127270509641175,-5.049995610210254,0.32812575169121855,-0.43420210743754967,2.7100666458219824,-0.10616004389406904,-3.6835230198875766
44,-0.2735392187596983,-0.6380736531178645,5.6164167607791144,-8.878979067472233,-4.231615937900382,1.3797200167331898,8.837438062042654,2.2819467745461823,8.439645830882958,-2.749399041102445,-3.9716022254999643,-16.411731091469495,-5.966671282408788,-1.0644571667425353,-0.6046532692475373,-10.696685615828999,22.528361094597823,-17.428333581520878,5.598990712640974,-18.960389017265378,-31.648496824225038,16.48479353808331,51.95958305173541,29.006982039968314,21.526454304054187,15.150471231490688,-23.64188872993117,1.370840963655597,2.728734741755358,-3.705344797724928,34.23932964012586,4.062418536830767,-0.05668270680587508,-5.111279609387191,-11.421435324779653,-7.949476614025834,-1.1635423278604884,5.198033520769934,3.8510279572163433,2.2675979605931227,-6.248459740323311
45,-0.2836248663339071,-1.3361763494602799,0.4185894467988202,-6.4218563810142735,0.7420969744127688,3.9403069962403396,3.666267572144094,2.5956497336723183,2.9173356512271766,-4.9879837756914815,-10.921135321612551,-17.292550264288252,6.4125304860702705,12.231269055555437,-2.423565180595324,-18.11812248138833,41.21229263662646,-16.10526028238864,-15.444950966513828,21.434813385694266,7.918545442040219,16.66749077163618,24.14393785804311,7.393058193180444,-26.715379028984593,-12.384467812813597,57.05989857411538,-2.223851891561052,6.380428231289149,-6.927255777208207,-9.217704263172788,8.838576166527234,-4.8241119652369795,-0.629511020657746,10.265489184217316,-10.055772807545708,2.4144274474331686,-7.464248148451368,-1.0280889672805307,-4.624638632011445,8.18072627081868
46,7.073509225123906,14.471601465397155,93.52011247237388,2.625751820674688,28.859272646318836,5.383832972358142,2.737041129173079,-15.701660294803952,-31.03631737669657,-7.725575789852013,4.0948468061812715,9.181668770722506,0.86794451798897,-0.7939737917454156,2.080113805404301,10.781316883305916,7.711407868994991,0.09338316835136154,-3.4251306219369297,-4.461178555787729,-2.7348832835916514,2.168309508391921,-3.267151648559575,-4.420225720457784,-1.3076511953488366,-1.9883504127426725,0.37154233564716993,-3.0188835484836076,1.7309295304322236,-3.0841714734124577,2.3505823580695004,-0.886429904652102,0.07529300924150094,0.11532889094233359,0.14494309532084887,-0.38493237341461023,2.214355551182434,-0.45772010293303944,-2.0660113561983584,2.6545217259431904,0.32244477939821636
47,-10.28336278855851,90.28062825452477,-8.065318402924675,-36.457157167556154,-28.833289931897465,-17.211781976623307,-22.35412831594244,-14.50113038763183,-7.376545954929375,2.5267290905061452,-1.8000047886897854,3.248309915611141,6.041752387249961,2.188835803412583,-2.7367792470235313,3.3800188510278057,-0.3733131400238581,2.5725807148538284,0.4646609962604694,-0.8222670747157705,-0.31179767281905363,-1.9107232879071736,0.6086353130272516,1.2816861346785238,-2.2603066007817976,-0.4530073269375565,1.3937803264465283,-0.2813630743266573,-1.113561741077618,0.4228425276188452,0.3936090869560876,0.8561013059504565,2.752934740657983,-0.21233421160820595,-0.42672730090387945,-1.7448213144941138,-0.4995064635768831,0.9519827357103063,-1.0001209696777917,-0.5477394884176265,-0.8349801970958863
48,1.358085604684108,3.169043254077538,17.797295681895275,-16.525113213961717,-9.075709042864943,-2.4546784917204585,21.670597296158352,12.861583908715172,24.256948178598947,2.0471087394965384,5.784138195623597,-22.647039786888758,-26.243317400373773,-15.760324915029791,6.2297288699451965,-29.667487782629802,-14.027695219937279,-12.97869692544071,40.5954807402275,3.2736453785710378,-18.7191247389519,-1.336089915950974,-13.830726692394647,-25.130814196552123,-30.880985865657593,25.43738196806331,7.409753138715336,-21.306298607358123,-11.506912153494156,19.28063989814706,-4.2113207046193635,-1.0548623356736333,11.814453634406494,-8.293642654140413,0.4227757399185994,-1.3862669070409215,-1.1782649016222317,-1.724078709518998,4.475201807390334,5.125652865548966,1.350621416719723
49,2.1853420398233396,1.2976981653397828,12.531587726710617,-12.685388315943882,-6.582794897393251,1.4911035361391165,16.789318011427238,8.569864502909509,15.59846479524014,-3.5447964902092512,-8.467355121939022,-3.4826713074648183,-25.468109155531202,0.46921920974984754,-5.610029536974635,5.051014911078572,-13.397090644625413,11.637696658004183,20.933404651650534,3.489635557902264,-6.367856108312463,-10.482669239646498,13.002257639471162,8.571013575496112,8.559623354481003,-18.387742183037947,7.7672752992133685,64.62640033089522,0.17838151582903589,-8.65895483581173,-23.39888271833353,-28.798277579509428,-7.64307045032831,4.397349042567257,-5.211026450416309,-5.997908852907687,-8.958229725827264,-11.237779744255917,-1.6180266316645289,2.3058593723129825,0.3279913575254423
50,-1.4602636814914358,-3.633094276082811,-1.8531246303095157,0.23961189351583154,-3.9566121499704567,-0.7184751747211373,2.2280689420745876,-1.2694854055251754,-2.8192930955554187,6.0258444640527635,7.077505743404119,0.09497665009608494,0.4744570924887927,-5.031001170277462,2.027311614774145,3.5548464333086525,-4.690916280518181,-6.167251624230297,0.1299954967752587,-9.409625890807499,6.954355464984063,4.492014570948149,0.6181306375697277,6.958952494618596,-9.075924307905202,-2.8348070615087675,-4.359996339571116,0.3472049488126433,1.1870081276495699,-2.232717122763012,0.6090289426513462,2.8590810724574354,1.617240488896781,1.6624540987010055,0.1377182317859094,-5.611591604335439,-3.1837082190071455,0.9991420359107288,0.25755634511470804,-4.013159513748745,-2.837339943512141
51,-1.5017662287647913,-0.02033764268425125,-5.006738261653941,-4.373552600747077,32.742145179422785,-3.769457327684404,-33.67134432887818,-16.126816340094052,53.18777041600265,-0.09747407382053425,49.56198612195258,13.389540293352585,-20.393447508325952,12.756815528433917,9.548459874335679,36.12418953139947,26.07573227744744,-3.0016460135250354,8.361865916410924,9.950696868685185,-7.728848517805003,4.938779323605667,0.4534686008559908,-6.012113923247846,-3.8953978222903336,-0.00408115454543069,1.1859192105232683,1.0513214561263813,0.5764026167992691,-2.3932207469028883,0.9549878055363428,-4.685652895182333,5.194507372840956,-4.748834388507609,4.897239187921872,3.0176623425106794,1.268244802923072,0.8007507403701971,2.8666857202948663,-1.433361321892124,-4.1796504952519
52,0.6834589945108004,0.6019976978755136,7.915048782150874,-9.247249560162816,-8.936590079380455,-2.325212980855888,10.260366068192985,8.303744458455807,11.302193956587622,3.4013159588841786,9.253115731861282,-13.78043259758169,-15.276140372680114,-16.98951950165397,3.2369665919924473,-10.764464144844174,7.006615607398154,13.480586341053703,6.910660296859475,9.265326561112337,42.02663184928445,-1.4679588342540533,7.507219563799633,-1.7655178524569872,37.2282575203495,-22.56786070579059,-2.7361858025321775,-38.268452856959286,-22.432099932888566,-38.64374416288739,6.0126911075279335,-18.267427876215983,5.608819754999453,1.3103576293574184,-0.840605657810763,4.839912813225516,5.08451906023458,-8.1495745581022,0.5888659890596237,-1.796837924928445,2.866901293154895
53,-1.6532568441710582,-3.6453306806659116,-1.3380588616019633,-1.4276000687072905,-1.3667760472733141,1.190430946430993,0.1064646678019934,-1.645226026225399,-2.18094240476198,3.0250901292438725,3.270377864058885,-3.250665982101395,3.88434389627987,-0.8245014035436464,1.017818685721413,4.461324689388932,-2.271282739457602,-5.201331761021689,-2.3297140995571453,-11.024575155167275,8.376400101939428,8.021809178255124,-5.437488118661527,1.6301370954640593,-4.74543365756823,-1.3648213278839532,-4.868197777130342,4.078186855190738,-6.042393106656508,-2.5263967331576183,-5.83915758926094,1.3478031376660666,3.2154912468684658,-5.199921327787749,5.04552713851629,-2.7011135025493345,-2.768374581484634,-3.5118062755819968,5.280023208764687,3.461272287148386,0.13427322586298568
54,-2.2571020046579124,-3.8240489739551746,-2.5019771431905826,-0.8685699850373411,-4.636357763123665,0.3650650468080168,1.6153654624498661,-1.9130404971920763,-5.555561765357712,-2.7445899175521653,-7.650170669689391,6.541352214659831,-8.706568512672355,3.014706973104774,1.0843495813780426,16.17160643879124,-12.9823202545222,-2.100639145020878,9.915945118303291,9.540810472835513,8.786833852625843,14.349287458305911,5.40019767707918,2.4416334676518856,-5.739687736839553,-10.236207568581918,1.3226666757193026,-5.610015500468696,1.2668289355093265,3.4496723857187277,9.782416909411916,-4.134000681468296,5.346516746912837,8.066844559120833,-6.264833749117725,-6.665097638700393,-10.079775580422156,9.307306043530824,11.001763252358867,-13.03741259204362,21.422235868025368
55,1.9991345157170608,-3.43948457231539,2.9890264418596213,0.07263855788415204,-2.7532330481449283,-3.810510196398906,1.2902151048376598,-2.3541403702990054,-10.480216837030977,14.41177831245833,28.13578406610624,-11.65563468984482,7.883863796458549,53.61794031420466,-10.27049079291179,-29.402124948305293,-9.544665811588967,10.076783329328787,4.29037725307097,10.48244003504281,8.295447265878675,43.95919139492038,-20.96180369134639,3.373037356144936,26.627334284658385,0.935440135281385,5.376115624080365,18.70211252275481,-14.67826007720255,17.13601940500659,6.25981607005146,5.003531644826201,17.04483380623492,-6.719341297200684,-9.505308108876408,1.5353357735732283,2.5286292138908975,-1.0107968678554187,-2.1835639155603155,4.407147425947838,-3.81625076114451
56,-2.340995732305515,0.8012819084634,-3.8632957754392008,4.372273310488973,10.597443231412402,3.136831279860195,-3.7489089867993295,11.931130307572982,5.860624198786142,-4.233893580917764,-8.805026088708107,-0.1317717914958737,24.771266215493757,-4.013846155560306,-4.937287740862022,-2.304848286252752,28.291678066714603,46.98664227431448,32.48493985631234,-16.89620568577788,2.2160123597343393,-5.610030984109692,-28.83626894009106,37.273026144848174,-25.575604939128418,4.549704110553709,6.562420241173455,2.457866627138145,-7.84991253836979,-6.520633983641408,24.51391942506082,-12.276268347831078,-0.5444255329796654,2.309802879239269,-7.449117364747335,6.394582746384061,-2.078798866694818,10.260866605915693,-5.158182609002344,2.3542368942484773,9.11539739600399
57,-1.1876028110518753,-3.166285895203493,-3.6468311157771707,-1.6356642164443638,-0.2251928835235597,1.605725256246515,3.7343417780071104,-1.1489611664428545,-6.314897578549131,-2.030953145288178,-3.506996428306712,-0.5367252567585538,-3.405563389465251,4.99798078936949,-2.6244634266675213,6.382117511433938,6.430450658990421,1.1421050194406632,-2.1597037655431834,-4.531847506908143,-11.780038612444853,6.461695976968342,-3.0511769876418526,7.325102417044792,-3.334067733381966,2.5885511697742536,-1.322059565601052,-6.924543694914836,-13.170381939874042,-0.7129489721529628,-5.741989509255405,2.2171907017641623,4.86616912292929,9.846315745059808,6.08824646037776,1.4789326952227801,1.1944538082299399,-20.131115309557714,-8.235141828835834,-11.09544358093008,-3.271938718869972
58,-3.156175126628958,19.04765153784161,-7.375423299408624,10.479676927171608,41.222971638614545,-10.777453779101304,-28.206231110620376,79.50846943141313,-23.159825803668113,6.124764969025276,1.1594949052936545,-23.28269513253851,-10.039492843888592,-6.408915478216681,-5.106515290715988,8.893417577466938,-9.026082240578365,-13.729803350762701,-1.2738214630437454,5.195734985503074,-1.652337878836253,9.398892814469091,0.8507277039805858,-1.0658903165590878,1.0562402859929125,-1.1992725983685824,-4.46563610341505,1.9453581216674134,3.8816248537042406,-1.2160497747010655,-2.489148377701601,-4.766752816172642,-2.533781545401343,-1.7591558971473782,1.337888669694106,1.3343505338396118,3.193449182850763,4.2596576025820525,-3.0740086334378023,-4.012354860334495,-0.26474905590735837
59,-1.4134843333160492,-2.8714257850438942,-1.3171846202923527,-2.898923660264043,9.229833015514405,0.9805670014335106,-7.179157930009429,6.652909425356331,-1.3681373024868844,-0.2272453353165524,-0.9857484266610209,-12.909953956119548,8.995611934945645,-9.136792048453323,-6.1312091730200855,-2.5934059043147437,12.62185710110929,15.664835917987064,-6.639841176453412,-7.5599038958410745,-11.717803881601773,-22.042219687303827,-10.43367714004535,-11.010915489455321,16.819482210970236,-7.4817515215447346,13.223684477008543,-0.6445437531872594,-12.205955733999637,2.523136662142364,-2.494466531032107,26.080694151231306,2.6795703195349585,-3.160069132584272,-14.88769833973614,-24.99133345546666,-31.129541119998304,-10.764255705684521,13.458003509603685,7.639747742712208,1.5653444030237105
60,-7.478024285433309,35.904188653746864,-25.63447538060228,35.593137223231196,46.15083176774667,-3.4970221637112036,62.92864497176728,-29.46266154202037,3.7869533189375857,-2.0201293847767055,6.325083852610132,-20.671961532455377,1.6655764889668734,-10.3124691962115,-21.90803108548454,8.6892405515703,-5.357625719015552,-2.5893794225427675,-4.398144345419986,4.874833855669953,1.1319605072505197,2.510932739236187,-1.1174092177622803,-1.6802953362978168,1.2309622820743558,-0.6751503699827152,-0.3669290103732495,-0.32637559810041233,-0.9547247059603126,1.6907119585191712,0.9349114324814478,-1.393483266557843,-2.053313484152854,1.4237221402157578,-2.2510178822416744,0.06842383604001757,0.8282690425178555,2.4248556329546975,0.40779812784252634,1.8442689513687163,0.7830060572155395
61,-0.8277807013300864,-2.77040218641828,-2.637393477386091,-0.5227634983008833,0.9686362923358836,1.7396559717583662,-0.5393064074470988,-1.2711397936803615,-2.102717101719394,-1.626006561049978,-4.3176844142837965,-5.941496530285551,11.258275257384883,1.2065001815287346,5.61661705038724,2.85320721780387,8.612769442870617,3.3833000959225865,-2.0949784965053526,1.1372422241246272,-0.45072438883685595,3.9583948378920275,1.3623906436103328,-0.4620740262488003,1.570072302686509,11.875910402240555,-2.870742851265347,-3.331223475616034,-8.993840102966422,-0.22955733266137046,-13.400126242293398,-11.656068235387371,7.911446574634109,3.399299269659812,0.4701164507550408,11.631077389402417,-6.7330429875855975,-3.9884750042878245,-18.868347841106424,-2.3672714517273654,-14.057562102753867
62,-2.389971833123838,-4.151542040776057,-1.9917622954045222,-0.9198312520554222,-1.6142366132775654,-0.23985862631371163,2.751802141161686,-3.310285902349235,-6.304017593731788,-4.810141537685116,-12.417460932617148,7.9061462939434595,-6.45204106148703,5.647174023081279,1.5722091437626786,8.044989036427772,-0.425096577728974,2.6139566478613623,7.819338484046208,21.721352565837297,0.12175932653250807,20.61773253743476,-3.3439256192910403,8.743869013022389,-13.901796860990276,-0.09871428704665157,-21.97639253013795,-13.411384337538987,3.7719852148142636,5.093601402902445,-7.88148454192605,-0.8666499018224589,-1.5220004494908645,24.49982287491974,-11.681664627287457,-9.94143879465294,-2.0410778992002974,1.5941261810237997,-0.43396993492538505,-13.403181301359881,13.676195699881879
63,-1.4887747078877043,-3.2709553354502,-4.144250480470063,-6.73849387468091,10.553063254420383,0.39721561578994075,-11.275162975770803,-8.689030660332387,5.290328846636832,-18.653444840879175,-15.33775944350782,1.0404987114318685,-2.014298557688492,-3.1132108544402555,-6.547085627172919,-24.232261435321167,8.91317533899238,17.3721240544585,-14.040385885542353,15.877915451604649,-29.89431550508945,10.791019690364639,-7.391185609600024,-15.867109287893342,1.9217472323142553,-6.872038361555734,-29.767910774239077,-1.2307418401249537,-2.339438854537632,-13.746871158373759,-17.114298642404485,3.3586560392187494,6.883724636590956,-3.3222660614194495,-8.111748561687854,-6.836568906093104,6.271375163236307,19.80356462916538,4.718149789419783,-11.209288387521209,11.83118039523432
64,-1.3639313562053763,-2.9891786956792408,-0.5327662315482001,-0.9802036279440571,-4.471548122427608,-3.4558817185264736,-0.8623444846644803,-1.8596767423641158,-5.141566948112573,1.8042397807909931,11.103498590918269,-3.6153525378520555,2.09738994014067,-5.721793205703007,3.8719648059164706,-2.463395092635611,-0.6392979075082192,-3.5293436516813803,-4.0028754164072415,-7.509250460508744,8.147601318253741,9.881239058013382,-8.150707931094875,-6.771448301480866,2.163654075065653,15.853989849943638,-2.9096959904149164,4.134147844602582,-4.020983243918335,-3.8767920358319112,3.7216690352002084,-8.778652073927102,-20.618679562638448,12.737756446502809,7.502282790042036,-12.972754117110666,-11.206543768424513,5.442415249298224,-3.272321521660893,-5.429984590768788,-14.285236182986003
65,-1.9693417007407457,-4.2054010219067655,-0.4544798468201393,-5.028695786119275,-4.109943229529428,1.8462329914679116,7.706720107035412,7.353684032378658,-4.554589925372285,2.4382481822770923,-0.06312604038996321,-5.990130777266987,-21.224089247557146,60.575772737597774,-41.98701854974773,0.9976440549599059,12.606911751176497,5.30092017946267,-1.3813324052278517,-25.045948574835876,13.668589933690873,-36.435165288084896,9.963286927337057,-20.087452597323544,-19.255186212779087,3.197718795653229,-16.06054997663293,-15.163581729460502,12.096534927954016,-7.971817603716455,-3.7357352636612653,-3.3953751225361644,-8.486028214751103,-0.9029272169418855,-11.749995590604783,-2.112372980733148,0.10288617036998862,4.400423670605787,-3.4671357167416366,-4.914305433788132,-4.553125408240749
66,-1.8710071181109327,-3.6309795663628854,-3.2051986801589663,-2.5853153814125234,-3.3136940457660615,0.8970591519031798,0.9711636772594606,0.7399460733829398,-5.387904542845717,-1.681911090907296,-5.42492059729056,5.511760214322593,-5.11460996539966,2.2130211280471808,-4.991764454196851,6.7747010087776145,-0.7620255688516978,1.9106872409728044,-7.456503131403515,3.989362263872588,-5.470860805168945,-0.043626810664343124,-4.949102188718463,-8.471229989908188,4.899983341375728,14.329012939439032,3.225104650745996,-0.25042958680305033,-2.9289806012879085,-7.468848859369604,-4.148582356642226,-3.4220636668746005,0.7215707579882971,1.689113104385201,4.63397868349672,5.744974725916922,2.0335741333499264,0.47832074852517403,-1.3245325689738114,2.5726214649008647,4.000739697585225
67,-2.2203773397373134,-3.8996758622924674,-2.242149156617275,-2.018829129159952,-4.537673764279287,0.3880086125048969,0.8690361564915787,-0.660268089470185,-4.2813991287971005,4.937514178621141,7.079541213340863,-2.471525711428614,-1.4026212946642223,-4.897299890372406,2.093249766460102,6.077058035643053,-3.6775533816191817,-5.461430241409959,-3.454877481211419,-12.72047880236186,-3.4642806560661765,2.5959910587288757,-5.1667090521111305,0.5586615179462124,-4.673051475715504,0.7349917555833504,-1.6684264145422842,1.108638795823432,-2.9517890685701387,-5.57451276275394,-0.4181698016252335,8.889469374785746,-1.1849227046713147,4.845554955773377,3.9117394099033147,-0.6806566003330914,-2.0624623340793296,-5.222606153154713,-0.15943377423056432,-3.2773985983735234,-5.2535598415167435
68,-1.693889397712523,-3.620043280023347,-3.392414335479477,-3.79121373661645,-3.7891024709620003,0.5360028685242267,-2.627272702350931,-0.6220383462466761,-3.008953426084319,-0.8180007214612971,2.6846957424057596,-2.7433314112300025,1.6062437653857562,-13.827123547414539,-0.44001320717249853,1.463719291162972,8.54541671858999,7.277802648717713,-9.705355294846584,-2.5030354223664086,-6.141532401315018,9.785987368287655,-4.001217439423314,-11.273423060337102,-5.277450694406155,-2.5086503120496446,3.7096720759467336,-3.768923189091657,2.4445407525690777,0.5890875209201788,-5.8628716681127635,-3.3130157001566403,-8.181657748068622,-3.2461532166827425,-19.896973755235866,4.246468792144038,-4.329181240796725,-11.544355455779083,-3.378058300267324,0.016063402843102162,-0.9641960433791152
69,-0.984465571750314,-2.093198488425818,-4.726438307463686,-4.635806206246234,1.6664348663331734,1.3981025430022926,-3.897956808882709,-5.794216372426897,-1.1674506966505853,-7.843706586789252,-2.375070444418582,-7.734718838250174,5.868847617654467,-4.728824774140481,-0.3077726727653071,-5.612980510064611,6.028041648692812,0.17902799366416386,-1.7228101615631837,-4.9413824386588505,-2.421187829155396,11.290848321859217,2.6798544681687444,-7.851983839877732,-6.53248044216853,-4.3707303553853505,-13.822803512508859,2.031635085675281,2.1046915614125057,-6.523998459095228,-6.972973565746436,0.7765069194804881,-1.0403442545856194,1.974067183327224,-0.6003391945867642,9.20706364462493,-0.6661836248038648,-10.843652453182932,-3.542971743872848,6.011815041181441,-1.7957510995098351
70,-2.296431431225179,-3.8345257784223183,-2.022330876946551,-1.7278872198069404,-5.1597828948967965,-0.922376822439537,3.293406468343833,-0.9478409948267441,-3.9807535892516372,2.6040523853501285,8.48115714386618,-0.5372850143428348,-1.7366424078263254,-7.891117071645674,1.5511358935721464,-1.909360234477071,-3.564948529760435,2.9925742623763565,-4.757319399124298,-4.7062513691403405,-3.744382332086894,5.639212163342614,3.041200170391612,2.0162339829091094,-5.772887121796593,-4.165207055420037,0.9537642409400048,-0.8876959774422224,5.4021220612982646,0.1581731725436366,0.1638751538326521,-6.227783814212911,0.9997096462663846,7.2678516516079545,0.00276094613049524,4.378492822594595,-5.166926622647494,-1.195173419661987,0.10274560221589576,-2.2966087242397033,-4.542557193511177
71,-2.2094492171813442,-4.1000965380737835,-2.1955753113705976,-1.3911630277114202,-5.918255295233829,0.9638785755054475,2.6582845205364163,-0.2480988705299313,-6.854896196813248,-3.445003317148233,-2.913959865010102,10.715432262835627,-10.584852012791876,-1.147321169134281,-5.626208361232573,4.76308913537846,6.061519216864349,-2.306932437895772,-9.840024545005633,10.243479661904482,-11.806392792446834,6.847456957355299,-2.7944905876765906,-0.5428051299296742,-7.261126974190711,3.9089934478215276,3.700910801519104,-0.9348576087419742,-14.039512282761955,-3.798301954573564,-3.1494205054892106,2.350904079613386,5.601061814013867,11.246340038005098,-2.436031904444549,-4.0936974785407765,-9.546840577628387,7.4778983137613615,-9.846752792326722,-2.4952679866380563,-16.602228008928083
72,2.9932450591295043,-0.3617914206118872,3.0206222576653197,13.895282900445322,-4.319233399626092,-10.70612798578917,-0.971636936257179,3.2712872940178137,-4.946657810986277,11.947657364876482,16.969056518913327,13.856363017753278,15.395654004437322,7.3419681416703595,0.038665935368822776,-9.5597628448698,-10.153803939502117,-6.303696587153837,7.5469784172746035,44.01072714850421,-5.104924144947885,-24.85822505194462,16.42274955618952,23.742498730179612,-22.953019633556913,-6.9394621777935255,-21.981864000775513,-3.3278950463578716,-16.70144312045881,-12.5397548302062,-5.485258391871676,13.350811834421188,-7.97540171628787,-12.080080179328393,-4.3159060673161695,-5.977543824158521,5.945946767644559,-11.371411499708106,-15.124667383974753,25.064532545357224,5.673036418598037
73,-1.4634044277458946,-2.903805458012645,0.9055830440985365,-4.872867375769227,21.37823619003484,1.1735872696573635,-8.446901303553616,-15.799276049820525,7.29066080266878,91.81181562475183,-38.84938052744223,11.953773151719199,-5.715354211444229,-4.586914212304506,2.7864935295159468,-7.256953642252444,6.667509057755455,-0.39992083416775265,0.8082290645853476,-1.5998998638457604,0.2632606603442852,2.916096862612506,1.7891410913689918,-7.088363434263522,1.0929063370701837,1.4730324718172167,-0.23685809881188766,1.1868746214459174,-0.2071830130261413,-0.7635177011707643,-1.4487893486638466,-3.410792986753272,-4.738831042769812,-1.035989587456626,-2.709816279477902,1.5051308226522724,-0.26630585287466046,2.6851345910643922,1.6146834806068142,1.170378286513242,-1.4459889802373362
74,-1.8961049160322156,-3.541214188953619,-1.6465514869117233,1.7876631616659835,-3.7069763908352997,-0.38352136791113006,5.911509394996107,3.5016632378457295,-3.8638277422474188,-1.2916593704400554,0.29273309568868083,9.792974324783742,-3.0930570588026924,-6.104042392877712,-1.4124021131679054,-2.5136771668794164,2.9103603082163545,7.091584896741494,-10.92365053861916,6.820904454365874,-6.88398148629002,3.204243047975257,7.703301688910428,3.4443666047446273,-10.542545355327617,-10.259655214298066,1.6392249809732,-2.688164745552153,-6.795089444793285,6.374912674192122,-1.333764534556378,-6.715858034252116,8.017314978422805,4.069466579617247,5.292947711506503,1.9859127886590262,-6.334837069626927,16.199074895128092,-5.8725392095032385,10.448316830017909,-12.505791782845789
75,-1.8435043242926668,1.935406729458529,-2.514567356375267,8.128443713066066,-2.562670880463311,-0.13950153900857576,2.3110776241837163,8.818620241147832,-4.3297595424503825,-4.9143645523137085,-2.025617100421822,24.42519316892036,-0.2825149074079317,-4.739215960103177,-10.979801597631235,-3.3419204243618994,7.473622133004078,9.860570410476884,2.772455556852929,12.152335445891087,-2.209714095995435,0.6588508906064543,-0.7686674124390601,-2.7400537494545625,-1.338544849218368,16.778308626049522,1.1652126194695092,10.070975973313555,-31.472146883922427,-1.7607443806898668,1.8747398265304582,4.961268245131148,-21.83535967310115,8.74124704240234,4.240345277248674,-6.652360612243774,35.388007762508444,-9.973427136958604,38.8845088151434,-4.357418297513241,-20.20926101436274
76,-1.458508975731549,-4.065715868423516,-2.369966851189456,-2.062762482952369,-2.82859689436908,-0.8187239216014673,0.0011497325551452272,-3.8093975742281136,-2.976108139038081,2.649591745253407,5.39632317172141,-2.804513740053627,-3.655110084374505,-3.2882308862604037,3.9194860725079135,7.656833582166738,-8.70862874361832,-0.3534931184227621,3.072320788525872,-3.2740843179908694,0.01891423608979624,2.9844716588654787,-4.839791295433483,1.8158139844289045,-2.3873592823455883,4.630690582843247,2.693080202086985,-3.4872022577139177,1.1965660963316092,-8.979664252209902,2.3092634299423227,2.4664712263956217,-1.0230270154544903,7.022297218940206,1.6788234605805745,-13.389331326612385,-5.866694999111127,-6.027535389332168,-11.018748272511107,-2.779626640251304,-4.878585331369374
77,-0.5338176805279481,-1.0594658164125037,2.7605458824837212,9.516858382185887,-6.365708129930719,-8.30510420152309,1.1738691719994685,5.901073531194736,-3.290947689208141,6.382101948866995,22.761515025249885,8.351972605255144,3.0593345277217243,-20.390272579758413,0.46878083429357525,-1.322514271111652,-3.3588724116153568,42.396077853871134,-4.671552896338126,-4.46323256814802,33.899877053788636,14.190427061892555,40.889604702398124,-15.656409444521927,-12.788550790963672,43.173393945828366,-2.6274426034186487,13.408382561909256,16.62982758762081,-1.7699893628053314,-10.838590883721507,16.208100288829502,7.204909472525902,-2.576851010335338,2.056640929590877,-0.6745467578596,-5.8973288679036235,4.044311415354109,0.2304032647295635,2.1747409550049572,8.04231581315418
78,-1.0267410443531566,-2.087251978939747,0.6812733523155552,3.725135637517841,-3.3561178157232967,-2.429238740018515,1.9929734201271818,2.4061117955035236,-5.929723280782606,7.829970374894671,12.345213993374834,0.6554830966441235,1.481874399448848,0.3480058241246212,-4.653760621766206,-1.592196549916987,-8.157054444768047,1.7793748358311938,0.40951364898178155,-10.705950559426519,-4.8860349308032065,-2.906184599460449,-2.512624275032891,13.43301399333465,-9.679283214383782,-14.657112357764195,-9.290598226544974,-3.7500578097716852,15.696129720932328,0.9803548181602431,1.8137557370771267,6.755117273885031,-0.23036797078059873,8.25623512913657,10.276455179390585,-1.2812022574787967,-6.442531566480796,-22.028438421785083,21.90404761188794,-4.131529473745847,-3.5542117509072173
79,-0.17856749090116708,-4.7293191396669005,1.124835184024894,0.05399930578214208,-7.607641370202668,-5.802606759507727,1.5747993219775214,-1.3744375496176788,-5.378547575995623,8.8046210698782,16.68848610831684,-4.036210063011004,-8.081085792947755,-3.8156442187877166,-8.018295479640692,-13.286794979273349,-12.775185922799414,32.285379769364056,-4.021389751177008,6.242182166349179,-23.823962752234483,2.4197587341425497,-2.2917354476354976,-9.467908653558643,2.998888927101723,-22.94080269200795,18.276293297004138,-7.441003056312829,37.09093348455228,-4.5187727100639945,13.031135025325344,-5.453498823924569,-5.908910613304848,1.2846251121828345,17.201514084265398,-3.011589581868671,19.462676856623823,15.136677568288064,2.2796450678283384,-2.206391598182979,-0.9495379906576511
80,-2.1380614728906635,-3.082174132248855,-3.685604487297096,-2.926060684443192,0.1723357034660348,1.5288074670304501,0.9472681290524585,-0.18348308854197443,-4.273183796439575,2.192053645508107,-5.220208992013156,-2.5136353434694776,0.037029511358742766,2.4918883521008723,-2.202893710532731,6.611638951931505,-1.3695808477493423,-1.144855294738146,-6.3985441899691455,-3.242105260588574,-1.9450625877374856,6.824836501921031,-2.5805308834185343,-0.2503533561249161,-0.10790450779275038,9.539176715121835,-2.9618767694166777,-0.48562869998322433,-3.989614653650243,-10.109657077295006,-10.022620376389435,-0.5756196557369315,7.878617039578984,0.5477825491415905,9.547363713629354,0.888501197746891,1.5802033260650639,-10.35383242253338,-0.27866470316338576,2.9292318178467696,-1.157380553546848
81,-0.8895303297861057,-3.376674548195974,-1.5691376765961695,-0.4013016300337668,-6.788247228132878,-2.790347364926741,1.1938703415476128,1.2033390666216668,-6.389004381137347,4.47073699196557,7.066500912872363,0.9276756196241114,-1.73279062295648,-2.046336405554906,-5.192004378582157,-3.1407392846707407,1.399811064064521,6.031542020312351,-13.825605743238178,0.5778041053311633,-18.826342177432146,4.839179846808587,-2.8032141142166735,-0.16930729429968486,-3.1168640772156913,-1.4862398990555996,-1.536959897901787,-5.454950286323017,1.6184788432026864,-2.2856183623365767,-1.7413940264822594,-5.273679355047153,-0.5915229406037936,10.601951296734448,8.236619547687319,27.37673351135754,-13.502059679184647,-12.345590115554,2.853556097677086,-6.080017961383204,5.502442601567748
82,-0.9591897649329526,-3.7639598426876555,-2.2538848172173593,-2.319746251564093,-3.0405624650898337,-0.07286001574395008,0.07836050985083282,-0.906247760328256,-2.751619574593495,4.892940675051708,7.670105218508751,-4.961086641862354,3.5017207508779657,-3.2330590641420263,4.065716874024478,3.7166352314942306,-1.1364223288070074,-2.1004453167621264,-4.525676340345105,-10.155272064294467,-8.838381887494872,-4.580511404702226,-1.106164753770121,1.255372243200078,8.784201158082219,3.953140144504316,-1.116911473219751,-2.1091091731973295,-2.401982075286278,4.6936645822139775,1.9313275694802234,2.3627609367135856,-0.2699109173098899,-2.255853845238789,3.3760594811951217,-4.4928658032342605,3.905911700803805,-5.043589190294504,-10.702149205555882,-1.3117961129091007,6.788671067131137
83,-1.3134103671500483,-3.2052891575322975,-1.3650987165971276,-0.7291962038538343,-0.8091298950264406,1.6871036219042885,0.6757264382974236,-0.32608531947859576,-1.2663676996934294,-1.2555113622451162,3.2361222137896273,-5.520679699241618,7.702215045103782,-1.565578575026711,2.3423328556381224,6.217792387451805,2.252274349393754,7.035418223934937,-1.5375671790404,-2.6878418875613423,-6.8337440159041005,-11.23361203873286,0.42852725309260875,-1.0959471511418388,13.228640939823372,6.060088280507198,5.140586921382039,-4.143983731648293,-5.998886337322857,0.05599344692836762,-12.763413058745044,2.1975429828207926,12.641932429967452,-0.35782042492899996,4.6173204849682365,4.962018180866261,-1.4374349508013207,-3.096617769750125,-2.3773175327527003,-4.485897658744025,-3.4208487997595265
84,1.0502869610988117,-2.6611571170813315,0.4312392599666325,1.7557731837900312,-2.881847310981291,-4.423484851381323,-0.1468724815528667,-6.100283713473164,-6.116244014348303,5.333069140073803,9.792854969298668,-6.490296610632519,14.775558497819636,10.390688745422949,3.9290816962214286,-4.637760174571224,-11.285933441360491,-9.706653772681006,0.4687303609255775,14.679847554028491,-12.0682936569481,-7.187528227034278,-4.449571484224093,10.77229913121815,7.350091016256797,24.13301568088557,3.293822565877337,-1.8346765526663769,12.175809323534342,-16.910583409933693,-3.3688759650746425,-13.519109130639704,-5.103202259247924,2.9196246803980515,6.6559247062864495,6.302161283546287,-12.20269647663766,-8.457512906833546,6.153709867664089,-12.86866382905108,7.185286985747172
85,-1.5716045193253294,-3.2756515456630564,-1.4736623847372532,0.052168191925207254,-4.13819240252941,-1.5360894350437555,-0.535186667031688,1.0560345146535184,0.2519228540563615,1.6085239614753084,3.804739714940489,-1.6876257504567973,4.141252144887679,-3.2936088601436904,1.1571928691620699,3.98979146782997,8.65104444946147,-0.3379795860326281,-9.949456680181072,-5.161077883290439,-1.6757412585361,-6.041882775536048,-4.53192542215126,-4.1047928338166875,4.365328724838697,0.34370388599110185,-1.4964969631751561,-0.6580324731617474,-11.833109850165254,13.297729589877289,3.623382604051483,-11.09263231982518,-8.62732389314061,1.713867340233537,7.805664193890497,-18.107837918945965,3.298933469115262,-6.8377644179385335,-11.558252436620634,-7.0382080147185855,1.8693006545625206
86,-1.5365190195438685,-4.1442416343415704,-0.23554913680675402,0.22633652857579897,-4.887418253801158,-3.1614565265971972,0.4776274292796548,0.9278126603444231,-0.9881589580998238,11.176384713459411,18.816726663267435,-0.035142323363463665,1.0306637218341868,-4.685898350426573,4.0821617008597055,0.7573908389079353,-7.862605230136831,3.377519384541324,-5.261922576035623,1.6938538264477934,-4.100284916653868,-9.718052921076426,-9.724514300218184,-0.15657478396791016,2.887619331886854,-7.548273483431923,0.5702573734617671,-4.2849908350650985,-1.7843836197426808,1.6845382729747493,10.462325526239031,10.185631122061883,-15.880960782471476,-1.7633661776030414,-1.4350913300312502,-15.71946765246181,4.000586551031302,-5.19854805750745,-7.371627525070877,2.352061114630194,3.936760774013224
87,-1.6655436165959165,-2.569120599389168,-0.26936536097052555,4.5992646754810655,-8.856635122599018,-3.925375852119438,3.658273778102691,3.2332891346374986,-1.1958329300709436,4.578376448923837,13.580656544498673,8.668033389434092,0.5768669634370827,-14.037684136878045,-4.4660391354138635,-1.844580824492735,2.881545812557577,9.664664667783711,-17.739127022670125,-3.1036777491409446,-7.848439159963052,-3.374684964497592,12.241823631679718,-5.083416535980635,-5.0305066979859,-22.439188479313255,-3.884940731490325,-0.8480611565524454,-6.279739218667448,35.86492483629661,7.758121130867471,-16.765450060021784,-6.633077983100913,-18.76026954683441,-7.988925096267759,10.464593847044345,-6.074167466967818,-10.051598253699089,-7.67644992692682,-12.182451351836061,6.4013410539756315
88,-1.9065742100149021,-4.276098757612066,-1.9287784654095168,-3.059287977963933,-3.11990115548339,-1.3492837324291664,1.1601907874242878,-1.4729214090418716,-5.868393348952497,1.7898813190926595,4.913136204149426,-1.7704322227487228,-1.2661109926098508,-0.15797740900777393,0.10749139384387524,4.213123223608001,-7.26410311112173,1.6287089783398512,5.216261079316854,-7.949226653673783,-8.024514774400483,-0.3361073540348912,-4.2091693776649,10.385413879922442,-3.5996756423106047,-4.68230041327953,2.9249129739204776,1.925194075411669,6.422272399586914,-5.13508405206216,4.8823345171262895,0.9532824037441695,0.7461876413613069,2.2362577384185154,6.4674854905417405,4.43850756291021,1.3508677054468372,-2.3831609573225903,5.472103480276631,7.424658734993221,-3.0384266999148832
89,-1.3256904772926414,-3.831409915049435,-3.277295585052123,-2.2962664161095376,-0.6282550096854357,2.0213679208436104,1.341328932861914,0.7903382462869926,-4.097212688314657,-2.103659273057883,-7.575897478888884,4.892183529812465,-0.6239808209068867,5.973790229315503,-3.5261320642340777,13.460339684107986,-1.4444797178318316,1.4212383887443674,-1.2279122792790553,3.4164197175493523,-2.3936887805076803,-2.829139298415002,0.28720429666999797,-3.6193780156301205,3.3770058726570875,7.629061910287829,6.242701903887374,-0.6283637415908152,-5.116196033791434,-4.4744664961142915,-3.9113240767620443,4.9687990527789525,3.928483235054747,-5.965840277258158,-8.386592654810704,4.855061307596787,8.16483861152675,-12.31039346165901,-3.2222090270569863,0.6435471036775211,4.7621126263573155
90,-1.5242333780937163,-3.5588988014843475,-3.562285558392598,-2.654845992053086,-1.9274937838603827,2.2845982645869682,2.04816582746922,-2.34623281456709,-4.691076323587284,-4.407967920012233,-7.921562655613824,2.3783075508047604,-5.75732588861241,3.795564552290246,-0.5736522460796974,14.095385554025265,-5.475706728503558,-0.30730846438901693,4.385567440493766,3.089433563443437,-5.841521749656273,-7.048575359628916,3.002376458365398,4.9380875262326285,8.403279724046909,6.72262797185689,5.900867330253873,-2.9766279894478904,4.360250337562315,-1.4880744000111774,0.5462305741018249,8.465977911686597,9.207649032394404,2.511476470140896,0.8355523245585476,7.066164339572674,1.0946113162111275,-4.960756056329872,8.908115236890712,-1.9703679150892448,1.8801798673376289
91,-2.887246744352309,-4.229120939515762,-2.052162031634524,-1.3164562626526304,-4.621320396749635,0.044456609181290234,1.1873433594624259,1.2697347406863777,-4.304977007045322,-1.7140168765222838,-5.364454894966804,5.284946554197957,-10.2874671523529,-3.649116863154802,-7.098886142460443,11.178951851727687,-5.535699744275546,6.985764999443465,-4.767658977655732,5.34845087165449,-8.361713551021882,-1.4774820241607831,-0.5594769101084892,1.927294084288371,-3.1136634258700573,-6.709863321712933,5.997444713845837,-1.654723296307149,1.5502151403631161,-5.741740149196474,-0.027215403592002974,3.9297376653908787,11.71339322404731,-9.779561479880174,1.4648721474158535,3.080417304843481,1.8584744804743234,2.629688206831618,-1.2247065721800052,5.915344182159943,-4.749146170837443
92,-2.1060613393404237,-3.7322962304945273,-2.4541474206857123,-1.9843775227573355,3.510028212767706,2.4766571678382276,-1.351163430975341,0.09184732075877466,-1.731800335594102,-3.554641680977314,-7.451043559462227,-2.8770771321179955,-1.5701130092032853,-0.2648485153659128,-3.836669989018986,10.228110713362522,-3.7189271796505046,10.425407552536901,1.3857038258269103,0.7510518206907081,-12.405789970758942,-11.421094283052472,4.381991735006987,4.7387827396455116,12.241495037483308,0.16115709098408276,7.166033452682172,-4.008438394439044,-1.198465125141867,0.42145298554635685,-5.728639758096138,16.656588035892167,16.80618141982588,-7.977586723318089,8.571322135452727,5.006262539170235,-9.422027118429659,-2.0191962244558237,-2.911257247742322,5.3120048730164795,-4.008877077847632
