,0,1,2,3,4,5,6,7,8,9,10,11,12,13,14,15,16,17,18,19,20,21,22,23,24,25,26,27,28,29,30,31,32,33,34,35,36,37,38,39,40,41,42,43,44,45,46
0,-4.648968444956433,-5.494758050218856,3.760446616477454,0.3224862452980468,4.587554040142345,-4.722072560000451,-0.9675626215774885,-5.350644675477105,4.934024472068618,-13.653908300204689,-7.0089633683405355,-14.10682900831979,7.496487394822244,0.18772912545195047,8.29163138331673,-2.7030081217732285,14.676151952886585,15.539312019058887,28.551961551608304,22.003922326473198,-3.349974110259758,-12.658591879069965,4.444456491632311,19.77468075658325,-12.667820434246861,8.595580274660122,8.646705338721748,-6.051625593669912,-4.7987754023321205,22.742692745292988,-23.160123012513385,-36.28922272885634,22.223453675536977,-5.411917302210158,35.994850705673095,13.777581794009903,3.052731985615881,20.816788201455157,-7.495733159478632,12.731814120201822,-13.918208670766019,23.390946516546762,11.577107179369222,-2.7614242821621984,-42.77858084801653,-4.909012495169601,21.651718928701932
1,-6.2572682362988195,-12.548033685824556,-9.38982444872907,6.7864078452269485,-5.198499814350848,-3.9394503573081407,-4.551732882596587,-30.61471558942351,-3.340034445130075,17.180461573358457,24.887023585744014,6.152789519416833,-6.206970244229834,11.722110016345571,-3.957868680982107,-3.1784429573356583,14.915522022450975,-10.699740879466992,-6.5445464022045545,8.405121496426041,-5.555384666426447,-3.8860111090669305,-9.171921530210629,6.5813080965442055,4.457972212740902,-11.845855352004955,-10.062521035405048,6.584303529580798,-5.2040675816788955,-13.437149046870903,1.0405564053311218,16.29323885390925,0.9950715619893225,-9.218643609794904,-5.2291950770097495,-19.17879348600435,21.86425439228401,-6.325518565993091,5.587885334128724,-12.642683453811298,6.120225256677165,1.1215006927865223,-1.6626893347373906,-0.2506195495780696,-13.07827664873757,1.9721013240684746,-3.017680074947802
2,-0.8410732389226386,-5.109725014088172,-3.4651785287558545,-3.817294381797131,3.9492667057589217,-3.9203177515356376,14.854888143050907,6.967932582027039,1.004572381747951,-10.775260795538488,-5.884304933444324,-22.415154912873838,-10.242654229293715,5.409958329834956,1.4836444705586938,-18.201478057660147,-0.8280986131891068,6.244253041539382,49.19921201849561,22.948603142845183,-8.08230071516629,0.05221963080804419,-0.03319010773362574,25.809880367067358,4.066312905127173,-16.23049144558499,0.774806509521069,-2.8287229549697326,-4.154765048829499,19.627385295431854,24.184799250334436,9.487953688924783,12.602684037898948,-5.358912141298717,10.890012680948432,-2.538664118892453,-19.944186652625604,-8.9614261767352,15.276217163794858,-12.153166077738101,9.961423428390583,8.10947830323417,18.120314843629195,-10.181295870050604,-13.643911275569748,-9.504212023079198,11.030002260967416
3,-4.896743999098687,-6.080909348287285,-6.476067013385711,4.843661641651985,-1.2477301606201503,-3.717688730591088,-4.077180694004131,-0.08218551337602849,3.3144388337285244,-9.669523199790401,-0.3800512821954023,-5.026330054394984,5.025915725047904,-14.931533088314222,-3.8782469412972214,3.7349413619680516,3.099593022074562,1.9445865596274288,3.1378201861830477,-18.87432559791028,-5.4021054705477844,-8.823127682361939,12.867702251490451,1.2586561192492454,-6.67853721670829,2.824858734905579,1.2604252462296808,5.788056886751674,3.838770348955005,-3.6002615893208603,-13.538176128737847,-2.7059113125246648,0.40859428712547985,-7.611216194498679,1.3452506072021224,2.0308052114062782,0.3836469110032179,-3.637380510105518,2.3716010811323116,6.805228455760105,12.179666785439148,0.2669645588771973,-14.081109875775546,-1.2111270012051243,-5.378544410435537,3.352444879011141,-19.85572838007994
4,-3.984203313614234,-5.890325803392847,-3.7167781278236918,0.9248705033876893,2.6705217907126,-1.8400463808554295,-2.9074791285916533,5.202395055062889,9.88084106254936,-15.284551867800712,-6.688355094233626,-14.697736140073637,-3.325158086760039,-1.3582402432245415,0.2525164309127065,-12.68476645493906,-2.7383200704093382,3.9375857138285433,10.5912470425056,3.0053270059106976,-19.226875692260336,1.182960353248607,-0.2942738714523978,7.220304482944625,-3.1353055042425435,1.9137120122528541,-4.586131565070928,2.6639034639791257,8.805891440748852,-3.856666358308058,1.4769889262279723,-3.3917151412287225,1.8328939694746809,2.92441695742666,12.987600284558415,-3.134355242220392,9.267530380396707,4.088410925328847,5.895878008221993,-2.645305780213248,1.311820197825494,-1.6265030824306206,-6.60626782458967,-0.11728039702664178,-8.653930745628116,2.4999435818907276,-12.103679073671934
5,0.2252969568397411,-0.1494420855955836,2.4968885195390826,0.44607682885809224,-0.21073997207223683,-4.558697279890616,8.146467604102723,19.864367773083202,4.90603894459016,-18.65898324448427,-14.85420515587605,-15.308900695397291,-1.0550286651139449,-6.770873796143537,-7.100963379600275,-11.195788157619907,7.837110339680222,-8.704228511853364,-5.170923779036884,-2.670994746594266,3.231765547908771,0.9326558053131129,8.737783537890092,15.963324766506584,-3.9604770020013444,-1.5549016623420617,-14.806338697076518,-6.039989630578238,14.306136465658694,-13.22492035564487,8.140329334756714,0.44236548027064937,-8.603497633846738,-12.00804337854197,-9.917955461812191,-12.66531843434133,17.50229479374783,-8.958287787519959,0.044669020888621874,-0.8789382543529636,10.061683464938852,-8.923874543379796,-15.621719537304129,-16.447932343661975,8.00530493706951,-6.910079320999328,-8.384512442543661
6,0.9053036521483018,-4.104841841422835,1.975188292306717,-2.1933532007082084,8.146799747907343,-4.561906385859713,-2.935984587691621,13.954054385085751,12.278253315278384,-19.801678680370078,-11.272161991206035,-8.95836634242762,7.857900644959991,4.895324824754336,3.7577578875970192,1.4140343715660078,7.829415767498083,-0.28842574538981114,-1.0465920492229823,-7.9983511052767176,-0.8672023579480156,-0.7425316679196108,10.117088665614881,15.938837412022757,-5.995407727385682,16.096866638806535,-10.967164804886112,-2.607929049270273,20.112114745556312,-9.347797376868808,-5.187798135791399,-12.720628187867556,-8.364980032371935,-3.1207012146512927,-13.776850453650361,-7.105200881689868,33.41283501859385,1.0610867623174554,-6.537124745182339,1.3889955808869576,6.367179507042544,13.330269234614969,7.7389090818305615,-25.721409971907295,-2.6961497357187385,-4.1558278766720305,-14.644435997820182
7,-3.902106683758776,-6.6085873098717265,-6.807680807838938,3.6509126308448696,3.9377351358432997,-3.5988258377644446,-3.6400311227518816,-3.258439206887793,9.028093013873272,-9.44365852054108,-1.496730708927038,-2.3633220981344287,8.167637851062315,-2.3161539112007294,1.9179336550336983,-12.255282881967965,8.521789381677513,6.124797571436371,2.4080292214930497,-8.443364174557523,-4.662980154258217,0.8205107149756455,5.10789769384364,1.6149892509738002,-0.9962979325868107,5.962098549932894,-10.92481047863528,6.140948674710239,-1.5013256881269506,-8.055116773657522,-3.0447444524791973,-5.472841426654264,-3.0925673727003398,7.965277710430454,-7.235027198439724,-3.094523321174792,9.454564634752654,-6.116747221065272,2.1703485170978567,-0.7268426552407379,4.944457812366261,-0.9553911749928053,5.851918996181263,-5.878148197264621,-8.921460948538947,2.494863647944417,-8.120290048858214
8,-2.0175680259785653,1.435183902738103,28.6276880355674,-56.35102040021525,22.71395158847386,12.940017870955204,37.8919765820184,-33.18758851906276,6.2133604299226395,39.618977539000596,11.123779030899966,1.5061592302258515,-2.9477632714888005,27.674148634909887,-4.6241632240663115,-12.697879943755632,-55.51341969900825,6.461309063713802,3.268421818212136,37.48328075534875,-4.507207976925842,-62.52408402277374,42.67446487506813,-46.09973260171993,-29.210500733449383,-7.822756665641112,-58.907956395164085,-33.85120031557601,8.774343409667944,7.362814651738809,-7.544168152936828,-11.823052624253489,-21.16233841719799,-8.332173806421928,-13.571606415744625,7.588047947318584,-7.756176627604145,-1.3710122873871002,0.5076776598483859,-7.240968937075772,-5.016292925619186,14.064232726222553,-9.423762673096142,1.4282058507333946,4.728521590238689,4.48227745347942,-6.3007303636578476
9,-4.515786327371555,-10.217944685382715,-9.960394930518156,5.516840137808446,-0.43471677387189706,0.2288301618928859,-9.167241622639292,-27.135603943292125,7.933853466262271,3.9472432551850503,14.581633731096945,-2.897517897448135,0.6794863351617706,0.05913988833317492,-1.6314052897893003,-0.5597923012073782,11.088387930026459,9.7211494401128,1.718528321748357,3.2983613907277065,-0.19806293635603728,-6.459974327913286,-4.30159944988033,1.4514864163536076,-0.14353435814540744,-7.323987128870936,7.201302079170132,-8.732390578337345,2.312776468493919,-4.518767892159392,-10.37674658864257,4.988672387130128,-9.530330911963489,6.82652350402068,-3.6390807582959717,-6.959862684734023,3.129284899501691,-0.38476482860040145,3.4233487092043355,0.9719006896523092,4.978546293086318,-7.682747889147896,-4.599185501174529,-0.9234208255521655,-4.744714140108012,-1.917024261846167,-3.1666417526494692
10,1.2234630866534362,-7.433127663009974,-7.338119896298728,-11.550417493508354,12.417306671635108,-2.7019340246053813,11.906443017644463,1.7178619966880126,6.756778749386327,-7.784354380890296,-0.03354694775238183,-13.330593976090505,-15.749114469599544,6.343434042646792,-2.0613519179987407,-17.608969997351963,-17.068804179992725,4.0486090302479,25.219746809541025,14.354154744928646,-20.105984715984405,5.098631764116309,-4.174307116133583,17.935932590457345,23.378269744355247,-7.650516808163449,-7.809299385039821,-2.8404611970201605,-1.3882412931466817,-3.3279935132443668,25.240420340016772,12.294486069664444,4.766596452361387,2.6809940156884187,-3.5171110759879576,-3.033604103788989,1.8385734619082317,4.597810079732925,27.359041438113987,-8.492375456184662,6.614476086912694,-15.377332014246072,9.203207009376468,1.808620793719226,-8.910758867386013,-0.49436863794042263,-14.072442237531124
11,-1.9564833916391489,0.32556764322310744,5.475890926000224,8.028099860773084,1.4775011208325144,5.049178277966742,-4.819081343074402,10.35250081760437,14.615213733729515,-16.48804527647367,-21.222037012675614,-27.514954204874886,-4.821324400937745,-6.1107788310031905,-5.137792397181689,-23.787140475741577,15.885182805793288,1.0285487285164687,2.9333056526902266,13.356909932891028,-34.381475894088794,15.614214399511036,3.8998140821609972,5.668356342136287,-20.243144644700926,4.21329386643124,-5.325484652760234,-16.5396488449548,-2.616314880992009,-31.120377674274334,14.331944296431098,-4.7393294532323065,-18.850276677606065,37.6755653093404,28.049044682438225,10.588854832159836,13.475019057460067,-35.673126066643384,13.441192022259731,-2.853458493271693,19.066415214561903,31.466558424834997,-19.250585507609067,44.51245236262643,28.560174760715412,-9.464778191908186,17.30528419385014
12,-5.059399100867267,-7.140918409534613,1.1703710213967666,-8.3479001078613,8.952136798535,-1.5128878967375068,-4.727066240096013,1.876888992043265,13.079586419008711,-18.009890293992004,3.9002569112466237,3.5147199597757854,4.534712300873795,-3.285579844728292,7.288089265906401,0.7857507788862909,9.243577565636347,-2.592659279132129,5.184692262614405,-9.94783580739128,7.521246589707088,-3.867940317790307,13.128916762040662,5.4794787691308064,3.2666450033367824,6.164078625872437,-7.924538399137942,1.405226592937327,-13.123253330073933,-2.993661945485232,-14.644216632942182,-7.04010095338141,9.181635784415109,4.478739452110111,-7.672720542928769,11.358826358679183,17.67634511535495,0.48140302848375394,-7.070915788019116,10.032653803028287,-5.287773804717951,4.5721632522141675,-1.3169333071881282,-3.234514973299775,10.514998650716242,0.9524905015484539,-5.748087966683398
13,-4.465016816272383,-3.291521658087058,-1.8212458973107002,-5.131188085087302,12.909506707132133,-0.6703204195245727,-3.2755726280799844,-3.581562692988798,12.626032258518505,-21.44901354501592,7.313924249102013,-2.2082370617071017,2.239510667126064,-6.417873139132457,3.402397543410209,-4.294758510193247,9.405393900731323,2.4072520363252754,10.59569843491463,-5.540267867194951,1.7120974256756605,5.5261239854405755,6.708072480612592,7.00843948257521,-12.835542425495609,0.30121773934837504,-8.67898020237722,1.771089315263527,-2.5881663273883557,-0.9800195885694567,-18.52450843615812,3.120706291854836,9.182115755389622,3.5078636177983102,2.0244052532372256,7.796608521860568,11.93723081107966,1.3024888582329919,3.0961370703445557,11.974725309114897,2.4301742693547377,-12.366604675960676,1.3515336233727966,5.178010897862592,12.207723126026337,-7.8409291907241645,-19.0806511026302
14,-3.4295487813257592,-9.602405865937088,-7.429496981030765,6.621691320308622,-1.1922390285310318,-4.032972567369696,-4.678874597293803,-29.259060739048635,0.32748654937412414,6.162503457661836,18.87587778216119,4.4051358975852715,-1.8651188298543244,-0.01844610691353129,-3.422661018746818,-5.314296932760991,31.577309743667826,-13.325246152939615,-0.46487427756424227,20.679353582599553,20.564664050245582,0.7969630939512218,9.19975054389308,13.018878769264193,9.822074602262663,10.575249501670756,-19.026735154963013,5.191384212763673,-8.349389099034527,-1.0647324848393287,-3.494775566552054,16.9091661891478,7.18335860555057,3.068337428988167,9.091158058941607,8.114842805272964,0.6226156001544774,-11.78002825426457,41.05615607731914,-4.5710785808074474,7.929479079253139,-1.7736885420204085,-10.894573931136113,-33.54831241886139,4.732504357216868,22.87178957242489,-9.25350262932768
15,-2.3092583367584636,-3.3883909548125013,5.039919277173445,-29.096420393254228,17.54886156056304,-0.9508815849653282,18.852098531986115,-15.821484161332275,22.708917240033724,-6.158608781758158,8.14091919191226,0.08956309027111259,-13.996245858529697,14.161935404509265,-0.7684567869973964,5.198674066306688,-8.278052235127804,3.3392408095513053,2.5215431953546994,5.397439944104775,4.945321150525625,-1.404828687292247,-10.863952017858407,17.346226729666267,13.505344435862824,-11.437597579390026,1.1906831263917252,-13.459854196110221,8.905707768548714,22.794860514579153,-2.395647465044313,1.0489106712921656,15.244798412157344,-18.70376367333072,9.260678352501676,-12.190769866531797,6.508231559092137,-0.48922535749451934,-13.249167926754644,26.55526563468767,9.891772405159752,-19.566313339638985,11.76918121584763,27.304168620730394,-6.2811264967832825,6.748639693239636,14.171918224628715
16,-4.005399870593107,-3.3614519413022257,4.5371204809636,-10.98229310881339,14.500866081279812,-3.1956662745080475,3.187722353844707,0.9465980867765836,11.909941766580278,-20.715579600762947,-3.8186536649615808,-3.3136604947736856,-0.11246213368836397,-1.027161222133219,6.68697614155095,-0.607100771160623,2.9366814280100284,-2.415011091250217,12.596948196642803,-0.5621836846010738,9.644950776545071,-1.1299227139036383,7.9389495195776405,7.785523086472679,-8.94010747742068,0.32723666391868034,-6.974583579403161,-4.315081312490183,-4.062132134932907,6.483045262034071,-3.5879570592562695,-12.658752485531618,8.703738902624684,1.98520269114765,2.224882952449873,0.28693504654252916,16.15208936834778,-1.0242566352110078,-6.351643404875025,7.0536762261905155,-7.258823717884466,-5.883931696714454,3.1432312911800184,-5.35330582188149,3.1807638133917795,-11.830344699061317,-9.443628977861374
17,-1.7307903668062472,-5.097874195397851,-3.6698396366528225,-17.667264616638832,13.9730319708338,1.460749735668514,7.935647840769987,-4.961982376768274,28.997449191867815,-12.451538637690826,8.958395763041072,-0.9347859873269331,-11.825472710397555,7.559257558737073,-6.811375409338138,-0.8543620845167499,-3.6604943770100546,3.4482382708954065,-12.21194286347535,-17.845149121293254,-1.0346608503875974,5.490475717519969,-20.85240204638463,6.679749451373145,19.2944349664552,-17.919777952128932,-6.416712511675323,0.6148436211782465,16.152459931834365,3.0189971223411614,6.082439946356312,24.643032140054096,-1.9799489076969405,-6.380642112585047,-5.302302097095045,-21.054236306972395,-0.6888950323204066,15.133188265639664,-11.77289162296022,19.981632285959293,15.988480186999883,-23.766774421708433,-13.778086835896602,13.791971553262819,6.919764630011079,21.881901627567675,1.4060655078173772
18,-3.9375150786120776,-0.2996039549562237,14.99997452380646,-34.28579318150479,16.276597039431238,9.479192198179636,16.72537709296701,-24.290848344490787,13.39953855645533,7.184673009488876,17.175684682434945,5.22354385464349,-3.8764410365942066,13.314387041705197,-5.2984432760483235,-4.469893247301352,1.6330966646643026,-0.5103611501590071,-12.066025468142708,4.997068423992506,22.59792478076915,7.486854510360574,-6.229903512253724,3.9090925561929226,5.1687083343167215,-6.8512417491090885,2.6846148636937284,15.59951842350335,2.590295666121901,6.262039874477772,1.4295840028129172,24.94052332263601,-8.584011252517744,0.08280095035496138,10.414753319625767,-23.598878155673557,-2.0063004545232888,-7.688836396370374,-5.442851140096927,12.58406661298975,-1.861962718473445,-7.93769606220388,5.3449887589448775,19.040897864007867,-5.799880368145199,16.07112849378059,25.85943560604858
19,-5.587296455006985,-10.951429559546362,-6.809996664132504,9.67040424449368,-4.621630650870471,-0.5897620900514478,-1.5990163341686077,-24.719145903625833,-2.302381049390023,13.849935382905164,23.85118675546753,6.616986697444614,-1.9631532997814298,10.357732921431738,-1.9169929210664507,-12.601559672190655,13.451635315979216,-2.1784498929688767,-2.0311711252005624,-2.427593006856612,-9.196061409887815,-2.765316216150401,-12.16928672374508,-6.505320667369164,-15.946495872763316,-33.06939312082202,0.47638080801514937,22.362612334641863,-1.9888667617054692,-8.640404063663782,0.2900707294417707,4.05301395191449,2.4919652434720003,-10.96803894146183,-26.574377993354133,-0.997469584002425,9.390016769769037,-17.822277031552794,-25.496245257330802,8.649288865428613,-0.15419963980538504,-2.9588614237508124,9.153611051607257,9.378886317344747,-4.317785379490807,-19.973197550867035,-19.45323874736953
20,0.8509888020185574,-5.230592840918444,-0.47908857583896125,-15.264022852032944,15.373074042252092,-5.1346693198131845,16.95506388750704,-2.1977169603322597,12.018523037805531,-12.40744498054152,-9.786841324984335,-15.886336364070386,-10.594805502258094,-3.0040682135693255,-1.777099879340586,-0.7921080321203281,-15.403840731785191,7.9474476135128835,13.108768776098206,3.3747381825412575,-5.2692793183235,2.5111592102407916,-2.2645382721650704,27.52060424969542,7.329848339504831,1.6898654633031551,9.382331948223937,1.2186202369021255,7.367937455005299,6.893665823323209,-17.35434811062231,-4.1615091262490695,12.973730206832622,-4.896308634743899,1.1691778605675522,2.421705030208627,-11.138214991031454,14.723374581158211,-2.201004868775075,0.7000559800229536,12.13996289626969,9.43640041465135,-10.471143702509881,-3.8282271337041958,-2.095226699609886,-6.072900884493398,7.376462050605836
21,-0.903753708709895,13.305499398317904,14.497243320640479,-10.133904261680662,17.80641218903575,24.414034894365805,4.597495981603427,11.409325211562036,29.075642781498203,-11.426327043196668,-25.72166585247274,-10.980942011422796,-2.9712219514944014,15.735893071745915,-23.19965945069243,-24.24412781659969,0.14741141161247728,-35.477224190767764,-33.326805648908106,11.199371696788235,0.9871624455470858,68.41354774283678,8.661345701274003,4.234597750784526,-47.1459773056479,-5.353174177176902,18.81881128885654,8.435185794459395,-32.68166519664908,71.2634884094359,-25.98436837410956,12.62327883954792,-31.564342882997742,0.18185679560396684,-21.603164272481973,1.4485320622787072,0.8983880638544689,-2.3692150919762422,1.33050951153256,-30.05134717156548,-3.61780943705874,3.0254217654993014,11.928255725371816,1.9154231513276514,1.4020867115431925,2.651492025971982,-1.9917828152126218
22,-3.4004304778517196,77.44787788431938,14.93763155084456,88.28439839709995,152.32490238907394,-20.30666934749696,15.82003208197252,-0.4603319274988281,-49.23983088961994,-9.364712470576508,19.930818188692157,16.126704425643858,-7.313305441725943,-13.277084838900773,12.051806915874607,-7.892942358071028,-7.193964213389618,-0.16485640135363702,-12.212705613325964,4.299577281367183,-3.276138437468262,-2.5989118929787027,-2.6111084760109087,-8.010826647627427,5.655779819552696,-1.1612241129517669,2.26224408499149,0.22213752615227658,0.27291570663238773,-2.334254300499661,0.6945899368028655,-1.3858474169644888,-0.5116121802706386,-1.753675443897778,2.1348758325425807,-1.7539222336241618,-2.6132438273518117,0.6093648911254044,1.8746293054018133,-0.5964522214751329,-0.03966092274737243,0.3371065534184385,-0.8097888323049606,1.351320092108413,-1.5140373017828241,1.380341524956322,0.8134913775298804
23,-3.2192898720193597,-9.350875709902656,-4.677183956985967,9.538762252809299,-6.6966185263651505,-3.6638679804251795,-5.636067373878423,-3.970631005299439,-8.04481929094214,2.382102751248246,-3.059031220083022,-5.470210810170084,-2.298833069391727,7.616329665912688,-6.290758166978864,-12.994901815234451,-4.139893679829145,-12.513705771390272,-13.414320355341134,17.00974211012607,-9.64861748016386,2.2522868799147715,-8.70766479701812,13.592664830144216,5.978314402781114,-9.678971503073708,-11.622982090566673,-3.9010624752366208,1.2983930074189718,-8.546894179957723,-19.381433844431996,-6.244739164778311,9.729510026747628,-8.368283396655041,-16.187703202632328,-15.83224604842141,16.39011418634374,0.4824454821045685,16.34638731630489,-17.46688926689291,15.103481037452642,-6.413156910742846,0.14696699008646152,-17.92962974016796,-8.43051679429553,15.997162397703452,-2.9730466449078996
24,-5.209459318483385,-10.198198083591237,-3.154328764939749,2.1760346765518235,-1.451232446689438,-7.132775595328431,0.22750920091394333,-5.065173061269865,-6.435799958802397,-1.446102673194127,-1.7848611372162781,-4.7002866990586885,5.742929952364059,-3.8596204564391847,4.258050933240373,5.038034127872935,-0.691141423448228,-3.138706542365901,8.882075717971663,4.259993057750262,6.830194940371994,-9.1344641071732,9.594625456572608,8.194517686463705,11.5732144521348,11.612235771724903,4.972178093911879,12.893435345478924,-6.141530739239042,6.085761348672916,-16.370212601674666,-10.018909806380558,2.945234799796791,-8.191294026962025,-4.375256032471039,7.335892057387185,14.104559213088342,7.655468975367966,-0.5657664567200751,1.4213278479418179,15.560078176358738,9.800515683862765,5.998323381408686,5.40200844712833,-0.10572234460032578,10.398455040608926,-10.915332944593342
25,2.685305263220634,-5.492622960297363,6.965882516558286,-10.147209827426261,9.514396909682642,-2.509363765471131,17.235621592465414,17.315969317899178,9.664193469126802,-28.038414732272535,-24.230125402879377,-25.54768274193636,-3.130435144769688,-7.928150870592235,-4.394980731180109,-8.287516723664353,-4.086366284090354,-12.415548229681955,7.594302092089206,11.991657760886039,16.623570318197835,4.7415224967647065,13.74376284609723,3.1521423081019226,5.463178889611752,-11.762861903088114,-1.4529884552495287,10.862916422339625,19.262440026879503,-1.4351128537293174,-6.374650096749107,6.591564491360461,0.5441484758525311,-14.52961557669842,7.855782099687548,-11.244295008948635,-14.590091432399914,13.941985595745233,-12.226411494293654,1.2925987755904602,-13.093624918205258,-3.323737040074376,-3.627105772588002,-6.903807155880428,11.225390661147912,-18.689753580717948,3.831226642116419
26,-2.1974845702995083,0.10307299663036677,23.821544550816053,-49.82235997604896,16.62508840857476,12.927091746979082,36.270632086145,-9.005161833520614,-3.5199638380794607,24.8757396080899,-5.152736030659081,-2.20441118498996,2.4893468415616375,5.732108062196467,-12.959609735671027,-15.880899349902057,-40.97075245975217,-0.9065852555577334,-23.497519312528038,-3.745975859280605,9.268807769089928,-2.4372284044691237,21.584227325065136,-19.566215117845,-19.13103401638978,38.741941602008616,59.625442140517,65.7409471163446,15.427092228976315,-40.8800709005464,-7.517959464542624,-5.3097814120962985,24.084958962310086,30.228363644029322,18.774691665354972,-8.646304529059288,14.401138817024215,-2.5964437498616695,22.857208528823286,1.785968565067058,11.616089976878134,-19.754303899109328,9.365069515829896,-5.190251179863439,-0.6127333537394297,-7.132762424870114,2.1465339048730265
27,-1.4270528755108003,-1.1777030907027606,12.059521216589495,4.730239724422308,-6.86626881160221,2.5372835889028593,4.991622020224005,10.485414395209846,8.049653964435702,-25.392680211752978,-31.155949204721786,-23.70190109167649,10.882830100859003,-20.960491770182003,-17.415625853795845,-7.386421745993039,20.418899983170064,-19.013413923284332,-46.215544398270666,-11.683351130370921,38.51426201489234,7.401145742631641,7.2913106435362876,-38.633260993075396,0.41450159837615475,-57.27596592908047,-16.099310450066273,-12.57203324924206,10.566529235982085,-52.069504483015095,-2.051679698991269,8.747317886948181,-15.998701534538418,-25.03362132264188,44.24021724804015,15.800237003485282,-1.3733404971000074,12.871726129968412,1.7656578691762626,-14.374312660385737,8.462333813997816,9.281087452293452,25.67600281284039,5.288683245580614,-33.977413048929044,13.45270751721409,-0.611414581075596
28,-5.4855767739741745,-9.559265363682659,-3.953678384592651,4.624464509144014,-1.6986449629950728,-0.9650334925005771,2.4120913594622158,-17.0738421462808,-4.758499031036918,5.260871440251479,13.167391402917271,4.6246433126474376,-0.27392054834986335,7.728636485252663,3.2433698497458923,-13.931509749125297,14.678232783971623,-1.217442039152674,18.09533790843539,10.084476475113854,4.188416820058051,-6.087146657876172,4.08458371340045,4.88234795739468,-0.9542740464579897,-17.989383609966616,4.0106820099966205,-4.099698023631417,-18.122236790263205,-1.558503462349496,7.98873734703416,7.788464898566636,4.44965438437359,11.425286333463102,-7.26363662573531,4.046541778168918,4.8617623965309775,-18.90194074198105,-1.7257948571373798,2.8473433683837936,8.235403236520886,2.855750668819323,13.30409098795077,10.256613390773646,-1.3839791973778846,4.495281666356507,-0.5355702487510114
29,-3.778082872683041,-5.867279284942313,-1.2266884308598311,-5.610512599741189,14.680732107175126,-1.897991033755869,-1.815367540938261,-12.834441595800946,15.61343397427571,-16.9756495509611,13.857557826310945,0.23072528044614884,2.2352932096230753,0.35745610448128495,3.136622007793635,-1.3937660056639198,12.017338829788931,3.5681029999739216,8.127996521969315,-7.804645384696961,14.55021547768174,2.858523061400641,7.804589571149262,8.26678920315941,9.058403629172629,1.4342994742369959,-15.118540939785575,5.051162129202519,-5.369439849756278,5.585280534305611,-24.18876809344525,12.426381184202265,1.8433723981957821,6.262154249413815,7.389638807028813,4.7438728540824044,10.622239734023887,5.786262306667826,-4.978864654871951,11.894368748283728,0.33587188359343956,-3.9399036412144883,-2.6498104139408674,-8.951267050996755,10.764832645528951,-1.9623674475809894,-0.22719581791859408
30,34.4515710007634,8.86917198956595,46.807462717417124,88.84646673759337,-58.90242576469941,80.78083164186711,103.5451346649901,-20.68713263204654,46.60462225489498,-24.938071567123597,27.91085057071623,39.222172707707614,17.429921400638367,-34.15233510123381,8.583972393095893,8.95760674163738,-17.33289596167962,-3.9391080243227714,18.39802314898956,-5.066383942536507,-7.922969137986561,3.6155628685820447,-1.2978994033265905,-1.5631594657661498,2.66439560766208,3.280565402204283,3.5974009674855694,-6.810568920061102,-3.537080351023569,-2.190999107493913,1.1640135812817571,-3.2415128307744676,5.542911223321854,0.6704958306542138,1.0497897096073094,-5.361521939379305,2.0466681034760197,-1.1422693821047618,-0.436878709618542,-4.974109363327245,-2.6494832724101443,0.35185416397855296,-0.23267047481132241,-2.107206860882332,0.6648632542278355,3.392054390820502,-0.4601034112820901
31,-7.912092047171574,28.358363869850958,-3.9461530480617064,48.316445716114714,20.465076947123894,37.73742745707802,-35.124323731967436,-8.90456195194961,50.364585681318914,95.84179188443511,-37.32515396682736,-62.26282334070177,21.453331429946743,19.334613471909716,-63.33570770466492,34.57549457003872,-15.123936009179621,-1.1301883859323507,53.72873383655938,-33.666871120341476,35.454083542043044,8.182057174938853,-8.505634560151579,6.111753706980248,8.704859732592253,5.3463852032704136,-7.566300367869707,4.957943411179733,2.7122490656021045,-8.891354147680941,2.1642512978512416,-7.245842739416847,3.1567447452726354,-5.014424325677014,-3.734749587118587,-4.477440382847869,1.13976892538256,-8.298551633550773,0.8462983227170204,2.7098557965334793,-12.866422627867305,4.223310952385336,-0.33351555999838184,5.236029497409466,1.6317139468480704,4.521434112352431,-1.4462267564235833
32,-7.624073646820931,43.661236282340305,-41.746845648903886,-5.869030578609917,-16.35671715309947,63.6523017178449,-46.27760282743817,-69.45871069160708,-8.436329511584473,-1.011469338117231,-32.69138202889162,-50.51728505798342,-19.83814161299663,-41.22181038961036,117.32386258361808,-6.979797393951107,-33.22483603641781,-14.394181360580886,-21.68415654650029,-9.133140322663381,6.3050507889327685,3.452902991008492,7.129305131883551,0.45154078695057887,0.7875092885761014,5.445161551328938,-5.066983702801703,3.68267413965331,0.3665809323910115,3.649763185552047,10.544164791504354,5.030515156565872,6.343537751120813,-2.764210486627909,-3.8477763942323593,-6.13193615796297,-3.4403117528371983,-1.3277862087185188,-3.3000159082660945,-1.124532524179336,-3.110894240092654,1.3170404615232179,1.1966541410427285,0.7566654672910902,-0.07027433090588031,-0.01449689695640105,1.6043233850366407
33,-3.5979238090916366,-3.8244305530131,0.007747975748626651,15.317568854376287,-3.031617286130353,11.043401728435898,-8.026953740554829,-27.617530395828727,6.319905334243139,11.115342562123628,7.030647533288022,-3.7308663460833467,-3.360084660072532,5.665305195627624,-0.9295452610620404,-16.440360724317667,27.910000875024917,-1.338217283928374,8.974274691307969,17.455143017212887,0.39129662369867424,10.567330723173463,-4.3706270310702156,-4.381453931475911,-48.35120700314362,-25.46492374926979,27.042040480474213,1.57930379430716,1.6876702474188772,-9.906655013632921,28.15210005601366,-22.922753352595613,-33.785470812095724,-0.35323964279118375,-24.889420550907822,30.98893256262312,-33.500700723558104,22.60299634750894,20.460612130393898,59.74709329661039,21.23772121979648,-17.557762433089493,-5.093187528645211,-21.635564389427344,-0.38889916710542816,-5.1040520689487066,11.579673721764633
34,-5.716176690102533,-11.400619208701276,-1.647656205485217,5.810655149478317,-4.335393142923365,-7.176897081019954,2.7490870964339686,1.4663126747357813,-13.883295017560382,-2.760984193493822,-8.93403468417471,-6.3986092844282805,8.686221786475764,-11.93867144119729,2.1710841787337873,-11.429256154344309,2.7902011508533606,-11.26455278503019,24.629684840306798,10.966468734187222,11.08614862556964,-5.3298721759201975,20.48187390272261,8.35193320860338,9.289952465477084,-9.60017211861251,6.599040159781136,9.103390859474171,-10.284802206343588,-1.0925483014593003,-6.7166273114668,-3.341602361966859,4.181629679158898,8.657787722651307,-5.815321182409797,18.114060290119596,-2.7273257343623847,0.43378525820753155,9.3416261112494,-8.220205163931618,2.3532685652577494,-4.265954987979328,1.7423744112610218,-3.000076329986255,13.3996366028418,10.321239691431822,-10.604180890973977
35,-4.766435481204857,-3.685034407473469,6.9655197673007025,-19.81070892833556,16.105955279744308,1.0174874190127048,8.566130623448728,-5.1429622802607575,13.361265228485887,-11.045277853871166,6.051857527826633,7.677038003521914,-0.2087817829564071,9.220321854903732,2.0940417084891596,3.3543953840356147,3.1398986707257253,-7.834174573398688,-3.5995652811472016,-16.791467861301754,20.191822839966893,4.932090284725866,10.969090402175793,-0.49607603765475755,0.09332343923131631,9.899176876182505,-5.546669337210218,11.480080960418166,-16.22915533802172,0.1833341165858142,-1.644953140367643,16.314547107380772,11.299763844782618,12.502484512443495,-1.4194910820055915,0.8328146964922067,0.5592760673692176,-10.07663791661664,-24.986898685071573,13.981638694965051,-3.052914270254335,31.321583940412328,16.381602012573612,-8.881651925979895,7.350346630400581,6.7608061100445,7.582872873986123
36,-5.103385783800481,-5.20340891783092,-11.309392427383099,6.910224076685613,-6.841104142141315,-5.073545568419045,-15.177419409449119,0.2075195281088837,0.2671304345703468,8.873521342798202,1.2270179890332353,4.66066623468248,5.040107867996211,-22.224452220884096,-12.148717128640037,2.5283290085719727,-10.226355534404913,3.692059282724225,-2.786168462880231,-10.280004354423784,-16.393506963361517,10.820973761951091,7.40071701349749,-8.125526180117328,-23.299734822926165,11.562129894178378,-5.765531693186056,-15.147090578375561,-0.26340513537724963,7.5939756749055745,-21.842063510848373,12.566497481399695,10.626043906497998,-6.003728918341983,30.71951200946316,3.538048781980505,-14.274894759966182,3.721255481199647,10.37628273580998,-2.9450972364463954,-5.850813008497123,-36.02917887506153,-29.355221511834237,14.3024890913949,-27.172761406583874,-28.036871982054123,-19.030508783399892
37,-0.8949677769819854,-0.7106194467434028,6.119907307101949,-17.11878073513086,9.087560826201635,-4.886541664807436,0.24335523158833527,-4.6951917447225515,16.235258700485847,-6.493097649759744,16.5508229008074,20.97023302447321,-15.051409316079429,0.5272966416689271,15.221417580337242,18.13794089585344,32.096553179375526,-1.0452377174830882,11.909396775429768,14.994067658175025,55.592351272420736,18.46844278238702,-32.46654145214967,-10.616724062383726,-10.971855230457217,60.832976471335435,-21.602275211650863,-13.660110361682971,35.23444997988369,10.852596267379113,34.456194789152356,-23.090822793380408,-8.487878733824012,-14.501318550232627,22.68014460265665,-5.707271676530164,-29.155212568372015,-20.069314472418885,-2.6666290259426324,-21.420275999290837,17.575451953523583,-14.77728995528055,25.839082491358813,2.8354650060317566,13.298359217266174,-14.9167764062388,-19.862676835617748
38,-1.383001768856144,-2.350586629706148,-0.6959357486909421,10.927915007169569,-13.233693236185491,-16.24834344656293,-20.76355544038415,6.247637868254943,5.520509642595993,11.328592708227603,9.685104618803063,20.23297723580972,-1.0230266345057866,-9.416645314556654,4.882726822418461,-27.711337579954225,-8.353513670414754,13.597009735215526,12.357131484703977,-11.05279359013312,-27.341550829442934,24.394883944737085,-7.80031620499368,-32.03312263348047,7.5106306905230245,27.06661799055932,-30.14466491507359,22.847652656922765,2.506752774907906,-9.675162902819707,-26.225393867180266,26.6398584447528,-4.079238369186995,-10.79760931376168,-7.805765620356915,34.88701353493294,-13.301327895997371,-16.513201342180764,-0.47549043546623987,14.60067007692332,-24.940466856544667,-6.386998313404551,49.95654757908511,-6.7910009799599305,-1.9143031484976079,7.304389994954274,-7.439997636854219
39,-6.486764516879432,-9.08235708341711,-0.5385021173780951,-2.6148789873178546,1.1580574828026513,-7.008736545861338,1.691337157471855,13.814692254539395,-5.93093631977691,-12.611414963777758,-16.612141213011203,-1.1484045661451943,9.279094531409788,-16.4998854195689,2.3086471261536636,0.40119497752170513,0.42686462825703475,-12.699927002564916,10.08036998438702,-10.246135382878148,23.79797478175224,-6.845513480885971,18.648564061748097,0.8663270611096434,11.474462219641936,-9.90878979050043,8.647342712215075,-6.285553811265015,-4.255287811321857,-0.39435283302786245,-10.087144117575031,-7.121922524577677,-6.670423618302266,6.0426136521834914,-9.28748200707857,12.480737804888633,-8.227744521341318,-9.042995962500772,2.075842612031022,-13.209557035206123,-0.05834916252591593,-9.38828925521245,-12.13573282835272,5.447797978047433,16.279391955508007,12.626923821493895,-2.480920824895908
40,-3.68994199911457,-6.753688207778262,-7.716968348443396,3.458841674837209,5.065552462727001,-3.678806875311544,-10.557932087226112,-7.025734119983757,18.50386088603984,-13.604107040545998,6.611727449333144,1.297381741927222,5.9396178040678445,-1.1834330304734906,6.137305974102525,16.87636296570656,11.254942445845781,32.1042641178977,-4.124981254012089,-41.75533576215382,-15.406752642710032,-28.955543598027713,-30.17847646085467,-34.38093174325473,-22.009332917837202,-40.23924682561168,21.688183244902195,11.481066428210024,74.36934267804114,54.786735121787466,2.849193026248506,7.649333773438958,25.419616925252964,4.216672941219953,0.7273622971791462,27.062726941440378,21.323777504605523,-11.620385543935262,32.91628311890948,-16.60756359509449,-7.125273968074599,16.227829254495575,-1.9752314104998347,-1.6407992705654506,11.80389316523674,2.4173163309116936,2.630785023815481
41,0.5704984592057724,-4.3706810489370795,-3.578894196605437,4.364018759330193,-13.341707189876345,-22.006799144367218,-15.481783620289077,15.46970886338435,-8.881494736518068,15.536244217225946,-6.427947467175947,22.39875779509893,-1.310669554461185,-17.651889781348814,5.046614775942216,-17.508170976476748,-11.194209822150464,-12.35282538516052,17.64738500120725,0.35061153176937976,-2.01961729024501,-0.5687591041798324,3.901150933131403,-17.66008681611863,5.211743247232339,6.423193965291975,5.004641635538322,-11.414416665476939,-5.161684798389354,7.196856447196444,2.3451325661108067,5.629545997455495,-9.070573976170182,9.377738211625042,5.098470219464906,-0.11566030913572048,-6.835936167222278,-5.058005135924708,8.359335204030991,-3.868145717129856,9.3552680781421,-1.282166531179016,3.92447197646824,3.5026457051030735,1.8898145117373073,8.744274289162213,6.808522054852741
42,204.33329595847079,-14.177355462666737,-40.353144298346855,-14.378002763113379,21.06553020023521,1.3321610876428154,-13.44928754653993,0.3612139937184321,-9.524193115470789,9.707698832429584,-0.8959931893515174,-2.805832331117331,5.776109870515274,5.422368728335055,-1.440699006270702,-2.9415085372714986,5.640611834702725,-2.6562528651301656,0.09670611985815028,-3.1469504346956407,0.24873785328043851,-1.4475297166118966,3.7267591717649036,-0.18859968773674385,-2.2406173791313346,-0.8873064305463183,1.0407281954271705,1.4246139389979477,-1.672272063883352,-0.7079420070489841,-0.18080951950318128,-1.7622943623649268,-0.3568078903938045,-1.6264985000295213,2.2204540072017873,2.4765214933501323,0.14837432079436708,-0.6827231005224617,-1.515646280235058,-0.2884142903637479,-1.6674101269276003,-0.4318482432076354,-0.3438757101866007,1.5764131857936419,-0.17471366765046448,1.7560082801186678,0.02324707526405418
43,-0.18153649020105517,24.07447038640939,3.8081845433215364,6.318001556613019,2.7072796735788085,-2.769428911629242,-43.1780200694617,49.87515569768399,81.04925531926652,47.912363232809675,-37.99718794512369,90.45805466517187,12.85611516422479,-22.33229563391597,22.21865582701993,-37.23184385677482,-10.791417453735596,16.918587020375607,-41.09445014111168,22.813830545032054,7.5265101438599125,-43.63203840963206,-1.0199494912140454,51.63562602160848,5.98269416359544,-15.71297188727221,-2.3273420360031496,14.224549522349754,-3.8545393865707975,-0.6917360566301082,9.678264464136443,-3.443775983749593,1.6029022393556576,0.9335295119657007,2.21172861777184,2.8539138533633075,-6.594963251290207,5.345263428018083,5.475670093884176,-5.638723451969624,-0.8430660801142869,-0.8876278415656778,4.301886005556961,3.4585390101004325,-0.9521597589079707,-5.932325804467732,0.38557384386933763
44,-2.5122718267133295,-1.3519143945900298,-1.9266232626840423,-3.0942167439561596,-4.5221761574661805,-19.46824324821334,-13.96271278928015,5.9031057132162825,4.21758982246433,1.1455221005848402,-6.444823483644501,16.766728385641176,-6.969567083004868,-20.54654459223031,-3.339574299831834,-1.5158528768349695,-18.39823896166491,-5.109424665051982,7.269067768846125,-15.457836416349998,8.469475728753842,9.750796961310009,-17.389321806395326,-14.168552893059214,-2.574947150972854,8.460244992352724,25.910709000848026,-41.69795441274871,11.423731462351327,-13.785746043805135,-29.73492375485428,-3.7151480967716477,15.009744067324776,-15.80224523003885,-22.10949251328277,-10.623741452331785,-19.822098165140734,-15.921392750379121,-4.394869153555734,-11.9357617205489,32.49412237292703,-2.246049421497649,-10.192324574404605,-7.157880903160764,0.7429732507025648,14.184057788333346,20.967206209912092
45,0.3332180952096578,-2.049660339853997,1.7291237798477634,-8.579267492464751,9.378802720453422,-6.658934877411092,-9.083150574062849,9.675382879518931,24.1069617667062,-20.61489753920932,-1.6029772237136677,0.16351851040802426,-5.880576702481256,-2.583673122264301,-0.07458848817201733,-8.407325919895921,-18.27418562277532,9.030432801320869,5.8044234905495165,-2.059358219529972,-12.64763078337169,34.71787711977683,-27.205301374452315,-2.5271394284892086,-14.999336712532752,9.075764933591545,-26.009744105514855,-30.46571760411599,10.228600870882072,-32.63208008121562,-27.365597298591574,4.11522645547114,19.855880258572935,28.702904633858054,-13.022416506231625,-10.135889802037465,-31.947075588538837,22.644438581633604,10.862407288280028,1.711181874441428,-27.21628697276305,7.6268077391924685,-13.403646053235457,-15.5247515340165,7.664854416349022,-12.886348485325769,7.875346161803643
46,34.08556227254489,61.28965226271337,160.8613762462669,-17.600624306272664,-37.75035919745821,-35.92497739355867,-65.04541338275456,-33.313136847803015,-13.268084092638336,-16.50668047785354,-1.3270831592351544,-10.081066339943694,-21.028048235752486,2.216173537676523,-3.99650427338848,14.93198465961842,10.64543279024143,2.268054583719366,9.878070473635548,-14.770619636199731,-17.619628473963115,-6.559640262594142,1.9572280755182154,11.0848216666163,9.242240161991553,-5.749607392501207,-0.018385597189225555,6.2719396123250375,-6.715738441092045,1.0060288686867245,3.225568696154239,-0.24125000254062307,1.3281127991378485,-0.7166227794381546,-2.690771417571735,-1.7858339332044166,-1.4764103615354185,1.6679004023823185,1.4454940748106213,-4.697369737460937,1.589146598327286,-5.672911958921551,-2.1413510033218315,0.27458872190787575,0.7015078825334494,-0.952703438612288,-2.527624468780755
47,2.8371262746755215,143.02380864759766,-67.12587161843777,-20.32799003613369,-59.67416813544306,-86.62751751493566,58.10845707127539,1.4572252389316729,26.488080018255918,7.142665334681405,18.61481718516523,-18.85064408460392,12.513365054336507,12.115086585149538,-1.9005610800735486,13.10530877658772,13.844799232113324,-3.2534125952426054,-4.338196285804072,0.5354950972283656,-4.270660571348641,0.2231339989200755,6.601448492758457,-0.26069887619193477,-6.233525220291565,-1.3238201335156758,1.7240471161350568,0.7124107148644558,-3.533862464833829,-1.039039002877785,-1.396792371100359,-2.776512361579461,-1.8870953604265093,6.124758409880761,0.22363653594928948,1.5063770827050713,0.5092007406916466,1.268931194409956,0.4883318042277901,0.7540166813960366,-2.4611394975234857,-0.7266925334092345,0.29948618968111007,-1.3212010976801565,0.5152409656690894,2.4526483793265457,-0.8806070779050394
48,1.0103399722892343,-4.123522151570808,1.947550526959858,6.579727437703287,-21.529659950491936,-30.797890637909084,-12.46894675452698,13.403068830279711,-17.30921657213099,20.77273328404818,-9.111974884219418,29.784080980366312,-13.644967325733564,-24.95645798705891,10.534848640956547,-31.35702340915424,-36.40526795462163,-27.25967460774857,44.71244884314892,9.138179536683062,26.829860138935526,20.514121739651607,-4.365035830641789,-37.17747026082358,29.167919358265873,-19.617689030624625,22.17487553859989,-19.168502169425015,17.81102705285383,25.669633235602475,-1.5048524364782832,-3.130121171671938,-39.21608276394668,20.74411976059205,24.460180986253334,-35.481984664250824,37.03630978239654,2.507856740060109,0.9207235873569523,29.4927633118349,-19.776700586307467,4.235520349132447,-8.912395492539591,-16.66343268568982,1.2195198176743403,-1.745780793008199,-6.99703816512014
49,0.0876332527961205,-4.423851857241575,-2.7629992820941984,1.834319533000814,-11.56074251730286,-20.152553432526403,-12.602215267121359,-13.386302622743587,-6.885776471439819,26.553418324457393,15.674447101578789,32.351793351723714,-13.443231512275354,-6.741264619362708,0.7378622178001673,-9.072958018380078,-6.661430948765567,-15.807739371206935,9.759108495712807,2.73978135808075,11.085131271974955,18.97191686982944,-4.388825993291482,-14.86460248998835,-10.787684046558443,-6.060188256636094,26.399341316235155,-3.7623224263286286,5.562233294019984,-5.636179058986619,-2.052474234854422,11.16274182804758,20.74590077059027,7.91384667737354,3.9604978103487762,3.3706508469287604,-15.656828935671438,-15.594039261773533,-37.99989087604418,1.2466374896285715,28.308120498601042,43.732845703801566,-6.979845238110105,4.881057982980646,-11.439512576803269,-9.908101570252171,-14.11326822962966
50,-4.276710673426172,-9.030432228449826,-1.826508175530151,10.297241877016768,-7.250002948141992,-3.375834880669492,0.6053548479645723,4.49753108578835,-16.190498351679516,4.505055552508366,-8.319110851075749,-6.808861327071536,7.670660977509854,5.6561561464030685,0.2184452997688939,-10.527439475473283,0.48117272124359767,3.582841992267819,10.838435489945006,11.725268757451333,-9.738990380450836,-14.418378536100334,5.336517301412368,1.911612738001566,-9.670532304929168,1.9337776780102787,17.847535299651586,10.186327970552325,8.296460694553637,-5.403984341303912,5.5898643318711185,-14.825869560580234,-0.026909073070212855,-4.781608701069926,-14.891524405478977,-6.196493163810415,-15.322678625243418,-3.017133984766881,-17.34280026085187,-7.960057121853107,8.54749264077628,8.565274986750913,11.31981441424993,-15.484934305257696,0.5507487655183341,11.990998997494975,7.45462860200281
51,-4.848408401564652,3.368679776565357,20.492299939932796,-60.97638981614744,14.968870493231826,23.19212124274093,67.34145286966059,9.988614005663043,-55.96681561065252,81.92716434183384,-48.88276771317207,13.508470750845413,-9.248918097396228,-71.16481897607218,10.627950410646699,16.616494128995917,71.04402266746004,25.50290996795612,5.648240800188648,-20.218064074899537,-25.175006229425954,17.46507513957681,-20.609663092552616,15.258889842763546,-2.6815739367189355,-5.6449307765300505,-14.40940979415543,-9.88047155286303,0.8444604048292562,2.807922499011342,-7.191175200199856,5.43379656925183,-3.336045216387278,6.430445763147514,-6.670392469044383,-4.071385790261985,6.318423212627614,7.9669841299100765,-2.3412333506171246,-0.3678074544984373,-3.1722351771932185,3.283569312549803,2.510417973854838,-6.14062915906329,-0.6799253334789989,0.15676675792874017,0.07199121175174338
52,-0.3738544994674402,-1.5579061631569044,0.7188512362634005,8.614290947112384,-17.05753258763531,-17.6980316294556,-0.6746138849354262,19.2739966161165,-10.89525057200833,10.078716423238,0.8993254124773356,16.33165978111522,-14.156023392302304,0.43577865843781616,12.147991154498598,-31.452586092258997,-6.708948655085249,-12.445184784658936,27.090855856230323,0.03544466759391787,16.521025300848006,24.214775125041314,-16.422584440498856,-29.899641050885204,-15.557435816491855,27.3694372720104,-22.722225087000755,15.715545114375992,-5.912814434989449,-10.711298121598356,10.934513807988717,-2.7493913271557133,26.37093236759423,-43.32133931081106,-32.90607438481537,20.302111874987908,38.66910937378275,40.70225586141417,12.409900485242375,-11.476656880900109,5.158064495611234,-1.2350659914582964,-12.75946008978,32.708856118218115,1.6226161488659325,-1.9181138839331435,36.26282962366118
53,-4.654871610489122,-7.5356386399558435,-1.60421040385791,2.569001071977995,1.605367449621286,-4.182865595240731,-0.09449221277340947,3.825811352476108,-4.7836356028160765,-8.63122516804962,-2.171081862244721,-7.582981743596067,2.009606310986763,0.4942065842247784,3.242793247744493,-5.959541867563432,-3.351392471588803,13.234103957801025,20.890328918389606,6.473271737968421,-7.584133382244525,-11.412573031112611,3.292555223256603,6.613533109844857,-2.545268866858223,3.322447458916322,7.50146135478944,4.201222921925779,-7.16591887509605,-5.918671315965693,8.169103683647629,-4.69115892539575,-0.34890365110984833,4.916523104386214,-2.3009164075456914,7.438746663783616,4.354422341177705,4.1139232712478275,-10.575836629740968,-4.712361270070135,-5.535687191014258,-2.1959739860905167,6.926821860587452,-2.810521435201982,-3.220834866746823,-0.42346252259630845,3.2900031872107576
54,-4.805811863777025,-11.16914717250993,-5.696110730393074,5.259799658767597,-4.100231380467663,-3.9079891108857865,-2.8475950203979927,-35.166209519442084,-3.497437782887441,13.663793671762301,30.376112659562253,9.720666771487036,-11.035741501482448,9.922602105298388,-2.913022243002625,-0.9968873269868193,26.765265733118436,-6.506963297577625,-6.997560196874737,25.561682444863635,15.446962863516466,1.2191582642617953,-16.05187639069337,18.516906467813044,-14.403971671753327,-17.467535719471826,10.893239826931353,22.223688692487414,9.981546434249921,-19.484265895533397,-10.799889975378157,4.82624042524549,-5.579696398383416,-18.64799941465401,-4.17937607334643,-16.109599149081774,-2.788116102938761,10.117262777274732,-8.672398273369636,-23.982408351944773,-31.67492000558271,11.999540080554036,-31.408335933335355,4.130992766012611,3.842849000438293,-25.223809585196378,-5.8800461273687485
55,6.212932300547995,-5.384363847084676,5.492030475235835,10.31732562709994,-14.892590508177223,-13.897476767045484,4.377743157977802,25.77354348684005,-23.25454409851193,-17.581437014259333,-22.00006898870564,-23.412727884081587,-1.3688018297668187,-16.681670850030617,3.1959279419383315,42.57877271878311,-42.26193502038322,64.61996867751344,-3.0225567372580957,51.54870823235583,40.05851630374242,-19.839902748798615,-72.5822061535661,-8.306593425948737,-42.181537340212714,-4.858059462595251,-1.4301717606328253,11.737420907267525,-51.72470216550181,-1.200391515883424,2.073555082091583,31.915049414441633,0.8029369700646917,-0.3183834899696012,5.013029894727461,-0.7250751729341754,13.591522321950933,-16.552868980659227,2.2513873878088697,8.08422201575586,0.8317008597432555,0.11193315689113024,-7.174618312902366,-7.552510035815918,0.5486212356817903,8.55888159376962,-9.091273185024596
56,-5.048144402493335,9.463355094819887,0.7347285483623502,-20.12999406326803,17.442213693261486,34.563570469419446,-17.32117608621395,71.91822975683743,22.04480727778424,3.613035121014004,11.056134379411928,20.807909606321815,-15.48320374491262,30.98495620728756,53.24556153744665,100.23292919022754,18.535417578666305,-55.15927875591453,33.220354384643386,38.16342074344011,-36.46940657673542,2.396850145105705,13.368756225384631,-25.53979551412892,-0.3591185688668518,-20.107813357294408,11.43782552608414,11.191823861644927,-2.878967065231675,-19.716832259858883,-17.792826108564846,5.5385387313700125,-2.2906116569420902,-12.612655492836154,3.2296208497622207,0.7418491852353591,3.318744605323121,-12.901218641322611,9.048951235074934,5.5359894878647635,0.09310530618252572,-7.097021724333492,-0.6597272904170621,0.014997171239634233,-1.1286472364186237,-1.1651149545253794,4.961969327136534
57,-3.4259526925477264,-9.52323098158389,-10.536791640231469,2.004424327944942,-1.986380770621437,-3.1370676125866757,-11.754922820870236,-4.45170972225393,-2.927930443340731,-6.4268256918298725,2.65306018055894,1.2536547579910964,4.255369000072736,-6.818564014877528,-5.327253000640026,21.43838247272979,-4.13851343521677,5.519696059784259,-7.009755789279347,-10.532001130352512,-8.300083517995589,-16.414435185992797,-3.885340665551324,-13.81148470693948,0.21160301817553814,7.822544791995956,17.47129232407783,-16.51606503532007,-8.038214362525204,-1.1719499775162705,-12.153013740754078,-22.27436551299809,-13.668808723894465,27.781124445469437,-32.23180663478618,-16.745333746390013,-5.781006763652221,-6.48150418381788,0.6333344723001761,-32.18810274504627,-4.472846942736827,-22.904078716496883,10.30130726599399,3.6317407296147177,-31.73376304657719,11.893750241871302,17.177823799340977
58,-6.670602743997642,55.5217943018869,-8.457582166900513,-41.332985626221124,-17.810348921800706,93.79346481459005,-39.66676588106878,71.210029020319,-43.45261281755209,-5.6439406465006146,102.25693154823347,-19.032594296114972,9.207266142344269,-22.736403469399487,-32.74363238117725,-40.13100906591019,-1.9995728317138008,16.474369797132344,0.6817412145403923,0.4728540453924271,18.21428795419384,-7.176287766208004,-12.110973008724574,13.485631171180758,6.379843014362524,-7.388848035719469,2.7176695579137875,-7.359892443326191,5.233879098809391,1.3152762571492578,-11.34439563472352,-14.050167540217394,-1.1437219867501338,-2.079702040513384,1.1302344998983647,2.2105402614795375,0.26851781052863805,-1.8571669990770014,0.016038940201079488,1.4525214723015782,1.9909812171704138,4.214454483599747,1.1940653862485413,1.8147685787598808,1.9121324075900996,2.621401365474343,-1.3560806069095437
59,-2.4814023129925573,-2.5226130850460367,5.874552809513166,-22.133822190189985,7.5734844300264745,4.987943457478096,0.32369752832720333,28.496831441459744,7.882719591885616,-15.296771478669204,8.49062332702157,2.1188883247069414,2.2947872117293167,4.827296347359519,-8.659822598072383,6.36449704942571,-15.498817038565608,-13.490013024003096,-13.421671563010449,-21.220891198916377,-12.188326824147673,8.792456427413734,-2.983407220638809,-14.000082482992022,-3.1130266797339616,12.772906541105876,-4.444700820432891,20.11058440406857,-0.5872925100908499,2.056920588173434,49.17900136955169,24.931668838271182,8.460560694153788,8.629041595751863,-4.816657429055377,-17.082457453371763,-29.76856451755397,12.980747485053772,7.631595063005046,3.41766570453454,-24.054118969467766,33.22254702851144,-19.949818985222038,-17.112194086190758,-22.822809653446388,15.41923309449362,-5.346928784577906
60,-8.933295534542093,51.39417713982041,-43.61434564367744,-17.017742768707855,-14.142898531775725,59.20174931609711,-19.04434317753621,-44.78487716159532,-53.316905825805954,-59.89534854561272,-82.09032747051126,85.65787168907774,-6.198104141367732,41.17987483140242,-61.550093084237105,10.528569349720982,0.18637363514930888,4.570409152671321,23.532864930801058,3.91301374684369,-4.9826675762594554,-4.9864034338331376,-3.841893529235231,-2.211084747436741,6.805610475184986,2.0906259253202335,-6.8588248541762615,5.991816552063505,5.070594613981834,-4.86976239739902,-0.2744993821365558,3.493861401621598,0.7881731299097069,-3.0995758957195814,2.8467125040206245,1.3001410871709673,-0.1656340516576627,-0.19380660312464168,2.2245239036250375,4.1125154729009665,-0.6814672185189352,1.4420530103874634,-1.4058685582183843,1.9301593104417452,1.1003290084707176,-1.8212176583758326,-0.411078106432495
61,-1.706713863783449,-4.630063647870972,3.9312031443161426,-5.069799374739783,7.927326802284473,-1.2076147452637307,-0.6864551183109839,13.724351733781614,15.434656990811995,-20.689440477923092,-11.996907984660117,1.068529087443472,-4.193633524562633,4.473969213941042,7.423973929967894,13.470090385791808,8.728833047820931,2.9418068438768,-14.165987502961928,-9.789216643331432,1.040759251100175,-0.8323314701484412,-12.182420199696557,3.389111369981231,-9.292227873133818,19.500591681568658,6.155626592563335,-12.09453834024254,5.24165292482973,-6.851522158481009,15.481611718911722,-27.93930200735395,-2.399970903075043,1.7746660503941005,-21.343008935355748,-1.7202661437099485,12.411542733203595,14.033210315493575,-13.471543559210671,23.065397258977256,-1.9334913019656912,15.599571776401287,-5.2546548637139106,9.61513136833624,-11.148689325409224,35.825662762805294,-20.941218186005575
62,-3.9995798962949434,-11.317968941656202,-2.089712026811052,2.5918668293675253,-2.2909150380774648,0.38971061761896153,-6.527649928871963,-28.13269922215396,9.81946226787275,-0.9274933136780614,16.101467228744514,3.214724644515047,-4.9880422229613925,13.392773643682823,12.060340905999663,4.550311924939687,38.48941712358136,14.501882165886673,-8.107005741919496,32.56393746217266,14.94187284336906,-1.9249293167403179,-21.20182509874099,-5.098712093808756,26.334314816050615,33.82905831716422,11.022883847413327,21.02803357365298,8.159491876157128,0.2798168654244471,-13.863904610386047,-26.672264530459024,-43.92493007473131,8.733261114256662,14.386223469900902,5.874458038303613,2.0191543054334424,6.992035402932311,6.362993960240857,-15.92146549390271,-25.9927722198506,8.411768028290748,-19.16107973751082,5.866983028438649,-6.9257863442522405,21.690898745408553,12.256960731334978
63,-3.462197766480205,-4.82687889288612,0.8670487313716239,-36.60599605564892,15.003064732018506,3.989078094539604,26.54188296264416,-12.308161185036578,18.787658519460933,5.411290030981158,0.4451698620721093,-3.511322702055004,-32.49552864025166,9.096446706297725,-7.434166836787826,1.4467327885253929,-32.893639223647114,0.880105432839918,-26.724808542353568,-14.727491266431405,-10.658559894683496,13.152115643764404,-34.75954636836628,-3.4386972758672214,70.69170915305901,-2.6419975695309392,34.95547984381933,-16.022864380738085,-31.02083205366269,-7.551127000936376,8.617228805561211,-18.170398628215025,-10.09110942271757,-26.96279527695016,0.4003749712370331,64.0099681213822,2.5075391308206485,-11.83678186164419,-1.0458637067645893,-4.819104560643585,-9.476610844653573,5.883107409180293,-16.312614462878262,-11.866681205787515,5.018669863750991,-14.154683287350258,-10.109045221674897
64,-4.60547312706232,-8.58921915413872,-1.38519759929184,8.144551379559957,-9.183106711866072,-5.51790851228571,8.178216305531048,18.614288552182877,-12.67636066159545,-8.395320470664819,-8.368206608840595,-15.405624841433951,-1.1587478998229768,5.445736577805613,8.28805731132284,-15.129174887789725,-2.9860888150095226,15.478184216931583,18.88232526028773,-9.554179024021723,-11.473791049037002,-13.370183461992184,6.127278982677288,-6.5863400418605975,6.002159679826638,2.1013404585987807,-5.890616408904136,26.300569779621803,2.6560718406639974,8.128013640438773,-10.529036225885703,-3.5877933789107317,-13.371598674740481,-5.42445504181672,17.44770919359784,0.4757352959223092,-14.852309010618397,-1.7333998006707003,-24.403139495335857,-4.516883985639366,-8.639599670288316,-23.58757902856904,-3.407721708295263,4.713732548640562,-0.34999704374481083,6.095112730466388,3.3512704933229007
65,-2.9739508254355678,-8.073150206408767,-10.37787990900177,3.350971612619675,-3.8616191249778162,-8.512368820613249,-22.771051953588234,-9.905771567499876,1.6760144826466898,4.805345735336165,17.429147400661,15.313222363924757,8.77062406393686,-25.316870627796956,-12.420404664568963,45.09112708562958,-18.051502419020178,94.80663509820985,-18.26004164906322,35.16847533298969,-4.549930349481317,77.20094702341012,75.38441027219723,-12.971679217413199,18.490609195910594,-22.15571279790289,-0.7246245444822296,5.5045871419654855,5.789953098605133,1.8790526841829636,21.413145244401903,-19.644488730397747,9.109539120719367,-13.38823598464103,-3.8684057676832815,-9.104275193760555,3.992353857658783,4.202527847580722,-2.553204964650339,-5.556659667575799,2.7821111188386447,2.115612694501649,0.5676871229293647,-0.719643453893842,10.477449331585664,3.408488740300975,2.543717706884782
66,-4.146149841257035,-9.088708084985557,-9.315122291789002,4.140773212039583,1.8543796960368328,-2.54738283203655,-7.4722471011915585,-5.610610351107418,5.152625679539404,-5.167726604930931,12.996779936467625,0.5507076759575639,6.181838117658622,2.927504540964705,1.313383621798019,2.6170954558116426,5.814385690260184,16.709600925114746,-3.5175610723729607,-16.954889885467978,-12.101684584614375,-8.763925760458482,-1.3335674671824045,-5.964196662963368,8.920499238731935,-1.4700539854391683,-9.774081447010579,-0.3726448917735499,-8.636459163125446,-5.493125408705929,-1.0648555411182632,16.53775560921519,-15.647272896061041,11.64319657499629,4.6006941573910005,-0.7488723527185634,4.735074368752915,-1.8579367004933647,-2.2252176478315326,7.708547311723096,-9.0115093468895,-6.185929535089289,11.336356217163756,3.3595174006011077,5.339984970502995,-17.62406722705392,21.599108017352144
67,-6.74773051222153,-11.131367635542556,-9.180933049001148,6.89884395218715,-5.496062011203209,-7.980378314661522,-1.3956839404878087,3.0281580090479565,-16.649586530441322,2.9651177519181333,-0.3355182274025837,-5.476841893404469,7.021473178133641,-5.877660959083037,-3.782141150223948,-2.1301837000531485,-0.9514573945206009,-1.8269394177759115,7.053253151055087,-4.241335008933674,-10.893876063743086,-15.546620768457595,12.411651849228733,1.208032881705158,-0.1606767010925989,1.0247750906311783,7.606823240524807,-4.201824147691544,-18.36396963557904,7.073339354058779,4.442309526570606,-2.623463495612763,-6.420333084803709,0.3878882236961565,9.281008930288833,-5.419441835489518,-1.383471771238078,-0.7082560299688581,-2.3225135387819202,-6.1046442844779545,-0.9188268189297013,-4.575241197047375,-1.011257651156533,8.800908704712942,2.9672509279922745,-3.9491883609272973,5.135677029809712
68,-3.001326326525922,-8.904690477343575,-7.864496789186686,-0.2518093170440793,-2.9035016115331245,-3.8444877140167915,7.928938239952881,13.881791622146263,-2.704824949423588,-6.81910274233867,7.746042719524155,-13.708200251232647,-8.891024612844552,14.311275606088346,3.57245265078993,-8.03067185492959,-6.901183042884995,1.6586255484927708,14.248679447281846,-11.29395251403527,-27.94116474450801,3.136018297680726,-15.347635749576002,3.75132863672558,24.460676895626513,-6.49470269020404,-18.34703549697555,20.83369544540547,2.717740418407297,-7.654150712892995,28.526169797291335,1.7265637765187194,-15.321906353098345,2.365062589792238,-11.760781184222068,-23.20313813804317,0.31768522111885766,7.440874291336051,13.210633161529449,-12.069232344959396,4.740790383616853,15.28287220059206,18.452990790693633,-4.803416300612677,4.198911746469762,-8.152271278679516,8.972217146072667
69,-2.7141002738582842,-5.658593917058473,-5.29932087672189,-15.053862429065461,10.097745966664037,-3.9109662233966787,14.414716757380969,3.5629582945727094,8.043682806935237,-11.338794236092058,-7.150757256432493,-8.895289994865767,-17.73804413932079,5.985431653108648,-0.9282993732071857,-2.9199992802324406,-19.57857523532342,4.639622918000036,9.235638821269543,0.9528736167532559,-14.03778060814706,3.543024441280382,-8.815500630202434,10.484250943034258,13.717798884923468,-3.1277418583943555,10.634843724252677,-14.850130965237366,-0.0833958067859562,0.6848883205454543,11.082006065769312,-5.973419677528639,-1.158918059832335,2.787493545736561,-5.221010452139487,-5.228520482897571,-9.498435169918805,-13.564328323483657,-1.4847763547550192,-8.765954416041621,1.081069169358186,-8.619234812489264,1.062953618348971,11.145619292672448,-9.00794432526856,-6.256277511813664,-10.392611116168554
70,-6.2150731179748036,-11.080612211538371,-2.7501699229065952,7.621488385877209,-9.92465601501481,-8.697730333836557,2.2549685203804684,3.729306546072735,-22.00820709694408,7.284804830909476,-0.6306487499400972,-2.6032991328925172,-7.2088929059249205,7.623906474100566,-0.49975326246785506,-2.9725130394742014,-7.4668285839115995,-17.952478454984867,-4.112022621476197,3.383543725562771,-6.075523632957606,-1.3754184457579757,-0.6482970583566365,9.671076880967886,-7.5194731916698565,-10.845196785822328,4.721078460378495,7.213846249390259,-0.1975128575075535,-7.56041562270062,-1.2168488494980931,-11.392124742083674,7.043929059331299,-11.335265196982911,2.362422823188333,-6.387235484808624,-4.884333097818249,7.863362337282945,-13.336291963379326,-10.52155639458616,-13.356712281885596,-5.000866418305058,-0.44757576476283967,-2.1912680584729887,13.63182608010442,-0.9961111744246278,-11.261246254055735
71,-5.378101424658003,-12.094980794582558,-8.226371494343944,11.17586135190555,-5.3588585672238365,-2.9965681790272174,-8.735338218647797,-17.814083305185747,1.2684370584296032,7.130776014077361,9.834553148446343,-2.0526724382874155,-3.1155488795589124,0.724056396869638,-7.6121867915026575,-2.192077190010482,5.943432412911793,5.8975642260169465,-8.863445763994,-4.445763107692155,-29.884126072366264,0.33143607309231626,-12.33618609780914,-12.107226718010303,5.936378713415346,-7.074359991714242,4.976925263237332,-10.769361943178055,-11.78080557002817,-6.844358835489675,-7.627974242471723,-5.616763311570246,-8.093227944026452,14.596899825639365,-1.4221216640368786,-2.1748588570945833,-8.86960850718212,-5.862401979267575,9.518649887199064,3.80571510015182,-9.127886778819287,-6.939747568058037,11.668546326498891,3.408218583090657,-9.44750405711986,0.13538637803906872,-0.8453426303988039
72,5.502313682991891,2.925560846246457,14.307890186083089,27.968782068491656,-20.800810885213913,12.924420604072603,6.234975844641886,23.149207035359073,-7.472489186157558,3.9106905349235994,-34.979682675859124,-37.85542790257143,2.232723087974922,9.925037039858355,-15.906206800371077,-18.47339315482956,44.265290762324355,-11.42268496321533,-50.20138486927913,66.85287921285973,10.084372143143362,-12.227714713529505,3.145484838635226,-44.590515018861026,52.27036420500067,13.89754288138852,-3.084807373111959,-10.173094289733072,12.803690129608063,22.01983236837352,-1.3318413145681576,0.42882599442653047,48.61465902873963,20.88685299378516,-32.20920161589652,-6.438677166104972,-5.197331842372805,-13.499183614763687,2.033700235913167,24.592728437164123,-5.9105387325718155,-3.1079795242082744,-2.323432159116096,9.309330217461893,-6.661781273771161,-19.481773585136658,-2.6138602072169026
73,-6.8120293861193835,-3.699456363546592,22.636000206009015,-23.262022849861385,7.117449719856318,-4.276321565656976,0.963176335207631,-10.07664108863485,-27.16091600104295,4.786533316690874,-2.9422183123001444,7.562709168821724,163.40035406955144,42.913448635775985,40.415909937464875,-4.868252463609742,-9.933571230536513,-7.601097016008911,-1.7321826234692634,1.1053454216668377,-5.360709005723191,26.651394171836337,-25.25737083815197,4.4876834387678,12.651864319601588,-1.237031160002244,3.691333829055908,-17.433470754451598,-0.6596011953433389,0.2706596584570431,7.503147195594961,2.929408740311523,1.1032064914716735,-7.287469469119978,3.740553806387564,1.69923640739262,-0.656128523248632,-0.3799564387390562,3.206496862165212,0.4932411203875488,3.634548167113817,-1.9223376222390174,-6.275763515407591,2.321317441248738,1.5976033710020805,-5.770999512079107,-2.304691115405721
74,-4.627715071200631,-8.656457857581819,-4.561293323636548,12.063533525047337,-8.357005061788096,1.614991998160689,-9.971188328907761,-8.681315117075338,-6.993802569641971,20.221028533470918,0.8885817070971983,-3.3527016710730795,-14.395074950219689,22.53904254935331,-9.911735812418863,-7.754414239732741,-0.41576718491630454,-16.555236467026493,-28.366564087876824,16.676860519981293,-37.270349549392044,5.140962213433181,-23.20269255979739,2.384455564830366,-25.04810751076056,-9.546514394912158,14.81397181105941,-34.90554083869768,-4.610217276048859,-8.493139763005898,8.328149957870554,-20.656240941560835,36.26902123582876,1.5537664207697428,36.311740659183044,-9.96511826179999,3.0009198071677083,21.5391750566714,-11.151623437874523,-1.8174456316361427,-26.064317852214575,-12.202201652768327,25.01044377925603,-1.4776914209962992,46.67038092841971,35.24185365996171,-7.679037186313822
75,-3.1940885166277053,6.5407170782682185,-6.494229315592095,15.921155582180463,-0.0820555060927145,22.858695078192248,-17.820041170736236,2.1165780569864916,16.2550473596272,19.221763000565584,5.746035350603919,-9.516372685477759,-0.12433213552595512,16.80196076816229,-9.183662560804187,11.171425995126064,10.72613451300116,6.502076515411764,-7.613969770003695,5.789765983530399,-25.030673857478167,-14.444553167101166,-9.206123750616182,-35.01871183430027,11.827583756099227,17.07236058772466,-3.2460590158154443,-2.212910871715016,-9.219055762534536,18.069578163951597,12.025654697632184,26.602749515639726,-10.593212380041773,29.269749229702278,20.825177396303573,13.518673463860392,12.816264654185543,56.49035553912826,-39.346212903764695,-23.673060537251978,47.84618254530238,-9.401145691025768,-5.031912796124835,-25.631757205131084,4.3461444341614905,-14.907571988139976,-1.8388199980347344
76,-5.736606522305925,-10.619928322526526,-1.3457278700916389,4.4704371640943545,-6.858347454881422,-7.136847726560342,6.453317522088948,1.5710617908263393,-18.973965963842417,-0.4769174749345838,-1.7199189723342148,-1.357278977281465,5.423146989277411,-3.825017159712189,2.7741031256540993,-0.8625702726697819,9.588118209235185,-11.830096851841471,19.007925314669045,-0.5101295163634204,12.644480824799949,-12.20868700617315,9.81999581747612,-2.7799464363321547,-1.9030885779790732,-20.084809288906182,22.713995035612307,14.90836212824544,0.36768292000225045,-4.658303581589641,23.923222613908237,-3.1834679787326507,7.331658994020513,3.096597652066081,-14.383527608123208,0.8023171272823867,-19.366079542901435,11.146008114072398,-9.42579421438761,-19.40925208125347,-20.28412498701922,-1.2695277944791359,5.748676642871247,16.622736011440367,2.0491231900048157,-7.001739009493926,-16.56148088111679
77,1.1149792578193993,-2.3418911236743987,12.554100189967901,34.061855588227374,-24.76019916298748,13.66868624056724,22.27137309993009,42.08746341137936,-29.412646723358716,23.848472006372337,-12.25764624725905,4.778654709840417,-41.849721893282,109.43959837081385,56.20956334015701,-21.00675240629385,15.76470378224767,57.88682309384862,-10.754743738064471,-48.92650070265042,33.17807041340177,8.289085388315813,27.8626177373428,7.853432391433578,-2.795666901864639,-0.6128432160787872,11.332720722277918,-24.015416186577518,-3.776736115439787,-3.5226697400448064,-16.36900990651103,13.106348777755668,-2.742812071660281,1.0486459378781274,5.887742793364356,-4.67218824354728,-8.591609014612457,0.11350734711563407,11.813695633379943,0.3613709130174372,1.967570410944013,2.1366305780796115,-6.5601582534337695,0.36291869184364073,-3.548352624505814,-0.5729230150262965,-6.926510719508727
78,-0.8408947374892096,-2.414396925182686,4.651657439669976,18.48040955434381,-14.032553727269393,-1.6067687356048703,-1.8723807968218478,7.210569352887439,-25.024009835346636,8.20842938268482,1.555936802433557,-11.682138142207023,-1.0408620029161888,-5.822076988156833,-16.875839722413875,18.20401389320123,-18.222932759882237,-10.498066836363009,-19.07166200670708,26.397626223143483,-12.319770899022382,-7.182073668695642,27.11936076211373,47.546267341657334,-15.934493854840706,44.04723747450897,31.845571223189296,-41.548515233717886,50.82348672114851,-9.21065651387806,20.734627937085804,58.00062928677532,-25.307037725923976,-17.56505382779314,-9.957004852320164,27.616114619234864,23.80514772012534,-4.528641103605335,-11.842028142057202,5.569657038056777,-21.432584189652406,-3.651481273701273,9.21139815418021,-0.6959628319391516,-10.638844727853357,-0.9208314683324003,8.457887270106307
79,1.8338182440373503,-15.993406126226947,2.3843229751421435,17.41773233920305,-21.160415018861958,-12.777666808948728,11.17986716620372,8.381135083696826,-44.23716699180569,13.030065566115644,10.520907418111435,9.603678261359155,-14.964547004907764,14.161103053190956,0.08547290230391058,42.779511724757185,-48.73167790382438,-36.38232463759466,-29.482433406154485,-3.6012634083128336,26.739116343347227,26.42480186252695,-16.274231763819508,44.08657430094931,0.806555888405183,-26.55832564886905,-53.60040367933723,20.66938280512077,30.229481933939894,8.78456444095376,-1.4224021081804958,-28.031069189984283,0.563851126196169,57.38736300774543,-2.723754133932979,34.27468911242658,-0.5752187586785602,1.1599207681026316,-8.34838536097481,1.5447032584568123,7.286666654272268,-9.572010174294121,2.5641122279326307,5.548361871231314,-10.558475815884972,-4.861157447121149,10.256750931392842
80,-5.8746320328479396,-7.14507451767374,-7.056816982532554,-1.3661329308903567,3.9755473881902645,-3.6244640619543826,-6.854489268384884,1.617744924202003,3.290038433373865,-10.054258314536712,2.5046347423405537,3.1231600960308055,8.54027999725992,1.3148720801416391,1.9428143007678138,3.349088607491915,-0.919695366358125,16.504766227729235,4.188460939686872,-13.03419605434942,-5.4547524070096225,-16.89934681530658,2.455508504647898,-0.826256392253268,-6.279400911235044,5.069678695061585,6.610851306301527,-9.174856649232522,-9.12161204754975,-6.026819148512926,4.754285672491444,-8.630786882889216,-3.6108479077329623,10.294105769632324,-7.580671995481768,-5.612354561098004,6.049060179245613,-3.9432298468609517,-16.947404419354474,-4.122079322256324,-5.491992933611502,-3.9751388220796944,11.949408585011293,8.885642418321908,-2.7994314533676534,-10.654485555835237,-2.0450616596077844
81,1.21152324378603,-13.339279635492849,-6.456779613255968,15.582900615692475,-15.286044314222469,-7.701346967497672,-0.6746281834871107,-2.2171379875120643,-14.653612374752708,3.316002924040464,4.29920980581169,-4.217978012861556,0.8625804728611411,-8.329723582240694,-11.832904839094816,32.599743872746416,-19.77356715355789,-3.715548184030756,-37.532630695788306,-12.924377590789483,-16.356859089759176,-15.829001304795518,-11.429465215202795,5.146016891762915,9.40478926947134,19.517364851624052,2.4215811814950663,4.879318999952593,-5.3027139676582085,11.648434178374153,-27.09645847071072,-10.602761923979639,-31.64574480193196,-22.375483548005928,-2.5903804584749204,-30.63254729749437,-12.45938919730184,26.630133136373708,37.932638797166085,23.701470947894574,16.808781272427947,31.44009110419038,26.092608791464595,27.25976154263124,10.686359539921227,-25.053096656575093,-18.330931391131237
82,-3.0750119238950386,-9.445969558729091,-6.200802459060599,0.7537837233296026,-0.7780612495511426,-9.626551472613897,0.6227569958693282,8.710768911104696,-8.708186803177256,-6.306081672488697,-3.2607323086050193,0.23254400535797282,6.873048663537407,-10.252695637320809,-4.788635030410933,12.787005365643694,-2.0900923141027468,-3.560758078133224,-5.461031093262705,-17.049438822219365,3.3718015877001433,-14.486929576460646,6.364030336299708,2.887534316246579,0.8557706395556928,-2.12874140287448,5.496193497899054,-5.005671645631592,2.9265682754367446,5.35111180993689,8.28726239436752,-5.1020953164371,-1.3788000923318862,-5.346457517332061,-13.643011175320941,-2.5972775315422636,-6.238695740863146,-3.237959205496719,-0.6041911243573385,-1.717980664339025,4.741990854158604,-4.69232412961252,-2.2556700727296897,1.8867920615950038,0.2915145504140628,8.595320552211987,-2.4019481336434376
83,-3.3627677121660478,-5.283387088277778,-1.6309472220751273,-3.723516231336144,3.0913654198738385,-0.8423249610705239,-3.632030242248824,15.353638648963484,0.6755797275116404,-14.62006554504084,-1.2373689005205184,8.086296784326802,-3.2857934146328196,-5.424097809888732,-5.794301007474576,7.259220577755486,7.7692457986255405,-8.409582962350045,-15.434479485443603,-33.44721235545035,14.606078955124083,-8.667290263658895,8.418537468642539,-17.497126257071123,-16.89114671222838,8.452271110664894,-4.396730511160145,-11.573785417181488,-30.088371450103306,0.4543531705943056,35.44629226472914,-23.171521311449276,-3.787146492798939,4.571224356720491,-6.526334960418754,-5.348667377356874,27.076299590523334,-1.067135546432826,2.1084697144679425,-2.7228085714316212,-13.079521379451908,-7.727127768137716,4.209297032230379,-3.3909965326541887,-0.2140423813152152,-20.46802671421143,4.080593734842665
84,1.865750728761396,-6.452402459396339,2.3810760710237293,4.249202362874525,-5.278604063462829,-8.329454829273676,8.498741913104343,13.261001683687173,-4.121862048569195,-23.344295407232888,-16.939741512685558,-13.944117945685292,12.66776970260636,-15.39813319560789,-3.536572579316704,10.555559264163414,0.8765547389030965,5.512874723081349,-10.453995227379188,-10.71631206472642,24.33890682027784,-28.08097180568597,-0.6521718296646163,-5.345868492397116,8.748939727508908,-12.809278496929169,7.50438491017175,8.90754257661533,6.074908852024901,-5.425150429471047,-13.393379782604606,3.0906691642299395,-14.882629631121384,-10.358393543910605,-10.467729680756788,-3.985620838231835,-17.63927169045023,-0.8383912228548311,-11.611785347369326,-1.3056465409731524,-5.439353530770198,-4.923751412678475,7.8416838039073395,-18.076083395384074,34.99437060067381,-16.390068872874824,29.641145541746642
85,-3.510248994866175,-5.298454997194364,-3.3253422338080316,2.1304834006196653,0.8346220146295921,-0.8195181408567667,0.0680000034902819,15.62573238533177,8.758612910507782,-11.641961377616727,-3.074944601228251,-0.6947618279230927,4.886185057599062,-13.310852661354204,-3.4632547899863146,-7.227071509902495,10.85588624028994,2.9156767878396956,-4.400007054102936,-16.867113363306565,-22.003841893540443,1.0825413576859928,4.572000924008608,-8.795400360170893,-7.951760096343249,12.620931312397834,-14.254167811370747,19.144737910952095,0.3333381176196947,6.903507580263484,5.353110127499732,0.40455394620300794,-3.2644804420344125,1.4852836708215789,-2.3606629600570574,3.0033016432141686,-11.908803182007356,-19.108946936464346,-20.368908797645904,13.667192650592758,-5.954774568293874,-11.914425095000645,-27.571896568110297,15.079429425270327,-8.570403456091459,16.07361228050072,-12.844320427213635
86,-5.451144641908786,-11.544093879473415,-0.5777641725899332,15.322857094646196,-14.683740623373335,-6.332945840976025,4.579864973288123,17.68554415197708,-23.7380503453844,6.932391106885844,-7.1619566485681725,-5.0718837799145975,7.436226201933364,-11.007441788547288,-2.2623923548944305,-4.380276110263418,2.4503230416687862,-11.04387132476006,1.8518150665785047,-3.473643450693345,-3.8000357090782284,-10.896291211288641,17.485805982420068,-3.379002064891689,7.229341734894672,10.068021283764828,-10.950086449488118,25.841002067047725,-5.880286353671401,21.38431261426642,18.222478462603586,8.596603105505546,-7.56893405068488,-9.423697339644102,14.29907217039847,12.846946081999741,-21.44080952913052,9.89792766930163,4.452619235530288,3.624432646885507,1.6100720662920325,-4.154913382497778,-17.49659357444086,16.37161736961628,12.345762195208279,21.557020321948634,-2.6028213567951037
87,-3.8657674285498516,-6.860798975088502,-2.3401623128604214,22.005622561198344,-16.77153069045082,-2.246562644989152,-1.5749460784172,6.166777448092514,-15.432540161220178,17.65355801525673,-5.1271926884205525,-2.6276498974564695,-2.7698329452853576,11.609439559409797,-10.487718092109109,-8.434501141791593,-7.7912935498576825,-10.873936480196745,-34.53016979459162,-13.002455485933632,-39.72829995991488,1.545383761534939,-5.750720450727308,1.7809536502385184,-10.554265984423887,11.935243809576125,-22.365202473293724,21.083561492865964,-2.422674355466889,14.872485403875286,4.065837632110326,-30.73053141069366,3.1740692596546447,-41.22163600267558,26.458045819608536,-16.27775097331225,2.3571191270192484,-45.60598231102323,-10.887087458186265,10.654976727022872,8.473515733573239,0.28713311215587145,-17.634191723267197,-32.48498328188093,-2.959821143297249,-5.1620783444347635,26.259260597915905
88,-4.446243057596616,-12.40032723620184,-6.288607687205414,6.432014009238274,-8.786903250322274,-9.4116455261043,-0.2266649844494618,-1.3231145746712358,-16.039428999392573,1.5195022753365746,6.0615919113266905,-1.9505597182913215,1.8316946550413968,-14.674467807614272,-7.645858152318947,23.18286372941929,-7.881237633200618,-15.347723572752125,0.5237642637256483,-3.925969277262266,2.1268962335162507,-15.139527129514965,15.563572615011495,13.390867083851038,5.782671755197352,14.511050586808107,6.990541823166547,1.4765546386224289,-5.028119495945297,8.909359076953178,-19.91206383677804,11.594816059393725,11.617722509907974,-4.128065956141113,4.932683542346536,4.533756545082661,-19.36840439536669,13.484481669775322,8.316366915393143,-0.7432492486010126,11.610244576541403,16.800954436064487,0.23878561996440517,8.482726743130161,9.830649697842228,10.359657730763708,-5.552034711650843
89,-3.6510910222129342,-8.722202186114703,-7.038938174791634,-1.3999405671837897,6.415258964507195,-0.33457635130399715,-11.059925379599747,-8.19997397560702,13.12746874260536,-7.039079713736461,7.6047727061737085,5.477860091337851,9.765138357090521,-2.7603171821912,0.177583997269481,7.190497599149744,12.525865824856668,12.670108329847805,-7.884137268905493,-7.256809050598937,-2.9521178270872106,-6.494244371881716,5.1804009785187395,2.1517911466106776,7.54229801343012,7.446450304653094,-7.593116081801129,-0.14467047874929403,-3.8816397462935552,-5.379412293632021,0.7969759775023779,8.938384413820906,-5.688867264287179,15.952195796166139,-4.871213844516252,-3.0516984653846086,-1.5590816730841748,2.9105359406077547,-8.290624642748314,1.9507466448254136,-0.19304415604841824,5.316572141223216,-8.529078548775912,4.5685596174153265,-0.302669480665342,2.9380413439622624,11.495405613942339
90,-3.4560897290820165,-10.219855971211448,-10.10634637280027,-2.0994602901087354,3.969059988783619,-6.145075074830955,-7.783595161237347,-19.77200886376318,5.6413153340959825,-2.0088298896329526,17.993835516925284,11.984395281669544,2.23915550095339,-8.238653814024103,-6.478729116648319,12.976244347863286,17.218964556506933,-3.9516817168782765,-7.801139325614996,-9.532908243040062,18.032318151189756,-10.951329483253547,14.809221836197123,6.520665340323665,4.386600672038008,6.709550300934483,-2.80463372100316,-14.87809974583275,-11.23023378050316,-0.07854211583524578,-5.97666158244801,22.092432404969394,5.948481338076877,8.504384526846923,0.009675600119469566,2.417824843462646,-6.915994105253267,-8.154816919421485,7.250507253309691,0.09442020701205545,-5.630013917237363,1.099141151096525,-3.54085503507034,-5.545494629757236,9.096648492082434,-2.71399687230917,21.193714141913073
91,-6.9764628233942565,-13.104277434692124,-8.046288438771908,7.1047287051052725,-5.144828168516565,-6.527128842462131,-4.300225080736717,-14.107783135652186,-12.084268731401728,14.424347051198696,22.31823695238531,8.033346699619473,-4.863533184864095,1.4615262884636553,-7.226657501350799,5.312542730408682,1.9104158994942737,-16.978219212856366,-2.3709869217651196,-5.299619846311289,-6.542631274726844,-1.9090443984444423,7.964275099974677,5.792713503030597,6.177697112726633,-0.6790193734270716,-8.483919852363885,-3.452030064156811,-18.607915965350987,3.2438051464189774,1.5614441189117614,13.613964851424363,16.295483893844327,-0.4927480312526241,7.531561348640016,0.7112978450149119,1.1028770550468243,0.3157367805587982,-0.1054834961140691,0.009220743660666164,-1.1178088119083864,8.571136424468204,0.39295487556522535,-1.409429316499885,2.0968701031089294,-2.9525548030778532,6.130099559783044
92,-6.956546419316239,-8.291403690999752,-2.218569518610291,-11.583544281283242,2.4420735699693146,-2.0275336196512064,-4.993210287170218,-6.783076303300108,-5.09480846565996,2.436558169197892,18.66688546479463,15.221653737571106,-2.9939773124432723,-10.649865721861705,-10.895565880771795,20.520691746502287,8.055865572124295,-25.18328537942905,-12.750720728853477,-30.41098104843755,27.757212130737372,-11.04054039000485,22.460315007193422,-1.6822795661373349,-9.90294320694654,1.4663717133060798,3.635004838529581,-26.6237526521216,-35.62939048666034,15.666364229186547,30.843807721395127,-2.9948574727329955,25.09612693621949,-1.6383371144914138,11.521161524585754,-2.8802114049166216,3.8816347235465702,2.533639389365104,21.19912867997226,7.736489163136808,-10.902670515822102,-7.120457900481778,0.14889827965270225,-6.220036700299895,-6.463901839848422,-9.795624112800194,7.436390620261945
