,0,1,2,3,4,5,6,7,8,9,10,11,12,13,14,15,16,17,18,19,20,21,22,23,24,25,26,27,28,29,30,31,32,33,34,35,36,37,38,39,40,41,42,43,44,45,46,47,48,49
0,-105.52403740583422,-53.8242046655306,-20.87997577804217,-117.09576198711608,250.06729857399577,-9.389785805627259,-11.180625481987745,-2.1641685700983206,14.562301311489575,74.51178857083205,-8.85346106654698,-36.916998392802434,40.451257136402965,-6.989134300325634,-22.80028295477478,-63.81252204084979,-96.9018732277226,246.388184850952,-47.96769985939408,139.7696421173199,44.114675229347874,-119.16384978321643,20.821943702694107,234.84204311017783,208.28819631471512,2.336767418908434,29.496842386905595,68.84272808213719,-107.96325101508617,-16.364400515735046,-45.35067996820045,-123.41135057259703,-38.53044636051615,-59.74499921607004,-19.16651378471528,4.391327077588264,-32.98143260881799,102.92933478831138,6.071668092571516,10.434725910440834,51.38904293278985,-15.739417139484894,15.719636290435187,21.908071623743957,10.381363605896563,-18.572789508186524,9.117643943742912,14.74296681963563,4.263260009230487,4.803061931344051
1,203.95924919313308,-85.3565938661372,144.06549414418058,-230.9703570376102,80.40326313885974,-31.6798321405416,202.73017009260207,-153.449072825718,-144.86492015167292,-96.2534261474309,-213.6621290891286,-21.210689061776435,-132.71500343948534,-129.90557575515555,308.5739142504228,3.364548969102387,7.053897870018018,-9.309136421168128,-66.98348642863668,-100.10159831428643,-211.32558401172528,-113.56507748806925,42.26414734122799,5.99006738410915,-22.99319721278132,-109.492936491993,-56.49607803459561,0.3453528336180385,10.34351017896376,-55.31100979773152,-4.101196899953257,-16.562209608282725,-74.77016260299823,-3.200265410419019,19.539145928705707,-5.910416131569137,13.044969553156555,19.772555013747837,-29.11955292979996,8.44163790356825,-19.36412739976374,17.7635123527439,21.747054830314557,2.08605761491069,10.042989505179214,3.194877296557834,-26.19875439582469,5.37513835927745,3.7036448393098507,-13.40465584780543
2,-51.2024885000398,-81.78505719066997,24.469134093382802,-31.1679918114783,-29.924904025848097,-69.80082872102426,-60.96179059071328,28.04902259269839,-31.388557404759826,-7.173864961681922,82.30470731432071,-16.093762746161552,-48.9953584385651,5.724895498902929,-59.43539635753436,-4.934468883312505,-40.143204786101414,60.387944214029154,-30.238288254615046,-47.398101907224174,-39.705760256538326,-49.1044815418328,1.9042675908741926,-32.74004577187268,27.229915082673344,-10.835801342762506,-78.13745693388728,123.0886482890299,11.176242279031486,-42.379170728084695,40.05915846092891,46.08330388106701,46.78957369326649,-41.36940551813189,3.240118916854626,36.875105110644185,6.559644628715211,-84.54576941177058,-22.435836217479714,73.27785432585978,35.51418957706745,-42.89124067971617,-15.639565409324907,-12.262143326373703,29.207311864357578,28.168651762219344,-76.99849552104597,47.31089880056952,0.8706438219429611,-45.4156792230225
3,-105.06275962767891,-1.0061283723667254,-71.82831660894927,61.455518119343665,26.022009157846142,-5.1288387897044005,-35.26663526981817,-23.35871341320227,22.867321977477825,-22.73496397776804,-20.282080244082586,-76.77667247414126,24.935824817154625,5.816348347252983,9.217068663463401,-14.5561237695241,4.7525219067082825,33.28419166197895,-81.13433071145968,-15.323428555407771,10.602927704191906,14.347550867421672,2.09796939493945,16.119768653506195,-5.398503997196564,-5.557679513530815,6.8085313348279595,-11.24965797639196,-33.2779320307006,-11.485110152125783,10.836420932547021,9.986608827682767,-15.94201761347358,-3.935677708264204,4.357288444721272,-6.69481772221498,15.706980096322225,-55.11161166260291,-2.8398824355820187,15.86174790651772,-6.040975775934068,-0.36140531603577974,16.191535928037723,-21.11308259093332,-54.139791223440255,30.94703502531902,-31.789549559835876,18.847980281481316,-9.16427078535219,15.464758343257147
4,53.721013067017935,-71.31526399218359,-26.80094067960844,-62.59711833848643,-110.07092053086826,-74.58071656442107,-88.19739261241888,29.229217330176365,-9.129048071030498,73.0784121494962,81.42507348024415,-69.46501684201961,-38.71533564801496,-3.8515785258934687,0.4278027685076211,16.872918843096482,-25.944843421653616,17.95056886114933,0.458453989502184,-27.693654439114464,1.806951824901038,9.093620888160354,36.15811051165047,-53.40876983440384,28.03647959869742,-88.11232063993361,-33.90808432692431,-91.78000564100701,-68.77450961148519,52.51919691370601,55.822569108628976,-198.2121400169537,-14.948990805115528,-42.52727351280438,-62.05937611142517,73.81839332957757,-3.922695230136582,-129.91869488141194,-63.684892056163,-119.66551249609631,-54.12768513025751,-33.920056442909036,-7.37701434128257,115.38895104426162,-40.340362373638044,-52.985465318514464,16.5780368873281,-134.34257311369075,-76.62212728674335,-71.65956117075682
5,-39.49763023476309,-106.62241720635005,89.73218899784345,-100.66116024410651,44.76728148549141,-61.28014683954954,-17.975294998855222,27.74524891684013,-50.050157091997725,-13.753517313674397,101.77813110871392,3.402884818696503,0.38925952331638874,-26.696767848041635,-8.304562839710998,37.24225315941618,-22.650843209846503,-5.105789155652804,10.360137619724377,-42.933779400341834,30.326885676527247,35.20982650934316,-32.38747966653225,17.927846212985404,-7.02686310587107,-32.201411769015806,72.92255524494374,-68.38363664642387,-4.922397406758318,-55.87244642526979,-79.63136645268368,56.863295961507546,-45.21491604914626,60.30897448213022,-42.82178022103706,-31.52100853502712,-22.189021924267838,2.046389590076501,-86.52732410294752,33.210355900569006,10.524297371015734,51.27901756750961,-20.476053240584648,-30.12872254098945,-22.2761659569298,-27.30425493245657,70.97994839428546,-26.776757398821143,-60.3334269795779,78.86076731101345
6,-37.88632538707708,-48.998319426293236,133.3402751369313,25.251665165269316,-90.79101856175376,25.24240621336653,-38.106871217851705,46.077988583892584,-60.68862965297583,-40.255353219951395,24.819585668907287,65.37244338644746,-31.675723543571408,8.942643726864352,-61.93541545708841,22.159472367336623,14.421428796662989,34.8560595504763,-4.62871723354301,-7.6521765542654725,-20.666374716810843,-41.91524796214024,23.796182870036347,0.8683291447331991,19.763890035439353,8.665837926031426,-27.952621505340577,49.70360957708154,39.923185762500076,-41.610824815458635,32.62941295958028,24.891732548412257,11.772691630620685,61.141697993500834,-52.111072082918135,29.248586359111954,35.855050106538044,25.16783879133991,44.28265734996575,10.568509969126708,31.362787730593617,-16.76392758135119,40.60501972398364,-15.232807954013944,-47.76291989771489,-42.229717472858084,-89.35034344746265,61.606524805820634,75.17783976046175,-14.817414036234965
7,-110.94812984939782,-36.47442756729207,-14.963415873026044,46.8785054067839,68.6540670125238,2.825010722374981,-27.60966847426058,-52.136072970516416,-19.8773720225925,-62.398181084537455,-8.119323892983934,-75.99939339427802,7.92716445511912,24.410108795905476,-0.3887957391499639,-14.794215954207822,-8.990975561904078,6.88251809154732,-49.75497923181789,-27.063746578166345,-0.5099707455950394,-22.819474866140524,11.613165350315247,30.073540510254563,-34.13660061065882,3.7223064760072107,48.07448160089167,-30.258017010732946,-43.8867618803967,-19.756608550124817,50.54760532819318,-39.83162434308061,16.08155772688393,11.255584771928639,22.284138650667682,8.977042642137278,19.0679617895805,-48.33362126361833,-7.719036039395066,7.228317201160019,21.44868999885111,28.497314839005703,-1.1219195296955826,-29.537483004772817,-22.910565507538138,36.253475212886954,-2.183656321152482,11.71225777162942,24.16439199352877,13.460793746433199
8,73.74663204899022,-98.08565819443187,84.82354409203046,-145.40021418216892,41.811177940555105,-93.52294353189482,21.957371772613328,-51.77315786736823,-91.10539539333664,35.54483343193405,41.610549358687564,-75.51031593339603,193.00129579163877,15.42734533630678,-45.06510243119129,413.3926755697839,284.06522631557493,-53.61882165293473,-104.99901387335534,90.71124713513895,56.75082394324284,27.763270607324714,-17.091285208517164,103.73037401115617,-19.70939317370434,-36.75032759887847,-62.76476539995846,34.0676084469349,34.14464258843721,30.930496276060218,-17.870687217719677,-30.058401799894114,20.697649007472762,10.113019866307873,16.909032622339375,-28.28769922046007,-6.792470402405918,-18.06956620112197,18.095880975187047,0.043608689855433536,-10.028657949210375,4.975656258043585,34.74231975543386,-18.23051660253092,27.522305535432317,6.04301175943694,-16.45310913594391,15.916205680224085,1.3585823854952042,-10.77996036549272
9,-56.53234203448248,-70.03737020749914,-11.224599391127102,-36.94794591899775,5.513550834335693,-68.73819227116653,-32.93589610691579,28.181663975234674,-17.038985537815446,-11.910757616585586,66.52005983086482,-31.770060971864517,-33.79479733640201,2.1245307545549443,-30.673513702145076,11.088555832821529,-48.518567916250944,6.049113324056666,3.50100244520512,-41.33473144195746,-3.2800106703197787,4.544376239528337,-24.86935415406829,-24.78172424390729,-6.4327760109044165,-7.0056120941955475,-0.7522769264767214,12.119271551882212,-5.292787374743575,-8.274986225370313,-34.51186019748017,28.861671033545893,-5.983989353053577,-2.0641010022467094,-7.100321175340115,-20.230696375100372,-44.05794648081344,-36.50728652017129,-30.433484226262273,33.18881227633084,-31.066962913143186,-19.603171733511452,-13.621460555371243,-19.68704310266902,3.2255125724649423,0.916193808683788,-17.412168563663563,-3.6076517944232203,15.220034962343153,7.087032332012939
10,221.2058986761561,-98.04289607663574,90.01725363435582,-138.5362280565859,-20.4422996254922,-92.43950205337453,58.39480770345499,-187.3928667254948,22.485345488196618,36.4648149021335,-15.013692288387327,-181.0223839404718,-12.138890777388815,121.28387396261662,-99.47495148220477,-304.8123625399626,286.40554993548943,12.895710877484598,162.0154992630787,-129.90452992136088,137.265962843413,45.904306187951256,-28.61682812725505,23.985673908742516,32.805121775559655,-98.84947351175788,-53.93994622052317,65.05510393931789,25.94893229285219,-16.93657364854329,-8.125321754064277,11.131772268207557,-12.682857456816823,18.141262134676847,-18.41119164096787,7.603673841927017,-1.8551390082966317,13.418716602217994,41.581352454983836,-41.073408210739196,20.33677679930819,-13.397296869775264,0.17121424678428454,-17.777837431364425,-7.16561639031414,9.172217983048709,21.359063061533128,12.100243223561378,6.302123769056905,8.652015883817942
11,-95.28282449842655,-60.53140700760085,-8.029879961206248,-32.04240783999407,118.08176040799833,-33.49455819989714,-29.16987090468487,6.666905161898807,12.856409203050951,-37.72644386602166,37.77806109232853,-39.43619982093733,26.44435604624726,21.86271014213677,-34.98185517684589,-19.702914951054098,-28.683648756516455,15.357362049838132,-27.012049431109112,-34.261505982320934,-32.09925128225961,-22.240390546618226,-52.078308284776185,-20.0344129075706,-26.968903605607743,-1.9259875576544028,47.33056644276989,22.529417510612628,-21.949285159340672,-27.51202548269983,-54.04079071976113,54.60613815518231,-9.175515490211126,14.470862501507451,-40.90128165214125,-46.71798788292241,27.86935429725087,-45.59715287899474,4.880229301244453,24.522063716928503,-14.075114334233358,51.11681518756892,31.215031398451423,-65.3075594897983,9.009403835965163,-2.9162719703386397,-12.17493408600012,-36.243094178034774,1.3174636206087282,17.038416499497487
12,53.785092225838994,4.501235199408661,-96.40359175519447,-18.646373567207366,-137.20435584480703,-62.79471131524321,-17.779843751224536,23.436134473437185,-3.7811105615058302,37.227398449847406,9.965871204233766,-52.73206652630662,-76.4915929201326,-92.32922138197327,89.52339053844918,22.172482422167697,-34.44987324713543,-7.217232489752025,-91.1984486545923,-51.045274983958564,116.65366398495527,91.99172633984696,51.425144966282076,49.056173649206436,150.03530686040946,57.26530052514602,22.005820882705933,-51.90379935238141,29.75509704820301,-70.26528576553608,36.65317490425518,60.150048041790846,43.95742396014218,104.95192800716708,-19.064424144991253,-34.453524944859666,145.1873709536814,24.208678572389097,12.029984828559702,-113.0512734213021,88.64484610442439,30.549610988574887,28.844740480576345,-44.920399691168484,-59.576316169924205,-7.912632237163017,-138.50235506859724,-45.797503465475,-60.234327055484925,4.901399582612203
13,77.74044259543462,-70.34485168545551,98.91579254046395,-10.467667623465678,-106.61780781006696,-56.56734062571195,-29.12465385984599,-40.157271804824944,-24.74411057148796,16.64605852398529,33.63841281331781,-51.22767288305406,2.462278045502562,5.6040720145626555,-60.689751390765544,-33.24721343655114,27.49941711220086,16.992633042904856,-1.1277132525865634,6.522955102666536,25.314175085051787,21.535533519404524,18.857105303617573,-67.14417737802206,-57.176389909242076,44.716384581688644,46.34655661323368,-110.09576168506533,-101.83800464803757,14.747319845260419,136.19220193712118,-87.30471247174853,-6.813061674581138,-64.6334779934144,-45.65528418592249,-9.908137621688805,63.884852187630564,132.21904797713367,-38.608149031687645,147.95044429856708,-90.9591152401304,96.61037645331325,58.817767690471925,56.26398361676989,121.46610956382122,-68.42773463813732,-119.7692387655479,42.676916202181914,13.964228526925332,68.26285278751786
14,101.70894405366585,-84.51764419835852,65.04414105187168,-88.86883941945129,-45.85653318500484,-76.09102709121039,11.732921375834461,-67.2197584872002,-28.673278358969675,22.967639595840097,23.905782904698018,14.577748354274625,16.8318570955254,6.664969266637994,13.469409263993201,-68.02274791548899,-11.711825165420663,-21.575734421080366,61.02546366210877,90.2593745126762,-17.719047972249985,-105.01849117483665,22.24302026301438,79.35964756262923,58.20181903993818,223.93751578082075,-17.00337808943035,8.811507872591841,176.5428615907228,198.37407183423744,148.80367633478346,94.6872498134635,-50.53529054444099,-115.49096258316732,77.15871704606265,-10.865084405392512,62.28108155982561,-37.46676049500023,-68.0305626173765,-12.472986936875378,-29.085239004055758,44.96409955186309,41.411737715758676,-17.772015212300538,-34.330496650080484,50.55942822920733,30.622440625045787,-75.60340508048397,23.800690865916597,21.662049972368745
15,-83.4735684229049,-82.1755884080182,134.92688853045394,-7.869617002288955,-23.53702314395745,15.62100269063226,-46.96297273270045,33.71388749568218,-96.1932307498411,-76.11707102180209,60.77018415409216,67.51817747418296,-61.52316910546771,33.82895684098504,-54.85342492509872,14.908667275934317,-55.013399726035196,85.03744524849081,43.22434391611077,-16.266881259239064,-22.121445856300216,-45.798151875520475,64.20835411343869,55.16113984245916,15.100567838222055,-17.279472727702586,-58.6631799438382,-0.2694724128904661,94.51590752187217,15.428830062315344,15.899285664684076,-2.177688962543109,6.0619537086112105,155.26674661893844,8.215036796218888,-69.94220942995534,-62.319855495827866,-54.01277794815254,59.33151868988679,-42.770483647728945,-7.321293449376502,3.7362802347807396,-97.86355718105709,157.69106372277002,26.41431025063331,42.8546401312357,28.23907699401894,80.40659721833174,-29.277803708239713,127.76098004248325
16,-6.248822477167553,-39.8788922180167,-6.295958034236467,10.322903350574416,-120.05763049361296,-81.49838907844507,-0.08929894237795932,-6.724339606838153,-23.849504669997938,-49.08123208561635,-17.414949797945695,-27.878610937011434,-118.37702027630428,-52.43966718009565,12.206362645557855,-26.6703268291654,-24.32955999794772,-78.55039187008819,-77.67650554200371,-33.490450080948015,50.16201475142738,12.85215511426745,25.68420720322639,51.94544469217535,61.525410245473786,86.06986712119519,-37.65036014907896,-78.2194656797223,-2.565294671274067,48.72854153849121,-91.88020842145605,15.518126753288731,98.89116391268354,-111.75939694978726,12.323982654241231,-22.756317249242578,-13.284167881573593,-16.743148507434416,147.88477410416746,-20.771264452940642,-32.19427739842421,-18.57043100859834,-61.046173829898066,-32.80663075265546,-25.80526181022835,-99.54020125453908,47.5082922497553,179.70702503008278,-23.736392390431778,-65.22869666504711
17,11.952519087158972,-77.73148175455952,45.72530218776437,-63.28195382394028,-26.061137374376766,-59.372875612135715,-19.79040281229186,16.98070518186643,-35.18974786368357,-6.2342223108245385,69.73741294551766,-18.642214275128172,21.237807161603108,-26.38955569423901,0.6207587698086481,31.52327063142054,-45.7642575023703,-21.52981224567203,7.438345677765765,22.76391560242234,14.69304345240127,-37.08061128587945,40.31929150113476,-32.94368397922945,-13.62023022208746,8.38549909711797,27.350619710778588,-6.78597046506643,24.17743840254171,7.545965484533332,72.66301531392611,36.52214236877949,-38.12424022839412,-5.702454623070776,-47.75597006686919,21.065988499999495,-8.782950374974936,-5.348685604456336,-2.536490014761319,-23.853425691848724,84.94717868778531,-20.961563338941314,-15.656616663200266,29.411855572863548,-8.310939781490433,23.022066941031234,18.269248578044554,1.1624139587909303,-16.42194731007633,35.13077433637827
18,-32.817994379110004,15.172963595607914,-20.86532361083,40.84045507076224,-78.2021802676152,-41.892988284776976,20.02482621475364,-18.688975068926165,-15.169869046038222,-11.190088876971291,2.6494101460242585,-49.12924418369813,-62.885706456110974,-64.81845338613678,43.286453934685035,0.16416947339798,-8.225498258743395,-2.1745984839114154,-70.9968776928741,-32.58252468844393,93.3863687556741,73.92213251376256,0.15063057205464814,28.54262129852156,94.07630414658567,53.24556117416722,11.059681442040807,-114.11865400717319,-49.79625561214971,-31.988577213439797,-13.772219197318119,65.06662760955672,11.443130221463672,61.838717829000544,13.483937074900345,17.506918705744674,40.5138458491508,-3.436443128697709,-1.1765995766291175,49.64783983552897,-26.465176491983527,-25.523651434540792,16.42793230739463,20.094651558365584,31.75057096014441,44.29454969378247,17.43854063776305,-25.45641474287618,20.80365690773178,-13.148724580857806
19,-106.4670496493835,-58.522365843432155,16.338401909222668,-33.005904449770846,124.15129582840461,-12.482340093819275,-0.5976033505764287,-1.0947811926522595,4.226557059843319,-43.162993517061736,24.24024389515732,-1.762228059776188,6.567811854965937,35.60577921657975,-4.620227359571725,-17.34212034672837,-22.004494929154628,-9.875003811799804,27.48434124909436,-14.921525803013997,-30.998093291802647,-31.959769682513038,-49.15885203318954,4.371166917036725,12.59867991742401,38.00552013063411,17.41297944203764,-14.804414652221283,-49.142043511304784,0.6577746733895865,-50.93039661982822,20.15191600358704,2.378420885775625,19.74487760342365,-52.26232204504583,-45.20086071325977,33.476908727159504,-28.80736224052382,55.11936344753927,21.74599475313108,-54.34966766261942,-18.349759056147,36.149048170481485,-60.00497878055186,35.28712890184647,25.54452337794323,23.729989600840906,-75.51092715945838,37.16720396027876,-4.733187159931163
20,-88.15288971346993,-43.71427603286059,-37.4575692152027,21.31168211611758,11.43044236047213,-27.036434583113884,-21.85249208629184,-8.2009418928061,1.9452481383235436,-39.55479641329395,28.605307550147575,-27.57143387169656,-14.117809772636155,27.424900153880376,-17.614143918382148,3.2131380050703657,-2.7003795686939918,-23.360161329224475,4.351785241810078,-20.10235231146495,-14.008466276083738,-9.586851080190575,-10.317801328840119,-32.8077421228302,-23.286131570827823,30.7961852270495,-23.403386667644003,21.179973603176574,-20.45533738628983,26.155388384265166,-33.77438991975126,-7.329012344458433,7.075616761608649,-14.98088806209918,-3.9885974138123315,-4.62377605473234,12.662561702277277,6.457382500864924,-32.519548579443,22.462193595634496,-8.616157434508915,-29.12119842890074,-3.101388003235936,2.815947899022926,-2.6836602486257224,7.64988689601783,-25.708509326872434,-6.434396778098908,27.099101555279553,15.677079161419766
21,20.58220385490883,-75.09456194774124,7.470272435407228,-79.4919907425647,-1.8752972364357159,-72.6170177668425,-2.508024101317378,8.453144482455405,-7.705165087090218,2.714669549568343,60.80117814534096,0.8119304271002659,-77.91620703138221,-49.98591490087042,23.67652356844724,29.48414701944956,-63.83556290336114,-103.68463347547454,-4.0145739660114215,-11.574954189740064,93.7970834135197,-28.897470803450357,-53.26981997496891,34.68929104171437,46.196341814975064,-41.64076401206298,52.80246063926447,40.04469654317273,28.958682429925418,-25.600881306952854,-14.82490190232405,58.668992168280106,15.38215216075746,-64.00184640974977,-101.94446865161797,11.545321744944342,-52.52813442956995,-46.91282825745567,75.98904301806985,73.7043593226807,-58.92279311748445,-43.479593534808444,-102.37450321986064,16.774002637880123,83.50623428567401,82.82065682452831,-66.25488110491555,-109.02090353611094,-31.05229993293838,92.05176079729976
22,-66.53895606877441,-23.039625493241846,-14.893512716069518,23.832084291767664,-13.829825694250854,-34.78989875550719,-30.28043214064876,-24.40312449990762,-11.672683678531335,-33.97213246905617,9.027099999950227,-76.3955393422336,-34.022160231237706,4.324442149562711,-35.86784612789779,-8.358250247059429,-20.94010266240038,10.031336687374608,-48.93186875432652,-20.799258465211327,14.216294596368657,5.0398826418412845,-1.1079671078394018,-11.219277855806672,-51.52793847023433,-20.46448449156618,1.5860854330091558,-5.621889697871701,-0.45012569673017677,9.36555770302213,19.477261514073266,-53.84285467317417,43.30999194418127,-5.660557611076406,37.30275508636922,-21.384223996458577,52.17030117277835,-6.674670739959627,33.85407857394832,27.231615613721008,30.868711809750195,49.22965458864892,9.653217931754785,92.05236254624658,-17.08827028955277,28.866685527303996,-6.860214347408433,27.105251889351994,41.45815866911937,-0.6536847795899314
23,-118.29393471561959,-69.9111896563632,45.091478897860675,2.7825058313273012,56.0969782991231,-20.293067668625802,-34.86561577578189,-6.375711183235775,-44.29656298091973,-112.69477686014258,58.705769138894716,-53.70938350982214,-31.92609936424516,61.751518932198124,-50.34576965925999,-16.29913488919353,-63.391866267744305,-5.797514224827244,-16.152578735134608,-57.297822159306094,-19.873445597109537,-35.36048966555984,12.367335094705131,21.744895543012134,-107.85623691582948,37.827344270326535,29.010575829054257,13.238151325386116,22.395401488134738,30.84351773731803,-64.5683482599495,-19.82827803022359,20.43070168204851,104.22694676236223,-17.25912159569908,-71.34441227016961,56.2331480549569,-9.401639939781575,40.611970884741446,-65.78888576571227,49.93133165786708,33.494843719969566,129.32334546218516,104.28442618808197,66.46870426260578,-13.896137900327275,75.3405878941199,-90.03014977693618,74.97665440338295,-83.10382142845931
24,-69.13553442554162,-28.68942833700899,180.61385073218065,-66.87364354019026,164.9003467280825,116.66331232837562,106.09473821504692,34.8416106864729,-9.205112928785864,-29.946288369787972,-63.74565882161232,59.55357412338601,13.187499095544144,-147.0495263768963,116.27478589320239,-93.44766473194343,-9.975367524328961,122.01489416492169,-46.00983374722537,186.68267014102153,293.0228354252821,52.33824495740664,93.67969804815421,-158.5039622030564,-163.29314071344854,39.38594098181236,-137.76657473464292,21.59617394466563,45.43206913965496,56.21749149519906,-38.67165365446369,-34.74181349809573,26.700224485439147,20.440089810412623,-52.46239568409051,1.0212668144597141,-6.07131837678379,-45.47563726154882,16.518863860282835,34.346252517843,35.11468844586115,-18.392745852766193,8.862521826757094,-21.94845150628001,3.2109751966040276,-12.959111237899654,-12.275059964848692,-20.67341400684488,-18.74770734858951,7.77096208160554
25,-47.87098871964726,-60.18113837517235,-7.345252004422735,-109.46666100053909,107.58121721570059,-37.145166578211295,-26.68292566382858,30.946384817386324,-0.38344212622746543,49.274849982070265,69.20559199294264,-41.672542566690396,35.55665184027984,-22.107618667277286,-29.1734258397274,7.981261027745171,-9.462472987460282,30.154832164512722,21.203919004045964,3.4383680021853986,-9.668027935967066,12.894632947852628,-26.165191232015058,-77.35333407211215,-5.159546634551516,-21.306906895331384,18.44314611889367,-50.647272536369684,-10.114346577875738,-15.929381982231522,-101.08764182102883,57.274666192823624,-59.63189899576027,-34.93772742493908,44.12137994951325,45.763968236646,64.0271254983469,-61.74273795936109,-112.19534389348685,15.253610164542359,58.492424394374005,21.385884947527906,15.754571543017718,6.098395271108428,-139.26635423839068,-81.26254169156944,-6.269708621136438,65.39891967554841,22.66742453193695,17.8518515489903
26,-4.2811186110585995,-43.95356698128637,-98.74319062536229,-104.22789001796038,7.858214963099565,-64.540883634216,40.68532122434858,52.38839254768127,-21.974414244419386,-11.726113144449027,66.93491962312108,-114.09359416027809,-70.83592260967555,-37.501701510067214,14.074263862864717,39.94342189005992,-72.58214265641521,-52.29511759553537,-22.73432577288412,-67.09173657687651,45.230611278504824,46.638708274940484,59.74822653396367,-124.44588131488779,11.897844439288365,48.33196131871179,125.74314064682196,184.3201763691421,34.679037625240426,27.570508518297427,8.174278114959417,-105.53223813015661,65.42557193232449,79.51462060588788,166.34304299795997,102.02757837391978,-100.18338963797493,136.37146278874292,-6.629072587823878,-33.615596141738536,-52.961187274964814,-92.7051768163997,80.13788086106398,-71.03069091938205,18.259997221506737,30.46775775671792,12.648534955239915,-9.007474394126616,-32.019517667236656,37.64328710001592
27,-106.84227531493434,-31.806104198941824,-67.79181498635296,31.3851728104743,69.73671836197835,-14.752199881981149,-40.34387091380905,-15.880947623173768,11.114409403730013,-21.953225306881297,4.229388716841079,-76.10234223412691,31.180344944469663,28.52822257230494,-9.153389619885118,-12.134907455911629,-23.18052581239471,23.882045791177404,-23.304203711160923,-22.92132417133819,-53.741442411449384,3.0535489058061116,-7.060371057021545,-3.7507743204658395,-44.59888321613335,-0.38012806581421166,16.67793542275412,-24.525723861974353,14.148558588558476,8.405964508656794,-75.82619703620983,-15.369414613472307,-8.203280459173211,-16.788043027054215,12.956768838706678,-14.90997264066714,39.61125329562923,-27.965813655442556,-55.88847939226744,-41.80006989488215,51.72612063384773,30.99439098310595,-19.129675438918916,-97.34153788444493,9.75532994052607,12.030004909398032,-2.193526130290934,39.5289920719492,22.124691653478283,47.451369449405504
28,50.593109351209215,-92.48074342884826,158.34523064221358,-50.81869884886381,19.437662946363893,3.61512397459674,-6.207472429829667,4.946331157204691,-46.930456468217606,-29.940185089587285,67.23973750074785,1.6423025915384037,73.03359983497693,32.78446510551363,-4.504843225169046,16.7703534191362,-5.96229004599604,-69.33968115782636,14.233687690934568,5.558096048821069,23.69960645607666,-7.885373587088951,78.99956388805735,-39.76940467122693,-18.844600059080285,30.617661618719577,83.96687518867901,-59.64570244574196,-40.94032899844538,-56.90839911738725,116.82382490530826,65.687496800941,-77.11592122136189,15.289561435003218,-62.872362234355805,13.349609177245163,-95.84634890756372,129.88314665197817,-29.45445769738989,4.182325528336367,164.82164069241026,-12.525512774292237,-133.10683096502135,-51.68863070364819,6.596639004216771,29.799643171295333,65.9370359241628,-18.31887286263114,-35.01300248452015,-171.93083079735877
29,-42.79162004060647,-52.14491261269056,46.166066183439796,-43.68350762610972,64.04223461432413,-14.865268152668092,21.245732512199723,-21.112001589832445,-9.595934198378899,-12.7746172331709,36.08073776374808,-21.028798486842085,2.309765424563957,-30.419787514444653,-15.90106639669751,-10.987137830043137,0.13141898575193467,-11.436057449263519,39.79780728516839,19.7964802987664,31.552341742571077,-9.06381764195692,-33.87948567058715,-76.57835242413,-8.75614321468978,30.520426342008555,32.66579694015675,-46.75962683287936,-41.54037314461264,-42.263536415849636,-49.80279665167744,41.82358836389024,10.943222699638442,-42.57288269743704,5.349809446789435,34.57947508557417,-22.890592339841405,3.0377768712526914,-78.51358623705516,25.43299130533186,-28.44136992991392,26.56013394702492,-10.411285564296866,-17.9990082995695,-46.342183933699616,-31.8436844374457,5.226654310374996,6.514020832523919,32.84118603909069,20.26277000377804
30,-46.86913229121604,-35.8065541351932,81.07750061329317,37.55491552444503,-75.66438964843786,7.368630003892468,-29.582025144317953,5.430603790581848,-52.79275139507124,-26.043954891670417,26.367732462883758,37.27301964115029,-26.599379982777826,-47.181597441378614,-17.339690024756088,30.501930202912305,7.905695366356856,-4.738529835670869,1.7310140449497902,-8.507759286824607,-6.696028799799725,-27.508125974906577,-18.624762219474967,-10.557889767296517,-4.080598997597192,-27.88075833852011,-7.9623279306177,-8.37414802064608,-31.877008862985257,-16.966222881904795,13.214977709559594,-15.007144652064795,4.720765504247208,-50.33063448134721,-13.115820432565195,67.3931311890566,-42.56124611358305,-53.46349527100731,-14.123412943593927,-31.595833076761593,80.59870109355924,-13.996185422399522,25.928893157321486,-1.9355036947516902,-27.07503158309818,-6.749244004192785,27.288683748820805,-15.891631381097623,79.0073070713104,35.662607912738764
31,-121.2818485643841,-21.527022651742104,21.092763150034454,57.743151851829204,30.745931505162172,25.205399660180905,-27.734201048070123,-20.79296526290627,-26.35735749561243,-101.82444094529647,-17.614794638796607,-40.245428789701904,-24.788908400263967,30.41562972126746,-40.08275861785642,-5.9742704501000246,-1.7918483586958316,-33.79675198823368,-21.137971441070558,-26.915976198174945,8.350534254672857,-26.661578718801064,21.186849852589855,9.197078354660034,-83.319567938877,19.608316416293025,36.83771387721856,-10.525955936680138,-3.9774484366309935,21.171551864177513,8.151919667016262,-50.779617371038526,28.590552517862005,-19.381150360443723,8.269516329591168,10.381494850465781,19.84294842201828,26.708253797502753,24.406609518142094,-31.676138598028537,20.247376657371003,-6.589213392885666,18.500094833715522,-2.6559219581989115,-15.190577875540008,-20.629664244519013,-9.088050815867332,4.720722908777105,51.29528580699816,-38.30257118649873
32,-91.727006614558,-37.78362172736065,-18.97320411541022,31.117122807904646,7.880383455229538,-10.713264866123229,-10.440365421176004,-9.456890253106597,-5.654952420722007,-61.03052211353065,3.7568866457807366,-1.3340667182583024,-0.103671654329038,23.162343193914232,-5.1360063932338385,-10.379055615294908,6.565123191731326,-33.322413714705235,5.885511041668007,-0.9645294132893143,-17.50783669846554,2.0775768705098194,-4.647731132128872,-8.269209225849766,-8.679810835610557,28.90157939523757,-30.107713806008938,-20.348267908080302,-17.72563640016116,42.053516977853974,-24.50973949259241,-5.494376302835576,-4.184520331448936,-3.987879045706994,-15.442577505185177,-3.624892376412128,-24.19208378524524,-8.371503954913797,-4.479443914247931,-20.928372399138915,-42.19903120217312,-34.422081815558734,-24.948812930323758,-28.43266536073252,-21.818215813075607,0.4203550789751499,-38.58500633644752,17.387818667910782,8.969216161425436,-2.0491004712892575
33,-82.28677782218254,-77.71931436840008,17.65482354950315,-62.501012094011784,126.9293273638808,-26.58898237001305,7.828871469768922,-31.19215260492524,-14.442979110356548,-41.61826578543569,48.91352840185614,-17.065565011613483,30.91329029589325,30.484350849321505,30.607929766302597,-26.894626516380335,-41.32786065585266,18.307376384932667,63.95231493070158,0.7951350907670294,24.12530884658134,-3.6423290329344313,22.233951526793756,34.84487462737191,-19.332712117238966,41.38929884265949,55.714356630598836,-84.04698861885497,0.519574094522882,44.77088498607727,53.77542028573065,28.814553131522626,-20.523636094689284,118.54593246145178,67.47312570737628,-97.69693558848158,-125.21502629110181,-46.50097651810514,-90.68902172466493,-36.341167010394315,-147.05305969958764,-14.123424345220844,4.169194734952762,-0.02891497773198612,-4.769631411837826,-15.282761473476544,-24.923636485789174,129.5130436790939,-57.41841131991102,-69.96693191199356
34,-11.450079909265902,-59.8955278036035,67.17196624965912,-46.09270551786125,-47.77333259510054,-42.32342600106586,20.200332331213502,-5.693008780544889,-51.54656048768102,-51.461916361275236,27.52505114833243,-13.556506707619802,-57.56296452672339,-25.907249141431976,23.699829165402576,39.29764988261608,19.77567663685203,-107.50424432563311,6.586223841750522,-0.02630417148842849,-1.2052046429819532,-22.050994596305035,31.337827901294567,-12.503213554366203,8.576611674889127,65.80765738741471,-1.5157267122025706,-64.5263576873726,-45.48277398779627,38.95968841245774,-70.79605135904325,-35.50583140927784,11.039827672105503,-110.24444208946568,-31.673614540918532,4.314612323556781,-18.20496167210337,75.80833600060532,93.22117702758513,-9.420258975525359,-29.218809744735754,-13.373252118615948,-57.057301961270994,14.593612613398095,-23.606315086789255,-64.16797139875804,117.22677382378541,-18.7932106928209,35.26593369987481,37.39121092053542
35,-60.358790496119475,-63.914059759025335,76.1808533083088,-11.733561196594243,-29.45419446331826,-42.214987281317974,-35.30184259081409,22.242211417312895,-35.97520485882421,-39.81526689059617,51.37231709328039,42.111964558046935,-29.500117804027976,1.3545925511631594,-50.407036099809545,8.901094112508522,-19.704417222821974,23.91317945190243,1.7132752658226957,-15.684101994762738,-33.4137512246183,-18.10363619277166,-14.669157567478095,-3.0888068837950002,0.9199392782027589,4.577404942803172,-32.803558186564224,82.70708442045034,10.92152068194281,-32.38201517976522,18.43987707264457,47.010024725590476,0.3479627900750365,4.124501134154038,-3.622875352989822,7.329719149458616,-6.1806329399508835,-27.860291594785714,16.271133824101604,28.664966812820165,-4.7887948286718025,-42.59914138161157,-7.4862996458563495,-9.904622492323362,-18.147580035066913,-38.4601027729073,-62.99081159861881,-3.970822419281859,41.96917097140184,-38.42131962154008
36,244.80511720418968,-59.97436644280587,141.69854420237806,-39.508819215494015,-16.769113886059152,-29.815404136824284,29.531091607655338,-128.77126947076712,-32.068939889067536,-70.13009287079673,-85.93625782335495,-18.87949398517122,28.07338596812528,168.72703827223134,-91.88577431874857,-103.63947359336642,-166.40437306264266,-163.9929634821504,-130.33906288263861,286.57009150480377,-141.71894218840893,253.49960905135063,28.52767587250107,-15.353473771388282,86.15493852578497,-95.75418857469336,-9.55312619024562,21.357313236863757,10.855125554658853,21.985743834170933,-18.351976962419318,8.473166243080627,42.64048861557692,27.776979721071775,-25.564563967328038,8.794867453796948,-23.009356603311954,-19.356395446521482,-24.881143854397138,7.653827714356255,9.538276013360592,-5.812497408698823,28.63805865485176,7.869349363029115,-15.148289230460318,3.1166036162865933,-6.425161241425111,5.927949334083994,12.59255024575531,16.61702629208918
37,40.01030030480972,268.34054017702357,-136.12347782953006,-260.45426012976094,-125.79481322148251,-245.84601300196937,208.67803284314104,432.4970348079078,138.30904871220523,-304.3945329007424,-165.61233948394764,-0.03892511918170549,21.479538918908894,-16.460180674571433,-144.23665231246932,-34.715070645260106,57.68024199288185,15.910486436438408,34.75204794208364,71.22748014722715,-18.312589824383142,-44.411573223261136,17.835040074187518,42.662294158356175,-31.22288560254349,-17.696414921927673,1.4966294777048827,-60.672593064171856,-12.644981239825718,-30.85376469865176,22.96488395404519,-5.272039145860742,-7.513373770536777,10.943475610536298,7.133139536096017,7.393314661683746,2.7816373814552424,-9.274560279281747,-15.090723195533876,3.506217656547729,2.9966490657745126,-5.192111268365299,3.7179917529355606,-5.200370874536136,2.085558023618698,27.04259234944784,-0.3226677946404487,-8.094925759593002,-0.06342736396019318,1.0097306685350897
38,-112.94060948073628,21.42790371365502,-69.27856065685329,102.28585120188464,23.654684892686248,26.992331377873423,13.043537486933712,-44.67100703179887,24.05951118203442,-72.463785324725,-34.09525006075275,-34.79449455888092,28.218593818343564,32.97610581308932,10.90072010658523,-15.235215350611806,21.739124396532883,-41.284639921471545,-70.01332854026441,-13.012354130004466,-11.944769989263705,-20.271817252314463,-9.141120058716236,5.2145800107081355,-64.82259455749833,-3.804396803458187,0.24565227350545282,70.31237930723394,-31.104034294162986,6.972819649766074,85.7843266760493,-5.061108450700035,8.405590074857495,-24.122826842428847,-4.777044945021986,-45.16873049387127,45.09396583122855,27.615701456176907,54.350940403561026,31.90105915750189,63.82720523171488,60.90666936150155,2.702251217669697,64.7851189519536,-59.66356137229863,42.56095303710855,20.957558842028256,16.621960602681156,-101.78450039375973,-24.986974720351633
39,-48.22393543470868,21.912423224944327,-22.622597709614702,86.17296355411028,-109.30206348605742,-24.80342010092386,6.809042651809859,-1.5620768927237623,20.84327235119657,-0.9653373251108142,-20.874139732938648,5.448419117146108,-5.150538430162404,-97.94216332628541,-15.488534766177533,-22.265891314402385,14.45761252221618,28.471261078850276,-64.80254972184235,17.221665178602166,22.90241733273809,50.92030074662953,-67.5293028642127,13.202912803352833,5.142740816357183,-3.0568784908807163,-52.858579004869604,98.55671177226007,-4.084726402603413,-120.67387989113372,27.02045096781592,103.99395644814518,-15.995917943432943,-75.34667317647762,110.36376742662283,-113.62560481383856,-108.93323898226957,20.121666249288182,-32.69297673245277,-17.70007421746111,-4.065864248826978,62.52236457798353,88.27116366585724,35.890243421743456,-7.911681162965456,-129.70355934580078,100.82228618435445,-87.59494867301483,-56.035362638052185,42.8007096690653
40,-89.69295909380097,39.80961167476715,5.617962665420446,100.31061495045086,-21.1507006377389,66.86144156518606,44.60187849230383,-35.98192366661841,-17.272074439069684,-22.068688194984322,-49.619171035507456,42.795449399796276,13.162373650349014,-31.43514376510985,8.243700983720409,-16.46770612330651,43.90424489467829,-5.789180658167107,-0.6981889812697606,31.021334050860222,-12.519384000775236,17.261178513597823,-48.04063368671081,-32.4602242910617,32.36069928599764,18.384340109467644,7.7194042428098175,-34.66276690394469,13.088252498430004,-57.55302556173032,21.80998612254281,0.22994941118042866,46.14625541561673,-23.40446361908596,-10.483528414963619,8.38390165785946,-8.83972182439072,14.277280382417638,-32.67671057610426,-38.359030516933224,7.869709792004754,6.60853728237655,21.218049191794382,3.0155293475336222,30.58127769234662,78.37438434472817,94.2219011997789,39.524978417012335,27.251036772362813,23.101592586903294
41,-55.49816043139602,9.52321103983287,-17.618560102543626,-38.98633902824941,120.34685103028548,34.93400632986533,136.72709058521878,-4.8080560529068945,2.830842733959609,-18.066846662486466,-7.207207565120481,93.2144369760115,13.391897622100291,-36.540475404023205,42.542195634434016,22.476239821113936,27.453561973434457,-116.84987271803145,152.0157926178935,33.339846731896024,-14.614824898347853,0.7781633437858562,-222.49947588908063,-149.43524464932057,190.74460007617915,71.58209294869641,17.976611849836193,29.539956875401693,-32.65873081407506,-13.989843646770993,88.35276512787287,-165.62189636470748,3.514587571496099,62.43863166550054,24.867828421078606,-124.19184947677492,49.73505895842529,-101.79777614759581,32.38584700165383,31.966332004587866,102.25230097658935,-4.5804656795215415,-17.22047980010178,-20.93635032700914,59.988330347329104,-57.549688490371885,3.328448321030658,35.35790064057473,-9.219723444065073,-9.83316488406763
42,232.69868196280646,17.730721101574836,-37.417365975181895,-110.38969353006536,-111.46726494944272,-112.31115857079325,-55.39762261537234,-67.76298954709361,71.64580999681745,143.5115045251074,-197.7755182879005,111.88322826015325,-51.01447029687014,391.1068669220999,66.25641235836319,73.81077664741275,-77.22366463901984,84.45732790800497,-113.01168257151402,-9.97263579357917,116.09948748084113,-144.0776963282269,-124.79322715417257,-88.6803133049947,-64.28292536771072,80.8066926990649,1.6148065055049154,-59.38856847868539,38.86560987562823,-97.91044537684961,-21.647068802548365,-23.927901609552126,12.175817605977876,7.829943704303702,16.460944002474704,-16.14203346978969,-41.99972450589824,14.822487187790351,3.6543161475660573,-20.00824071429248,11.986935355023148,-15.151799267288641,-7.606229881659161,-7.287068879018715,-23.379820115812244,-5.568159753267626,-4.284203543299251,-5.164058803858013,-11.594369353195999,24.46978687044159
43,165.98091445153284,-21.75957585097793,128.4202419640733,55.291189670463005,-26.153802457130492,51.92013084284909,-2.164457583666538,-26.87144577685198,65.61618653534032,9.033926872066482,1.3711920572186664,24.510286085298112,55.84440350077181,-53.56072069159611,-29.17914684232492,-48.569396956419325,-5.315615821496443,-72.43512562705703,7.441600305254616,78.10026405798595,23.793110047775286,-21.541760906074366,-16.68382235159142,32.91349227250797,-82.42741426452156,51.88935414495626,107.05470990780002,15.80364375790866,-59.30120010784992,-75.37111838750039,-119.61338530756758,33.82609439594176,-154.84427396773498,-81.88339933321271,146.17358421740994,61.75716275828093,33.10916533331902,-96.29906142234901,55.13143487660678,-140.83788204105522,21.9033467227249,1.8340273419171087,-10.930740881647138,56.5321695266304,162.60022409818436,33.06397102270494,-108.31913840958258,30.682031434294952,-81.1911651604896,-32.511212744262714
44,124.69409920632545,-2.024749037547334,18.440834079067077,29.599608634959836,-142.31423338885824,-43.09054262968051,74.0032991410491,-106.85706776157677,-23.872335891031835,109.99283916915081,-136.9016847951787,-26.634620315991263,-45.14294024677357,-119.78592285875024,-22.40285721127378,22.34997812491954,45.05521046447281,145.55464069263698,143.54276711139448,55.55493399316994,-135.55780069737273,25.492206590867195,-86.70002371616947,68.98169618011116,-118.16160602095059,84.43169944503602,142.95825595535428,21.239422204853607,-54.98850241864974,106.22909752230606,-79.51755243300755,23.143806623409265,224.43017440461554,36.236752230401336,-66.67770296230532,4.2512680767562925,-77.43818951114689,-18.399566034598468,-29.52754906971394,13.854571582123892,80.88468306114117,25.68217339484325,-36.21195271419733,8.046118374013867,-30.152695307991056,4.239607588244514,-58.14004430297677,-34.73721480214242,-74.05354409433977,-7.996206026775662
45,71.67596209654873,-30.400878706628767,25.614365009167,31.807258854413078,-121.10802134958477,-6.708180863641768,-40.90558908503697,3.4966056235388163,52.613363575065314,54.796868917195,58.61702737802623,79.43598174395457,28.617703255724155,-39.570066785541556,17.745442919775982,-29.396715938578087,-64.07073214114348,-100.59180947510829,53.000423469935065,25.147276280349082,17.64334140487048,-110.71263313187276,-60.89603408417382,47.06486766708539,-50.27858421908194,-63.434161592591785,16.725069571186065,13.303321931918816,-13.863420155623029,32.971152710437124,-27.146167264927588,-14.652683497892056,-53.54707538057063,28.189586776177862,-121.68521113846516,30.89718250024166,18.60626906741029,2.540448956803312,52.99260185561739,88.66816489266657,-28.282686322542343,-62.70765159204588,219.87521373516728,-36.33748476897807,-53.243190241860624,72.56010872652453,47.86047435485916,75.09995677491071,-135.11080533694337,-42.49496062694173
46,-105.56776942061576,-3.9191852972960213,-43.40808091772654,71.43782442739258,-0.5715621271630469,2.2922386935819836,-8.60880722181111,-1.1303479705075758,14.085055270476294,-53.90593748903511,-18.64098026530691,0.604390309376478,-10.409709036264589,29.68479109187212,-14.729041378136682,-1.1792965934060313,3.4249580042149153,-23.731828816417114,-29.060778077370923,-1.564445937296894,-12.248327536849851,-2.683100254939922,-13.587379957934061,5.806214151873373,-23.92441534063017,-2.4905887495972308,-41.19501645859003,42.73031007845558,-13.807489245966007,-2.1630745292880964,-0.3729771355385994,5.677792416731664,3.7804335162855023,-32.224893071716686,-3.6467834860933754,10.544259853639629,7.396614793940293,15.72409521796805,20.560980052286105,17.998566191328546,13.806272608458508,-8.36813357319235,-19.936468710737422,-9.01864265107782,-14.046815797054785,14.829167612123275,3.587186316089625,-7.420976126305836,-19.133001752520606,-9.617688271135641
47,14.275413980674573,-53.19448534905001,218.76203451823727,-99.40405232320505,-0.17912691261547464,15.405604777519969,23.262981940041353,145.80023716477788,1.067837152514627,-45.23632511157202,57.42100213821585,298.02805017905297,165.360691034676,66.1896592805641,123.80542733861189,-75.98733786980785,47.7552734462606,119.76266693009708,-103.95541840266036,-221.63214639901162,-30.904608140857327,253.65664511258066,-45.12580044196353,82.16820125841227,-3.533485838352761,33.78933546876232,100.49898870643621,37.66662727002591,34.744504072613516,35.48036267033282,0.9019326959899214,-64.98567514461408,24.53313780137331,-82.50195481934772,10.354686390926243,23.786265876032864,24.16880417935394,-22.50004483055036,8.920841061949547,28.142524853576166,-21.924256268069485,-13.211441794437539,-2.0048475353339215,16.262948292532883,-19.280322156400352,26.20425698116244,15.519812466499715,-6.198499379888117,-1.693490907140295,-20.54154686857768
48,-41.58108311601987,-23.95192332110301,-136.7888993811064,-90.61841612336582,126.73071504047114,47.68448913381103,-69.86232046684384,18.57428767319413,22.066988422082495,51.34881630116517,19.30748939807515,-13.351399164911351,-28.255444023603797,61.72349621231599,101.18976484098354,74.07151705569888,-109.18682077032663,-49.86033111156237,314.38910519358643,28.787969075148574,-6.271778966659738,144.34589464222356,82.32497871952154,151.6620739298192,-102.40267396211594,-6.596011824394458,-64.20002190593829,-83.49353408658078,107.4251023248896,-196.41125917555672,46.71743660910445,-43.8686752876414,71.69653456836754,-94.20061778941897,40.50815809185909,0.9001607701466164,-8.339167956049675,6.889819445766159,48.701627507701346,26.49274830522025,35.05044399608354,-12.936481253400926,70.94790353940301,-5.626370550954557,-1.7089654356453243,-13.23380367711809,-23.753257496096957,-2.716439286675866,7.1119978460020725,0.6816084206196358
49,-8.735513182107145,19.99342723227802,78.29356609427133,18.13512678141159,-94.94970151751185,9.750997766430112,-59.965274001343026,-6.835837727553238,-32.91480610089303,72.082559167482,-24.35302602098471,94.21298356243936,-109.34285925352442,26.703774026929473,-84.61216231223118,39.635160659869044,19.19926359303532,35.70559940800609,73.44161290493075,-13.070890230138678,-14.904205740266834,33.52852261178163,96.43754189038205,-32.3186108365745,56.17927569622388,-54.73024093727554,-69.82777335290395,-95.37889498921211,-62.03054666067187,102.93978049457044,-114.20997082897999,-43.898074100575556,-88.24263615066315,46.963524482286964,224.3253658386634,-45.61126405582269,3.5697507793930203,20.969315799216346,75.27947263653483,164.54953871031705,65.42320706127934,50.934158321841444,-13.753506072122573,-37.59677537592244,-55.41135599509424,97.24952458855229,-6.831238100634228,-88.9440461078385,-42.617173198625025,-27.677777503820657
50,-82.30379145249461,169.0763412789525,-32.92060938291712,-218.82436016532333,311.20035777148405,-20.64463282917687,-76.6320137368287,-25.196999335258283,75.79397683633556,319.9927547016222,-66.5464065181049,149.00282658773583,-122.88891090104379,-153.36496783877288,-242.44243013203265,-74.10192942479607,57.93764995741185,-147.10665224796014,-151.10961767035647,-67.7340323500157,-93.65271203475878,29.448248398024976,-5.8644364712211345,34.4689758692883,-83.53655360859432,92.93547858217843,-76.02786652848414,-36.093539673285505,19.53963173054561,-37.262495984656596,42.40268467269244,-29.071814093146916,-2.511956982193446,42.681720942254195,-28.223759739429763,4.107016229555631,-19.32535348300895,28.939379653497955,-4.655300188629775,-28.81624189364623,-6.989175870922548,-13.82212802152324,-8.998878584927938,11.253210963334599,0.08469827433046978,16.377713430060762,-3.466892184847472,-4.072233773553018,-4.280421111999889,1.5144617220272745
51,22.690402941978718,-16.978897090683898,-82.32089881580637,5.237724482877733,-116.9462457199023,-51.183970215995856,-61.93740832369035,23.704333733894494,23.847068185863485,97.25054517887196,11.011412370420969,-7.689994036650304,13.392320254349949,-60.35997681373208,-6.993776464914244,0.15470883754714654,-0.27974776664443657,64.39202592590074,-32.93606266904388,3.4512054169601236,-28.556106069061347,-21.480924364947207,26.1827297984168,-48.8214650942887,17.30485485066144,-41.38879954018648,-64.87397807528811,44.84611390297307,-16.422029865993686,-24.681295999922845,57.21048120025677,-15.335702480565041,32.17361695601688,-56.846927085394476,39.285241699849195,15.564606798665555,6.925643105538292,-63.30425120284526,-42.24759176012401,14.720930870944468,20.863421119227336,-2.0115929026249635,13.450285895351573,-0.9044333299331839,-11.799301502655263,65.41340131924213,61.28515462315385,99.55025372078069,-40.38163641774514,-34.16140935553476
52,155.62286958634223,-25.3340613505237,-41.534544688596384,-29.03450102493565,-76.7141921233763,10.408020764946876,-12.040609761529847,65.56656867003468,195.67189011025368,131.14640188785384,139.33906939244395,0.8506746259260738,235.74881190130068,9.329242355011585,118.06647699421158,-107.81135987882475,62.20315134387271,-73.85744136218668,-33.28093393239594,8.43007177942025,-106.46060501865607,-136.7423878982487,225.24303552944622,-79.05795769540777,53.84813764925895,48.98945698829356,-34.865224379739416,24.98563098566177,-35.43482001390182,-86.39134998963297,-73.71294233602592,-0.2603863888725614,156.3389756699121,29.008077715888327,7.503439753358586,-100.02832397256948,-40.8418378463056,-31.27602864555886,13.773681785524184,30.882819787436933,-18.504715716085855,44.40752105048653,-10.576102060867933,19.744000042222073,19.193212551592907,-4.3936490446927445,-18.6003718715664,-45.7240501601509,38.846037318697704,-22.89094158765752
53,-88.9341471455558,-3.0633101517670243,-61.28254469638583,-142.044089400989,225.70398793165398,-15.02946464528878,10.496584013289988,34.96868869309004,55.442864710531104,112.80218165885485,-39.04640657737728,63.55325514009196,49.53719409949598,28.62918695484203,45.94225276880121,32.064420477918624,-36.09607513859176,47.49374810655041,30.34585614929052,8.557483356171135,9.606523697553357,-19.633190456133555,-16.919350396441278,-90.51542328677183,19.574933607946814,-203.57041542203407,73.06533836532157,-59.30590044407111,-101.63646209998907,135.49719490243777,117.42334295381997,213.51615890166164,99.72007907748646,-17.76066536063042,71.55233757748928,41.09673402804039,33.43643373228256,18.479373146365173,152.2349792916035,-70.79348193795225,-7.620160344997878,9.714354847472878,33.675029803685305,23.828140042929405,31.87613261012707,-31.467576871308363,12.554164843741908,-0.7578978538705761,30.057189530536036,13.128490512159482
54,-109.07482005570401,15.120274276858595,-62.014098851263334,101.2591782798075,4.789353252016231,29.557164894288512,-9.720355087425805,-27.37167290985158,28.630605829507054,-47.9092635129714,-36.5056679848715,7.367658315083722,34.71138919222694,12.38201705228217,12.83380587915267,-13.628327124221636,22.16024484166172,-17.207497993510774,-6.04049416181637,14.939283803420711,-1.8224454378026045,-5.3737148794756635,-21.24192614047453,24.38778207168211,-29.371168368640163,-15.195708970552033,-30.484291821757072,12.520833309183175,-8.341542589794331,10.354808134246115,17.362038496085376,0.32799810226464754,-25.166194705343145,-7.087119632049444,-1.2248146138663523,2.0118787151261945,-32.91402650782044,8.832342254620743,12.095649515944197,-8.778259226775983,-26.896073234034123,-20.017092472165764,-26.72215538693486,-20.69064918590285,-15.796184339438268,-19.714667024488765,-35.628953314599926,-20.232280098371287,-38.347759543468094,-8.448561057670718
55,-80.37270293323331,-29.02220743541889,46.97284143805097,45.17091785978865,-33.958186371805155,20.847254415550843,-50.78877619068643,-4.43631362131753,-44.542610988138,-45.32535263553701,18.09745443850766,75.51814180224531,14.601000759859089,36.35651140628197,-31.30188562099997,-15.98496592442123,0.06864036225111736,55.251980486369256,13.185330518212169,7.092304041731135,-43.54037554436501,-41.683461237494456,-40.82891099131501,24.609511592553638,28.278589681526892,-24.66823685120594,-140.26528957098535,-54.08426460032336,49.384843703121454,18.628645778606323,-40.712042342931966,14.148254390488205,120.56343005259166,61.26672231631204,46.21732474323429,119.59673683475918,125.46537151884473,72.96161948222169,-96.13003541686344,-34.28236495914952,-18.261920583124123,1.9468883320271642,-15.412471405481392,-75.58567105043828,180.03364645768124,-83.32006433103265,67.71628369092471,-11.139218385781971,-116.72417542118258,-39.77957909811489
56,-72.03303938667548,-4.765897922212687,-145.19353008033153,-3.7059622962780243,51.24713980626135,6.7861248653827655,-14.131518724231999,1.7422259303660663,37.40033995745007,18.875533446557533,-10.963833822072445,-53.636047771633116,29.134765960699564,28.681451919705786,19.8108435050745,24.133832366840508,0.4231507096868734,-21.886516967150715,21.7357702391784,-11.202617644112701,-37.0147531430877,0.055449886526904635,24.34022941824569,-47.8160928308905,-41.84592451651022,-17.460304520170336,-3.4348897415413457,40.697376069931885,-2.5227887139930405,34.39215824580199,47.79808156856048,-52.13978305074408,16.22450331465859,-60.43002144036816,50.59609046519514,58.4276163068988,38.132484062790475,-17.911018921201144,-27.078689784487015,-25.71419866252581,32.50405263245129,-21.03228342647505,-91.92206566597028,-4.364690053768047,-36.62628266240992,40.867890791613476,1.4145688584297087,28.721116939804407,-25.33914632317222,90.73275938378575
57,474.03307219114924,66.30028157370438,-389.90606505812684,-243.28561109373342,-27.51076211999816,399.7933802044152,-341.1220840092803,77.79555655525346,-305.8087200487691,-137.85491159284877,-29.72588895878695,10.792326414195388,39.036074098073044,-40.76304630563713,-17.06236924331991,-59.731017876209265,41.083968902545195,-1.4569607013194226,-20.623417471406352,11.136079625862045,24.72232505867538,-17.024318685260155,-55.55474686921489,-6.367646533953721,-5.2825124465796005,9.04036916893328,10.310544035468148,8.396604138144642,-34.608763978588215,20.040819002609112,-7.231931900639186,20.690196501074784,14.097748796003216,-5.960346706693012,3.6098011292298686,-39.809579495379204,-13.560816668464504,1.0664183031042984,-2.3758206797577044,12.879193730085253,-9.833170931019033,-3.7819929305415116,-6.180452478807465,-2.161036380995913,2.882754515658891,3.8463159016191693,-0.5569951548580895,-5.759738499212122,9.964901136085722,-8.43813345044052
58,-93.69628349693399,-0.8371915618811046,-26.74763608249784,81.29941968066676,6.040295256146331,11.961057728885201,0.354849903881838,-23.733094395850664,2.91347844945229,-49.079591887699365,-31.02528736860724,-10.638314495651553,8.720708112399665,10.97258285846218,6.0318084211388685,-9.990944542112757,6.879064081254266,-7.0745545923035955,-33.16732107238337,-7.31319948083633,-20.576105749689386,-0.5535873260069091,1.4182436646133896,-2.358183999223156,-19.52338956350345,14.769569943684763,-4.5627811837413885,22.53207540626833,-30.600644460621247,-18.646014108097184,38.400845151491495,11.70391868957468,-0.8957034730255529,-7.130179199125618,-7.49628780450562,7.651563011712074,-9.163430019700426,5.349170268852858,21.26653207832314,16.297987725270826,2.8885627758322827,10.979849116601153,-4.8601993643763635,-11.065385041225145,8.338222663390212,30.114934118481678,-1.0894499122697205,5.281879792683786,-17.972180142774892,-8.475921889337354
59,-7.720640259321178,124.04893182374622,-257.04006574622866,4.334467864546189,-121.3820046839345,184.6879614968916,550.5456334218646,-22.394429997965148,-255.36121630832335,166.67948370371076,248.98354762666636,55.42613212765183,-23.46158500405758,105.38812579625767,-85.38668400460557,-27.313974193441755,-52.790967194447575,12.802718110783019,-49.37408361705038,-0.4276717198545682,14.562585629183962,-26.989024970673718,26.67103560689912,52.626815956520794,-67.16177151730976,-34.54710239584073,-4.011663694011831,-12.299895214176871,-27.626927505171356,-9.138435399041777,3.331040575382443,4.489287177364542,-9.222329346971225,-22.35849101963635,3.9652107876151312,-26.385149944721093,23.40159834988707,-14.758479913280292,-4.718077477609383,-14.682823131302946,-6.0053942718223,-12.76717527564319,-7.54628693468038,-25.20954461964371,-3.997716954046334,-11.431864758710985,-10.720272115193206,-4.169211415063004,9.48882072519231,-0.677070076624438
60,-47.498033158768095,3.050805648679801,5.070848567663087,91.31771880604536,-106.22922497020504,7.645235158954182,-24.412451099751916,-12.98107186316732,-8.665007229884091,-4.756144410194034,7.050979505172706,28.661271077833742,-7.543650485807008,-65.08301812494066,-1.4887340331410126,-12.228972189909797,8.484642826523201,9.306406937880459,-21.552583758500486,2.9166093505958535,18.6712133096863,8.099100277782684,-48.2444433980695,15.071684877761719,12.90199821807255,-71.32029653874424,-47.03549870610854,-13.622244097904048,-1.8901471501021432,-53.91572653933081,59.47855402358822,6.519423961807087,19.655383321524912,7.802053324190559,-3.2155228529575646,-0.470447595731928,-46.867044608171376,15.280050468450924,-31.069478460514947,-5.6223570863861365,12.77441279019435,23.966147676298657,-2.6191009290153575,20.705733692147987,17.256075484510475,7.859651360023581,38.457608653365554,-23.609804075054456,-31.07931962180271,68.21546375624625
61,-29.503296429607055,63.03262518752571,-145.94324415146548,-46.61158819439824,-29.856730143946788,-32.2654259262678,-24.830635601840076,49.730751364045965,74.63479161671312,35.89865170121798,-58.84339615011361,114.5401322648574,-113.3916020793259,102.72331597989431,108.74328242784824,71.88606321755043,-29.01424120470815,-132.167007092337,95.71343096335099,-52.743986819245194,95.25793301525853,74.94029357141017,101.87494442150066,70.74185856427425,-9.491627156998671,15.2021983267239,-67.6581486803977,197.7392511188293,-166.91778776050944,110.68559497977849,-42.079476289507205,39.424285431560214,-58.148808731525435,22.673664385809033,-85.40726727138696,-10.5249686679461,24.8463481006536,21.06674808830426,-118.805979820464,-35.343844816634544,15.91509290675939,142.96819049646209,-27.360125373341198,24.486541887260998,50.13102526739581,-5.258710027298597,11.170943739722762,61.610037561914325,20.081245120018075,9.408264983370046
62,-78.43432614184835,35.607690218704505,-110.85861334223108,64.65784429496154,-1.750514590616385,7.82855686029076,5.825045566265896,-38.140097752174825,30.63781207118324,46.99723068005566,-34.249524409817376,-38.7152637414213,33.616413312852316,-22.17817042987572,49.94189283153444,4.240806347121756,19.695235386437226,35.742332607939524,-24.27344973690786,-0.07032635246636235,30.252312246075732,38.555922665223456,-6.754622602565866,11.511336177001908,14.618666191371856,-33.63526413872722,-3.0141353584627626,-63.00288227236857,-7.4312695456737705,-26.557739281956398,54.346599317791714,46.05537822829688,23.357418597373737,18.718884544717618,2.4722905935427706,18.1082152016755,18.316116762812513,-14.938533607911031,-54.98598247811081,45.7867406895986,-20.41273163071056,-28.681895018793394,-10.510208506991033,57.704280692782824,45.83927312633341,91.37997015406611,41.30426405788201,40.03586058536907,30.095562637986326,-20.078909230517933
63,-133.1097383791523,145.25277672250064,69.57249714010885,93.01195798199728,37.59626379850203,173.23244746387613,-25.571738157930675,-11.332488078173249,1.5543173869777993,12.836969532889348,-180.6404009637076,59.181574442748506,-127.81187280642348,73.08888289311953,-89.442334507416,50.835925084225316,122.26149411217608,-18.218071018113527,-4.974562484416108,-29.578078754751058,37.35142709805307,-51.890350982337424,237.72920552203274,-20.49162104505632,83.81426470439472,-82.08584415922621,216.4982413079074,13.55178787526997,109.43870397907817,7.474630968948077,3.202108109449796,3.5804850517581013,7.580592388854251,-64.40856511274303,-46.9726024668196,-62.15015929672657,20.03969575654756,-97.80978250849715,-65.35744738776891,50.693662511160056,0.37337728153276184,-60.75206475002052,50.937252907928276,-28.3374836571376,41.2393675341646,-93.55255685711145,20.165373277875165,-3.186881378961351,-53.862401175098995,15.775267474806348
64,-29.001151983520455,-34.32855403500209,103.67768530888944,29.03259873355484,-96.81114111561058,23.963337579305946,-45.578346272147705,31.398884878430067,-22.19067071059486,2.867149132406992,19.1162244980036,123.82004108081503,-0.8847780223275243,-1.8033869541038066,-27.381353879457226,10.648544575549124,6.307137670898519,7.011087741830983,55.75245708164655,24.470663773935406,-57.03178706533771,-56.658059526063894,-5.926511423883417,-6.559833492637021,15.247288754984112,-15.970980855237432,-43.3229910567805,48.50676324651914,7.494190825270173,-6.572401094426793,53.83214879881131,40.80413112049759,-39.649719759412996,29.930298356890553,-40.29245467591193,73.55560027167144,-4.582689761538435,31.431581873016082,34.68588325376321,-32.52274286957882,2.2756315524738904,-26.849994360246647,7.910296551874263,-45.24888184101708,-36.68015962582758,-75.04357124997294,-46.604194393341125,-27.867527817863017,19.5450475858513,-5.463331790582562
65,-113.79888521853823,45.31742343583166,-50.399070921541984,128.0461295807776,2.680222071983245,43.78316452339185,-12.88214848490764,-49.29067026120883,30.062630263647737,-41.06617926356273,-70.53576531165199,-5.707517943884832,48.11724738795849,-9.780117626024305,19.592946356825948,-24.08997947046902,35.698036150189175,13.56432888628277,-44.558903825946295,6.508679073815797,23.659113920606313,6.766821198693872,-4.150644042808349,50.37511691403118,-21.173309402802595,-23.070211592599183,3.799528359481513,-12.109503129301347,-4.580358521046237,-18.375237968215643,56.9672583105031,6.953390504299305,-21.34560826277065,19.339139884735282,16.608077002629216,-28.69303156994321,-40.64381038316989,4.352624157429807,15.730974040184822,-8.59695367947927,-25.636949090917557,-16.850826720977953,-9.042592851024176,4.39316534070482,-34.174820176185825,-9.518173210319748,-26.790456546238808,-17.59795941680696,-13.58614876608565,-32.78764571985853
66,-92.89789385100774,32.74618462222324,-48.1404033608363,101.49456757329348,-9.697394244025782,51.69745663871109,36.1705230387234,-40.95817368987304,4.561733671987151,-23.51261044898108,-33.31332854759258,7.2159999529377545,30.08977121441822,9.861371208629901,32.13603906309943,-18.177162714602744,46.39009683481453,-19.187486353932222,4.910474171069677,6.1536516496992295,-13.833358564715292,18.035499850098006,-15.224402949025986,-16.414052626609276,30.71890967112198,27.745197854878846,-16.69517076776962,-39.10223337804952,-5.419577201988544,-10.384640170804394,26.367211420874483,-16.806166165224283,-14.404255694353889,-11.039621186848217,-27.146618455201256,-2.187248669997041,-50.259266102828995,8.229676523103867,4.864102989528295,3.064851802642561,-41.431337669017225,8.829353629082508,-10.666317828785399,-19.536242440132078,11.506439997481104,41.00723393983143,2.2366768939842023,3.220617129198461,-23.275035068659644,20.197668209795513
67,-79.46839411963198,9.8513529415082,-71.19224347965604,56.36256984565412,-25.57261602923272,-5.8963984442634505,-10.833210917346472,1.208843119468853,23.157270341762157,3.192299490067915,-8.727609900647941,15.657780574799405,6.048136560979524,0.9497636666304021,14.825166436228386,5.163975419848569,9.857697752074266,-6.85796082108793,18.018240049239118,3.2450965222407833,-11.538142921836677,8.157695828953353,-25.084788504380942,2.3756119893636605,14.738281848345101,-10.21048501968329,-54.68430507252994,8.991623419791102,7.926874679499668,-5.866128178696358,-36.13328762869914,32.78907399660915,-17.661451830807238,-13.929777201289763,-16.521489303794326,5.2129510455222405,-8.174505919089324,10.329532687309161,-16.040238239925777,35.37955703830835,-23.769378091610854,-32.597812148649034,-11.05663795532916,-8.703767844720879,26.20979376529272,2.268485032001847,12.143532630666249,-20.72264758780577,-13.972294107029725,-7.545972667528199
68,185.32406397343877,-8.695031759609865,-12.790683728614436,-0.5454716782804567,-101.66920671990484,-36.06799493249008,-6.640565463553912,-53.62060281983157,25.275808298482374,114.2703929173133,-86.98671779993968,-31.382185748696696,42.12695630420796,-59.80912477844386,15.297073880660735,43.001563078466,-9.937416081195732,61.51469307630359,56.75268495665382,79.38425585011238,-24.035841365252875,52.2066742214923,43.763492509878326,20.808550902155865,-68.86209399387204,74.58694512165017,71.77676570397449,87.70789775829877,-76.19130028664821,-82.00688878385617,27.068675545944103,22.283080709524217,-72.10338877957494,109.60206240680854,9.683896012931633,-3.7645229722079643,202.263866697932,-16.717074207791203,34.70595985792051,44.62719930374138,-93.71395525542214,-151.5167463299548,-82.97888429900803,28.858374923426933,-37.25300562922313,-33.97293742950327,145.11788968658476,1.7562120619771282,50.99180922007688,18.703797324739107
69,-48.17355075757435,26.4198307834657,-104.32525754566579,57.16223247535,-54.67094320966388,-32.12873932142909,1.0726024806245809,14.908002842339684,38.62660820034943,26.4153650795032,-20.092048486284444,-18.124794098215165,-12.827095295097687,-46.19087619530269,26.692021448489722,1.4098790219464858,-1.5857659245525562,-12.186673004210936,-7.817061212399958,-2.4789073516188584,20.382916689437955,34.88178128374912,-52.34389960526636,-6.012950029024277,23.56458812908796,-2.6582033171667065,-10.45359125577805,-13.308335551406918,48.13543309791184,24.8022573865266,-54.144248050988665,6.790414143157026,-55.24322241761585,-7.6520074632617145,-5.396380404145164,8.652739263461044,-55.35434759603508,-14.625390644433388,-8.182209632218864,5.743976528624889,29.219063513084908,-37.80591765659557,55.653632379723604,4.3929683157219115,49.56327939012391,-0.38562157997935737,-4.175354263915108,3.6695212470071654,110.02490099250588,-15.40788272261226
70,-88.85375375646868,18.78853704586705,-82.03479716677995,82.8251221375264,5.9054769696704135,14.434754962356848,-4.222834000860345,-32.64818696415489,26.500998222854598,12.484211484638863,-32.84084617519257,-35.01812750450292,21.47742591011846,1.0618378944663758,27.602949231593325,-17.930001587522117,29.06676380370477,27.282396708954188,-29.733005101599247,6.036305512557754,-13.604301639500498,18.517496587189264,-4.510599806016808,14.69972599004798,15.896620245702687,18.13288164708157,5.549780605949239,-3.736729815764778,0.25529770459746826,-9.75611511716683,8.688874045474163,22.35553724640257,-36.14894080532449,2.2222328105583027,-2.9706289701106705,10.6038494191532,-19.22710703935001,-8.723601764101415,0.9604018733680171,27.235257978389875,-30.9797415600086,-19.519682227492773,-15.663369158943668,-4.557579130310255,-4.712410757845206,-1.7052029722023145,-13.386491643246833,-17.225880658872388,-1.4225729171295205,-11.417113291489773
71,-98.84433257372713,33.178776454119465,-86.26742402219566,87.79521546707203,0.23021452931530373,37.90307947219053,-4.214766397106486,-35.75196904686637,9.09281452749828,21.566478321920894,-56.144604429679944,-11.716716299565713,7.710745633873137,15.05578733722249,47.691621990477,-10.598161802003192,41.137524524143295,25.165159978163615,4.07881210995612,1.6022800915131432,-9.282775083918906,17.749632780445783,18.837091481907244,32.19586888694574,29.52926610043696,1.7099256364118993,-30.442878813800675,-78.01057685772582,26.499711710921602,36.46985795013637,-31.672454314511683,2.530071951417415,-10.317641756848808,27.399793299498523,-19.63311891761985,25.020358606776764,-29.74527546192612,10.911025136381605,-71.98665997725706,-8.863424954538946,14.313432774987888,-85.0237877127233,-14.201518100414136,-34.203261853351485,77.9979780504827,73.57090117137527,-23.26732976553368,-22.138227017321974,102.18663760928446,-25.237181743051543
72,-100.87374333580557,37.46750315251979,-25.227177967237107,111.71666821805283,-16.562480485695055,53.114760347688005,20.30709397054799,-39.81660777056925,12.216472997171893,-37.346357990382586,-46.75014030969439,28.25463002511849,17.989047065371906,-1.6154650653892417,34.29265799489624,11.292273010499665,54.40440135271568,-10.49951420446058,16.04458036410364,22.148000380985966,1.665313903055745,17.41204088059818,-22.630771993976822,20.490999698883915,6.957843114206148,40.1243714746767,-2.781885377825006,-7.606292851896926,-43.77570369510692,23.91128403580367,41.98721400995965,-18.947039947423328,-42.42723620163287,59.81529857262544,8.519281924849047,-1.0599437737772077,-55.21330448203409,28.50204436697647,35.15861962020155,-73.32157409881144,-45.32687779521684,35.87352232413186,34.57406176771234,4.654751373306406,-88.45062237512214,-22.384374972596618,-48.73787923868508,-32.32840183915856,13.326972238281156,9.19290815469589
73,530.8708055103283,49.85171256312155,-74.75982841709953,36.762865575899504,136.25867370438013,145.1432402552278,52.410962822393934,-162.32045146365598,407.2664433534865,-221.51888617576458,276.85182499035136,65.14151612513272,-217.6060937048241,-11.288589865049733,-15.284974300776565,103.46209323560143,61.09665503552734,119.3418769305703,-39.64616144176982,25.360093300286426,-37.61121802557721,20.311684469460175,-4.3695151608156255,-0.8737011395829914,-4.233917657311621,0.4447748060075876,-3.2688798677026276,-24.315405199252208,6.52186676368962,14.509273402374461,26.290401987885424,6.233736141127254,-1.3451459109345478,-1.4809462979895287,-13.302581683677612,8.49909304318929,-1.8040414839200811,10.19006768903625,-3.629731297892538,-1.8413029918402528,7.3841018223249115,-6.069241472734775,1.7060081559759777,-11.52308536920939,-9.082947589778062,-0.38566609541791963,18.26679783468658,7.143612674961403,5.5191193735471336,4.011045797613379
74,32.54544989463576,26.080117422138485,-1.6864986275273126,35.47018471394751,-146.59996335785655,-26.485021261954245,-13.748404638627205,-19.916187304401728,9.554334607192617,72.98300715133695,-39.568199241133414,91.10471535958797,-67.01580652783714,-42.2041293613404,34.011844664842116,26.639512186972034,25.279109827449773,-3.0072092731562643,31.425395508127288,13.889672795084776,47.41132347905905,-0.35448251159229777,-21.87221149724889,9.532791226682072,31.942163495082884,-15.469899319467597,10.569589624908522,-10.95758608666892,-57.51563865925402,24.230606715470053,0.08275438786870415,-2.7527965243754604,8.597222027309662,0.34036122797631574,12.768130272387559,41.78624756331524,-100.45469254895751,-52.168109026029555,-30.147482965299258,-24.60158792070279,24.54520750775062,-19.217382792825795,64.79893895605771,29.018343093778597,22.833108837844144,10.235195782410008,15.4072037032096,9.078431179802337,140.97569905433218,-48.00319563419851
75,554.8982878187439,106.79487426879135,16.425463746340007,494.6267274376852,352.22191672345684,-288.32692457428266,-23.180658352093364,268.5784712879843,-228.95542393355353,79.70592805258153,41.53369652775514,2.4564083608854164,-67.30030239751551,34.88865096816014,67.5393400218745,-36.91596702044215,67.79482617345266,-11.084922204395676,7.741752282873741,22.69456884553606,-3.3827996636220448,-12.932693416507623,2.1384429612020277,2.9997263211674716,-6.669899754138526,-5.1404292144414105,-2.131225076223233,1.3178662481071477,6.1107437938419,3.217517543781428,3.062789608602273,-1.9899016834232133,9.47441309158301,1.3156317256886796,0.9122622841469883,-0.48787079667019884,-1.6939532731253288,4.997363915950395,-4.068870740120404,3.8484542194848856,-2.026835928621878,-0.30779935544041365,4.5855602898468995,5.001997464904521,-9.271551917890006,-6.071592714388097,1.1653202784934282,0.20507888546773367,-3.2060185247139183,3.1397712833167737
76,32.18009775977706,-16.282050560614117,89.19618248221227,67.98355530237728,-97.65510401233645,75.70274692592508,-44.22410374652208,26.62902620588617,31.772997831672694,11.380636836839937,42.30416681260295,104.53870364485695,124.2787314820804,-25.96719066315776,40.11511570571239,-49.152085258151146,60.79779106305403,-61.22433455619201,25.70725097573205,4.133144465409726,-45.72265767497741,-60.29378376843661,48.33538775776893,20.436752833785782,-4.511119015262556,-12.940018306490693,-0.012612398330022812,-89.75657016617767,-49.11583654570156,18.285819324250706,-28.796668088381683,-41.01264537236982,-31.266649986553105,55.94280769615534,-3.9347144507817724,34.03838243722873,-9.787675469184165,53.55672483822276,9.539975394364548,-85.25735284517984,37.387679429674094,-37.065891989275705,44.29747007947934,-47.72186533827664,-32.10185465778351,2.034152742861345,-13.888115286295212,41.822681195387815,11.341799911336977,186.61376816976045
77,-103.08300052296009,10.613176757569105,-117.80014180713177,29.461315928591723,62.8366443383075,11.811771953137965,-8.97872132737638,2.891293998521778,74.60019463036959,-22.691496901864262,-27.198246840862847,3.109273235379353,45.28764064990982,41.57037468183961,45.710094762041564,-13.611596856285743,0.4531086890853486,-31.350680702271756,34.203396099750066,14.415366479543543,-23.783429757095814,8.227794757941666,-17.75149868250217,42.02644248414716,-8.29933928355429,-34.96010903280998,-56.850496118454856,7.278954625826941,5.787571615188126,68.36436371374377,-12.938095811338357,-15.793082051605795,-37.60589946163038,24.488961688468937,-14.146153418160255,-16.603494371572435,5.666920726878507,10.23308558397377,10.588597199068488,0.5212290405014217,-76.82002404066081,-73.84206301039873,-76.04141657327176,-21.631749759235102,-60.56232105760225,-91.60989139891318,-68.65144043342941,-70.32316042962672,-32.5116819315971,-38.23572657399253
78,78.10438241358536,-5.831788761863731,-33.657152001082,52.497790797297476,-77.01732286043087,-3.637728568042748,-21.957640630268866,-1.9715872403089956,122.39409179511044,48.6522589547501,26.904828044576124,41.07275365661126,45.38803261063853,-108.1549052783935,40.31725266193466,-71.61252066142502,-70.09430243794458,-147.05629499732203,-51.72431414764412,27.926021094249556,119.20430874248937,-104.67763481012008,-105.9878280331964,123.17667895949425,-62.066066587993795,-179.61330155301553,107.98053777225823,15.428721819660018,170.08894209383064,44.796503321284014,-10.454061717828928,-83.09628227655062,34.77364127526817,56.737591239460954,79.20262942704733,10.898952029837416,37.32737416195651,40.41983952913427,-47.9259132134614,73.5135638500543,9.556575335246482,76.62820542946511,-107.07902844228975,12.581485099758812,-25.841088206887008,-57.81935125503079,-0.511371659657299,6.508945886231183,82.1828271332317,-36.81189736675657
79,-98.09688084783689,-10.667911131279636,-82.55422306716673,63.70468381826261,16.521999270354673,1.6395654530840131,-19.91736035456072,-0.27554654267472695,23.72668137388657,-33.971120140107566,-1.6217437624062598,-44.18366559691771,11.748027307925279,38.077586392895995,12.689690113631723,-7.866477184122526,-1.2120459912428323,4.419278013957589,-26.656873311368017,-26.925378218273835,-38.09926042286476,-0.9484238019982791,-17.495459022139066,-18.779983146093024,-21.55314987398778,8.430980355575715,-23.456914706118642,-0.07911607003097645,-0.7025174343497551,20.897435119565365,-22.26489012484735,-6.5429346917233335,-1.8311574703198201,-31.491351878965656,-3.6345490739482655,-14.228818747051173,28.031685977039782,10.727159591727663,24.89707259237405,2.1351025214946904,-4.035343231914274,-0.7339694892018385,-2.0019789352811674,-31.24926184361378,-1.390739312553268,42.06398686498487,13.384941329193872,-23.318232702958486,-15.119305588773896,23.643886123792427
80,50.729183455934034,-14.514896855726949,-72.34402126249246,-3.1932826371744776,-130.35707190107354,-86.02186782847896,-69.06247493231136,66.86577327970551,35.47354338218394,138.806734825566,9.15696588507696,-44.65388081197158,0.572868134906353,-82.15721572881262,-16.71128972795294,28.920390365823682,-73.91165446681899,140.0028684811206,13.640631208153609,22.29288303366116,-65.04066168962203,75.50776661133008,-2.0755802764252866,-94.3778770473026,-26.111686079243533,-99.65874133531749,16.05513696003134,5.433955932314106,116.34113477884574,55.97441121638079,-11.387961773279724,-59.09958655952155,-91.29844363267021,-61.11689942077574,-103.08452768975768,-183.32724074867733,18.561248213063212,58.25596885750072,51.48498769095782,-121.2617614352466,-32.50379065183215,56.40928530973057,-19.166469422148772,-127.10684510297659,53.91929212863525,54.83192349789795,20.50412529364587,31.77055425786266,17.776771945160046,-22.548216516869715
81,-7.942669725528329,-27.213710043524532,117.79831991786482,67.20004384687057,-110.21849046244293,18.16673813094667,-44.88934245223576,16.050328405529136,-24.06286080286317,29.50437797653391,-10.600165462989303,34.80758556848134,-36.85618832234933,-28.02085467332039,-80.04944527716253,14.86130244790107,3.6494152151830512,105.24777023803065,46.216247797567696,34.51661265473635,-44.65503481882405,36.21080132761297,13.151494380864925,-43.011438212427436,-35.9950549702397,-23.799122492216185,11.141743345609239,49.53121280846486,-17.65862884642712,-65.98135033724071,41.8969640859463,-1.6721804150719153,-54.6393229002986,-6.6783698428074425,55.61404582988101,-27.09356048436348,-19.813783313302537,41.564582867013804,24.051877157779742,-0.1757580643676947,-62.76336020873914,29.14085346630565,-53.73224651378739,-19.22446669549396,22.709367285696278,-48.2042098846366,-47.91541822391624,3.52287484029761,59.64324066929204,-29.27691637806713
82,410.18508668254935,61.300989638543626,37.057214954826456,131.5957341216256,87.44329024889706,20.93155027247698,126.21282382083066,-155.90108755471437,24.792065633437147,-74.58264240620542,-192.03317503956444,4.358609973983691,252.48699722507928,-104.43563595170181,-212.09792664289162,112.56005128234798,-247.30746332034414,5.924569298822666,71.50841227328247,-238.57784989545343,88.23295284357143,-17.071257491137196,56.71631151324175,-20.194042592479125,57.84821367428879,10.282706314807193,-77.27043214439995,-2.4101670770318884,2.2227456561263192,16.76958146721386,-9.097229462032141,-3.229241169172422,11.97180935310575,-18.121550958637627,-23.108854536609755,14.17865089581393,-16.42444584195472,-9.483625390186857,-5.029739224636561,-4.873106253577054,-15.335445913750956,17.211757685025482,5.320352340800141,-1.9650372750771166,-10.709485583656257,-5.819211110874876,-2.9426326613748706,-8.999393277469508,12.738926382740182,4.889672166838189
83,-58.85016535008779,40.55195482038758,-161.86912476782467,7.774165816592415,10.599091163647238,11.659813411113754,52.967757714576905,18.906625228416914,34.411821641247556,26.283347838777598,1.8642579061720126,-36.02031942206518,65.7397250026348,4.349535847712909,25.124406513419043,22.039035209542256,35.177712843971676,10.637892078007493,21.888170996528903,-30.63915399479042,-65.32249502517344,37.10034418324028,-34.07768469192548,-107.17825671930301,42.514341453905786,23.818831919365927,-5.5591635821252545,-9.475009932264744,127.61229635591454,64.42555852504613,-110.57932920661344,63.332968704747536,-68.39328490459225,-39.76298344173431,-33.00252084062916,-35.06334455217846,10.49441942081429,154.17092551161934,-30.053632092146827,26.799904655945078,86.02295833300205,-120.32419730092073,20.365963419753378,213.4908042884175,5.912295030930731,-38.01365920691981,-58.67559706892052,32.24116810230874,-39.447877487038895,-1.3019742198723812
84,-90.86675419540013,-24.264405743772087,-21.35178679175781,27.36456240439628,24.11485525065789,-13.68097020166178,-8.247131470343447,-6.858603385729737,12.623516904208692,-36.153211588378156,24.258677604929023,16.456393948252096,12.855685100621109,33.04403316263064,4.4950022410290345,6.925816269857462,-5.543393904367737,-11.101507020223321,19.187205893655506,-2.1583150390682344,-28.83049812138388,-14.880299423545688,-30.28047877731919,-17.917384336963995,-15.651905737831465,-10.876417360921165,-43.995920023203354,44.497926638969325,-11.990779412554017,-0.6294184220300147,-20.18570096191745,26.704139643144682,7.376735025245265,-7.396928522091178,11.912315669115932,3.0869606007240895,20.152015958375724,10.408699202260781,-19.01724452286673,19.11212816471591,-21.92747570076285,-7.4017458078520395,-29.611043310100673,7.925424937791456,7.7050061992104695,-16.260108051935607,4.133255960459048,-40.6534616516004,-23.228416289867937,-7.576086637388153
85,-88.14957184437367,-2.751803587036998,138.11042418627628,-4.252418462636587,67.83143628839707,124.04791328709163,47.12213732270483,38.861948658052064,-37.95678245102138,-7.500793733127873,-12.80353546470787,75.24539669870003,-47.88569145509353,-8.788632734106544,-54.02337555095971,48.99125607705053,50.46861350723102,-16.375937725406825,92.0046696183924,77.99072377430866,41.59800641866038,-41.34919872593301,-39.80029974230956,-88.47838555906345,105.39924600503683,-20.822109650787993,33.86630857274229,27.924617652158112,43.85162584575837,-108.94015190243785,-92.16826040790976,7.100981634453999,70.56136967932154,-42.34647301350385,-24.165532126695027,34.7499747676709,68.68944761248176,86.82072248764838,-39.84770336796417,-80.46716823289081,-161.82684047333984,101.04783452954105,-10.659492199733458,76.50548358502215,-113.80563426469429,142.37113392465943,-15.060217582181574,1.5635312799299275,5.971188669995013,-78.19689635530356
86,-118.51882213385375,12.843850678872451,34.18707512535675,89.75581910559004,43.214875624348664,79.95922933928699,-1.5958029385635593,-29.07920324956109,-27.73386587996024,-79.79064104117043,-54.9717774581322,-3.7332994515846813,-18.650627020900256,30.43686504470147,-14.45739075846953,11.565048375958023,21.54580994461365,-7.194944211518184,-1.273868398345881,18.03247769058443,-17.464499736234355,-31.839324862072246,29.302973819357238,-3.511189335382518,-14.871107910708695,20.03322671450394,35.272854733672204,31.535340269268815,19.12528139869288,-32.89022108099299,-3.9985444231183287,-61.645845586254666,30.01364566861394,-33.826233448410854,-9.906313666962792,26.605260076047475,42.75598553053985,18.78057076202062,22.666466841373104,-48.794704341341436,34.447737188878676,27.136605406331956,-39.70882953833874,-22.854898637710733,2.610359575820816,20.544491788823084,20.315785483129662,-33.518729065992304,5.783265422789632,34.558099243409444
87,107.44034393699731,-33.74162352454753,398.99337196912734,20.65464215255018,-21.993792579042044,413.8955493387514,69.68877461147218,348.2483704829022,143.87648121917965,168.64279468253196,-67.36844959348947,-294.0925592764679,-63.518241109459765,65.28794245591502,24.482804957914404,43.08593255141361,-49.83077151503367,-36.33521449410847,-24.900262504643333,-63.4816800783386,-30.560745623753945,7.097289117380818,-95.7756020065564,54.742362804904644,8.512726922691343,23.496205254521723,-59.58058627892746,-1.5492695385362565,-17.37583336362818,47.46304567108851,30.26234825819573,25.013523300988165,1.9421230439065211,7.709872513615515,6.500738727867937,-7.529689766500707,-13.592362286165628,-3.692590333100438,-14.505167558698089,10.798678297462503,-0.3573646495508387,-8.18794872552929,-0.9517770561199608,-4.689606511573459,0.3374278481664974,-3.1048569275242923,11.724146885220259,4.857225224042117,1.1740027154175556,7.942261338277011
88,-84.04663324046048,898.3060032213347,304.4305256745754,-112.03050402684937,-28.30930202277592,-61.98052057502394,-121.53832554915479,-144.1686561606807,-68.86333784796592,-14.437084695601143,153.28414410491524,-100.75358573435196,48.26407860085601,20.270950037354947,91.13090403328057,5.8540775712248,-52.126941489552415,16.20188748725196,25.938562094903133,-2.2012785009825087,-1.425022191621933,-5.542935565001556,-27.107933671373484,-6.341161833588814,3.710167878493122,-3.026769132876285,-4.311954445817221,24.94663290359586,-0.29882738518979307,12.471285614403373,-9.401795391741128,1.5503261425388555,5.014426460602539,-7.2933562698508325,-2.0067484899474235,3.055475553617227,-1.3612884127990186,-2.771996251030971,9.117601346426547,1.1079597826783023,-5.15489149537017,-1.353133488537714,-11.455734357521395,-5.624442348154871,-2.1566328831818975,-5.105196582584093,-3.516363102455455,6.7803063674259,-0.08284868204679396,0.8189573468874088
89,-22.547661296763263,46.41666941512693,-218.68744736625044,-15.753963507240936,15.326437002117075,41.57599136171417,40.62475167049288,22.929334315504477,0.8369845858787168,68.64473683367301,-21.55786129220056,-82.41713509253951,42.3858007229642,23.788880852658526,33.94794284492429,9.509423072694272,30.5523049260388,65.65435903510439,-8.018355076832464,8.052698104114478,-71.70411482030656,41.07189740506935,28.888513253858246,-46.17772707715219,56.71056649100784,74.5947457652245,35.08150750153707,0.7822916810214244,129.61556701630658,-13.95839928620021,-17.28381238373842,-6.369331004881426,-104.64992276223394,94.36831602140504,-69.11873742681523,229.8093920737669,-67.53940811523017,-72.77066941415134,130.3805459099171,69.05793649612279,-22.293884274387878,196.99850250945948,-2.2101758862697363,7.500552084208922,27.42667932611563,-61.316001755133456,45.96725987057934,15.406624813271474,-14.082409210225897,-13.978564988419542
