,0,1,2,3,4,5,6,7,8,9,10,11,12,13,14,15,16,17,18,19,20,21,22,23,24,25,26,27,28,29,30,31,32,33,34,35,36,37,38,39,40,41,42,43,44,45,46,47,48
0,-37.269078778508145,-10.703947882780119,7.7415674542470905,-12.40572306414044,10.59840505443793,-6.305410648244122,3.475692217632298,-11.047690763115453,-12.174206077796272,-34.551812962307096,9.713482223032374,-0.4323500871722669,-5.204204201621754,-0.25972267234820934,-15.465194383237778,5.090246243377479,33.057376831834034,17.5265853975673,-9.956114413858286,27.07373795365261,-16.746240140139598,15.976538705049919,-2.452027494150977,24.145393692586584,-28.71394371958082,21.329046823150605,3.460632292563555,-1.2418112802763062,-41.00896875668132,-5.85104061057902,24.984486436690965,-41.183153790978686,-13.125708307751479,20.486887307183363,32.018455404749176,-16.73483465598177,-29.553272116663088,6.174697497380101,15.335094131407498,-15.04495775794182,-0.8014430364443026,-7.095595336599907,25.090865637267296,59.794108411386176,-25.054736123240932,-10.315226434397966,-25.47225796282087,-13.641868496257297,-7.730497636571774
1,-50.70713172764303,-36.54314470309931,-47.3362216747659,57.1411467302535,24.22474333518665,6.423400942857562,5.005394600160821,30.30764993099472,6.1374958752612505,4.232738419734129,1.413938692136762,21.649831412479664,-29.67243538643211,12.437709545228609,10.964846998764632,-2.5737437342124805,-7.351322711353446,-16.36204531349859,0.38383570874921324,4.999160314171626,-0.3271706728152424,-30.002677510251445,15.307302557809678,5.180471624452887,7.497427419019278,-16.08334418239011,-10.025109916894756,4.553566559491772,10.87648056530983,-18.659888627950213,-5.665899714029489,14.540227528488012,-0.8148031339145919,-49.56262942338733,-6.645426950066434,-19.958770619843847,-1.4261345144874615,17.36131501132357,-11.95689210556927,-1.0713392364256495,-24.607730150615918,3.3398210161517574,21.30681584974364,0.46372992973579075,24.15097562995674,-16.619438611264272,-4.739675616119018,-0.07547624625421012,9.855644689639997
2,-38.356532253842936,-20.06157713959963,18.93805855077583,-4.397004710731158,0.2326986899948533,-7.1157451330061745,-19.684080000732138,-11.207820796171923,18.232521286790586,-26.872741007940483,16.0874851743932,14.429933598678526,-6.4491768131147,2.0665329451464727,-60.30284369963667,3.326472396991454,67.12447280695261,21.305038113958048,4.872498413156956,6.436789561526712,-24.738730413103852,-3.1694251794495347,5.606850688140072,22.074083201238487,-27.839695744932435,6.447692218210274,5.89100582618731,20.185864589122904,45.92351562898796,1.2936881491800376,12.074382500337592,-12.9241437427662,-5.49742941874216,35.94338794659363,-5.231210925164723,4.482028583119027,-11.799459597371532,30.129437903148432,-15.394404539472081,-2.807012984008766,-26.131767315937648,-19.480067391360546,20.017820635403417,17.882636243338567,-48.383064700016604,-35.79062143813217,59.740452802357176,62.511060991157166,-17.621515565038063
3,-23.06284267009757,4.2057131436619555,-9.526604815217182,-1.7173993711133568,6.636047888295041,-8.861037496000481,-11.832465789228237,-13.37893403802992,3.248387268404399,-24.765940449403598,-9.732216223505386,-16.57511556073889,8.36076370047406,-21.115217266130294,8.613418571809975,-9.594524422013485,4.668289333207019,16.35995112426178,-5.741318417182026,-12.103795135072138,12.243223830025382,-0.7946463149112839,-2.237032981711766,15.492836323569197,-3.327279596293082,3.886850408276102,-4.028955653707665,-5.3849903337131595,-55.661472479254634,16.954783820870887,-20.570901459719305,-20.45714395330275,-11.564016345778127,6.5122544475882105,-16.00906542434746,11.50710176818114,5.576730895466769,7.890794965770576,-10.643464567549048,-2.8403302581283296,-14.750302482965074,10.49098978710811,-12.508615274182308,7.151340605803349,28.500722708413136,-13.190016548979228,0.729510197857379,-13.407947700671215,7.8881923984711815
4,-15.098767184359694,-5.73720622415762,-1.9619128034821824,-18.779586204654812,1.602639726930274,-8.404191961504306,-21.645736432017994,-23.719555340426364,-16.478481389295208,-29.434253077466824,9.810053200361182,5.124024131939273,-1.7286438060702582,-4.632950672452195,-9.70962605548498,-0.07395160955509578,20.20169796514055,-11.722785945509013,1.4751607571732883,13.652928833706355,-8.174380219494877,-6.604344625101926,10.065220371925724,22.351110307526277,10.467025706140497,-1.985063003097112,-7.988499602245599,14.50166112834962,-23.65970543935382,10.130992728757171,-11.628185083104796,3.6789239344665456,-9.333334456203152,7.256124150793956,2.7856394694768625,-5.750789448931193,-13.822649451033222,-1.3756008167793414,3.542457257953391,10.968637637610051,-6.959071327477066,1.2279948057590997,10.375690804607016,3.558056811553212,21.918497136035658,-3.226027081564574,-12.047948036833892,-9.781229219197748,-4.70412674889855
5,10.007763092285527,21.295496147305894,11.950035050384354,-51.123831483360064,-15.56114754604109,-6.71660542668039,-25.829314536013282,-24.19131270689936,-0.056914650700219394,-29.67316082272273,5.9949517847585865,15.063545226927141,-13.389521630619818,-4.584725939051861,-18.41030236958707,-6.192316707054184,7.552411385455335,-0.10413027636558891,2.8204541260224723,5.785494400782142,35.492885695353884,1.0619978093546418,27.436740563154995,29.86544283494051,32.967405972924745,-18.47189958745377,-33.86397167688984,18.535175761626338,-8.41803924558053,-3.5143980102523242,-22.653205911120764,-3.3051685590472277,-17.86781052730105,-29.188525513039323,5.029108400233053,28.804367378106846,38.55366372564414,9.493088981221492,10.07064702717772,32.669300051733565,0.485109189387654,39.54893733058148,-33.68489857984395,5.4774150222333375,27.891863306431528,18.06454848293807,20.771698935630823,38.31238851326148,-26.39939735074285
6,-9.007729443813878,15.96993337284741,19.294751053170284,-32.18400371392399,-9.580755595302493,-12.812861829224662,-14.009143236850978,-26.955061399607143,-25.463743310159582,-14.376540294246457,10.865254993922052,-7.877230685398043,-4.614435327274052,7.11537038930768,14.499566757689294,15.372195446744607,10.714622596174753,9.94776465784497,3.6330722098639976,13.989654606810248,19.828133406954546,10.820530321928471,10.032085648001994,30.04802952352136,21.867396719974096,-8.852041048145907,-44.72076860768687,5.817381648789599,-23.615086331080736,-12.059027701039975,4.0071732423232325,-17.439000733203006,-12.373491381766515,-28.07897663654964,-4.284395782225023,13.448839292125042,-0.9815281682759991,22.370826676790102,-4.98290252148915,12.147678199909096,-22.69573723234993,17.207781848544762,10.600646787357153,18.04366810628044,-30.35644123139051,22.44459323042255,-29.524530620847752,0.8935981298235411,-9.90417118622956
7,-29.08565659121615,-13.563617093521044,-2.5920035202300644,3.4604442719359554,12.335450709948564,-4.0868199175618365,-9.595010354844684,-20.133202626982,-4.588487656046084,-19.57965794306059,5.282573188912947,1.80187016750808,-11.840867249861118,-10.9824731690881,-6.520124068252286,16.544446669810064,1.4568911987563586,-0.25128115929092926,-4.64430077305907,-5.688873213701848,4.380547935069788,-4.773666619908957,15.483055425805212,6.878849491849033,2.008107729720263,-8.063649698678374,-28.679017692260174,-4.165460023009972,-15.54306043706509,-10.516699403220748,1.9541636344169424,5.476441343380229,1.6819371614784422,-16.416981253283186,-11.61834466025187,14.497383937842292,16.73618806492994,19.56542485020794,-8.638785335465906,3.8625077622159827,-7.727187353412269,11.176139133986416,1.9573619520252667,-21.199150617796313,-6.199969882920605,-3.6045460765693313,-5.199889070232969,-13.200247142117922,11.260720468009715
8,-29.32200289472038,-87.49907275890935,143.1782920819565,-14.146957059618842,2.4535143012216794,4.807172017868522,12.947611164002321,83.00451145297487,18.30540196443651,34.4628843412677,18.53556930288201,27.94616263710631,-15.048151229084366,27.303838761521313,14.3684608992446,8.699616431817011,88.49125725060298,-57.81677618571706,94.95732532205119,79.95918139862489,100.60823630227041,-43.23453252513463,-93.07947256677272,-84.60233343828648,-11.933085967186262,28.65422481273148,-38.04666373497859,13.126911356032696,-4.736981321046539,21.924196943721736,-6.763961504165618,-11.89207470349795,-4.611608125697314,-1.604931276234992,-14.282925673239866,13.278860195285908,-5.975365949101707,-1.4747084349278559,13.523625462944718,-25.37680983006549,1.1856255941311202,4.747930707550392,0.45847529431954404,-1.3246050142034107,1.5275663390015783,20.547513949087058,7.38709674102015,-13.293458391148588,5.076563590140755
9,-41.47867969445719,-30.521099743997784,-20.79583191829892,41.45047185500416,34.359556325361794,-1.5883606033592645,-3.3303210469100755,7.7472514619072665,-13.9895309712234,-15.659177278811345,7.549588517576275,-0.9797465284773389,-5.845713016192901,-1.1872392758951136,12.068598209448309,-2.254503764749603,7.131180751288425,-8.015443487576926,-11.912823640685225,2.3578701055365667,-9.589341407108115,4.782493384077831,-10.04381794351137,0.8731866760293314,-4.069105957304226,-2.128881331853675,-5.764554365599234,18.362382884937855,-13.95647204610453,-5.525559292707628,10.72377143487506,10.359000493684007,-4.598103624326776,-5.339671674931182,-8.561012595669396,1.1551227444755474,0.27695170338669856,4.297134746902873,-17.260576297123322,15.005354408553071,0.4937601356794067,3.0114497583683164,-6.67529794634869,-9.895038573422253,9.853920014295932,-8.257028396514748,-9.750914439609176,-1.0839805078705278,-9.00105329540596
10,-28.433757201319942,-17.509584722844508,32.334075681141385,-10.037399656713367,-1.4797187914261263,-9.789517931594213,-23.735401869685912,-21.80738547499257,11.184527464204505,-13.766328185011016,16.575708076322588,0.4811232830131716,1.1952575657560551,11.368575126654264,-29.955447442527987,1.2994773621047342,53.27131761318892,-19.790543877370894,14.195881677792874,11.996027685472498,-12.450628009444477,-24.625679219306278,44.11748337044052,26.590015615613012,17.536828134192323,5.019926146989242,-2.6504245962400033,20.638777871742104,39.530881297429595,-1.9184146364765962,4.973792559838296,37.78527580945678,-7.170617172702025,14.858144179892001,-17.674490041370802,20.699519583208918,0.946316453597697,-23.429898557310747,-11.421362534082416,25.794417890600823,-29.727119835747175,-11.134367660835498,32.56328898288872,-23.51299998746511,10.427125958360934,-11.249989354883782,17.79454486657126,15.410361108362794,28.365811455435725
11,16.133052564589835,4.464621056076647,9.780643860151532,-45.00628126148907,29.288208914223354,-21.797633476208183,-21.645070413754578,-20.364853007197265,-35.90415417333989,-66.17442324163139,15.631514439401082,35.59656636967828,-11.850790876189157,3.1310307309373577,-26.586677292247728,-6.943346306922299,-4.0645264876740885,-10.508556222158587,-8.624133600256123,-19.946138564755802,-30.275639344345166,-12.580901798651254,-16.718044491329366,1.845026141879158,18.266130326193004,12.19495070394026,-14.342436627470358,68.22981934193909,-17.544687319663797,19.43749630534004,25.59995319346056,-2.3857410196890516,76.48383435571965,11.693542155722286,78.1736413631964,21.4521518569663,16.05513231305246,59.928974694736546,-11.297591489619267,-50.516919652925125,4.288088690415848,-32.170378317114896,0.4584640599846975,2.714685056059081,68.36479583293601,24.610674610274675,8.729443436883054,-28.12731782097992,39.11987362321746
12,-37.862169927466354,-31.256197707867596,25.222827766983517,3.218930227057228,12.104935548756986,4.907577800951794,-2.398077982426196,-20.177820850202433,-10.059753540663255,-7.575982142544027,2.9228221174108278,-18.063973129281003,-11.148482685653978,-9.469378603654253,-11.83780689485548,9.697077220754641,-1.790384132793698,20.160697419362595,0.14876801499887116,-12.022158481572164,22.677336933414523,-22.324960110924142,4.608122857408462,0.02265076386083264,-6.272528788043549,14.52766578396511,4.334745979413994,-9.816878336414867,-12.370063525967455,-10.740187399101906,16.295308577348933,0.4009015759123462,-7.377222360541626,-8.159694527447623,21.912376928788557,12.879759560947605,21.754187907041008,-4.109364725368307,30.22371707513377,6.5359097826977415,12.409313388699536,0.4679992846642824,-9.095919410026415,-4.686677705939609,-24.513969035336334,-5.7284774644796,4.130529933559183,-5.382600116277661,-10.50308650937916
13,-37.047467463102784,-36.28202323679825,30.875281050268168,15.575087612081969,38.68606956360422,-4.7576158029094895,-7.8088476401511135,-28.456142435757698,-2.46747521206162,-28.253482539368527,4.438901267362088,-21.884092698911257,-5.582145159056201,-9.62748053452753,-31.52779504262414,6.5186237438462165,3.0172906992707853,9.133880538548299,-1.7753164221668079,-25.577102557434525,2.26794470223958,-0.8124549127788728,5.574380788705589,1.030775280936733,-19.565631118303187,26.645336334141064,10.547776198544755,11.602707447562178,-20.347469508098992,-1.5780321066323895,-11.86297278486525,22.995896324015604,8.466614996541775,26.264008684836405,-6.736535168392171,-3.1143981335148387,41.877821961708605,-30.162769743254927,-5.723242529085322,25.792331182439295,7.053526191219512,-12.450549248935006,-28.797698499341436,-1.6511373556869566,-17.00541600935915,10.68406700735728,-1.6044933167135265,-57.83391708013895,-31.078609022767953
14,-53.32347462458336,-47.30858115260816,-25.96435097929992,106.21199131402227,74.99850549959226,8.646284615208161,20.956158335043423,41.61445876769481,13.247620277291427,-26.954428912237354,1.3122484752232946,18.090760046548695,-57.278203276415894,2.9698724892071264,-41.045666125689245,-13.079402380118324,-25.9374112881791,60.944603481770216,-4.175430099758055,-10.906139041152645,73.1677080515756,5.901924752386637,78.63074198660765,11.338382470022601,-4.131774230757488,56.09895593050759,11.070873951405439,14.46479847010227,28.970619610263128,-25.35234318771791,-71.92513707631478,-28.50643253629915,41.25387083049985,29.532886383434338,-58.08233458194409,49.005444537072854,-68.245303756295,14.376716597364489,5.276323479787859,-25.555360124327358,12.22959142473831,-3.9564689479619197,-0.9601609981088839,-2.4854327846289044,11.363911501855933,27.280526255553944,-39.84135991070763,0.08606053304525363,-10.08042563509093
15,-41.03853647751611,-51.54788787157895,87.96358283053462,0.18990568972034527,10.594681205964363,-1.6101428318397502,-6.293629920916334,15.226449640436122,12.255034500463156,-10.380023964060431,36.54508315204995,-23.065718850531578,18.105741535490296,19.67276116377869,11.85467741825564,-12.126292042132835,16.7722355774028,-14.45944306099478,-4.198070748054258,21.002832642174567,-0.9433760622901322,3.838741176144475,17.539856490424967,9.823980451600141,-6.148752746410489,-3.777738937083229,17.267297738566384,13.065117872748731,2.5859788389593383,0.46763747284441004,11.664233424680713,-14.031722192859357,-37.903588274107804,20.492999871273607,-7.634782039873934,-26.76553381924521,40.53183919857021,4.173081572228416,-17.753079755165643,2.1621965059861523,29.234151238937496,-30.613526179963035,33.24272716839309,19.221308163557353,2.251634125666026,-19.1938064871329,-53.894995179908335,4.1815756334263,26.12488503217326
16,-29.94099762477918,-29.066944783350735,49.3812129351831,-7.897296250645986,13.552979729480985,-5.410405353567756,-5.282403224076497,-25.520741417888154,-2.0942015764827095,-23.89152432250928,6.525395378710835,-5.839896974087878,0.832192596839074,-10.624925050355557,-22.823904563705963,5.6841822207881885,14.669778806948539,9.291490855572341,14.762269069482898,-6.604897414726185,17.81926494199961,14.027990699332872,0.3361354765314075,10.536017395011626,-7.185922071231435,-6.406253989248657,-5.673217192271237,10.480571466253398,-13.78697334938106,-12.485158904875515,14.96126691742219,-2.842411220869526,-5.47233830414006,9.604059688673367,6.93703906144538,2.216790147560118,14.104914556711183,-3.067069982114949,13.297396399128328,31.23493367117868,-9.112729439507964,-15.617817383228928,-16.97719573159735,12.950399448161747,1.2169790097510191,-6.478278513593229,0.4647075144465645,-8.307409295183257,-21.826067100545103
17,-26.695473486524005,-26.863840498665134,52.93741533994734,1.2351989906934027,10.7628749750099,-4.286062982757201,-15.741274185275277,-5.756223767343104,-8.84346508073764,-3.994594276048544,30.802117291023983,-35.35847134034864,10.79001747862068,7.153812850983182,25.991076403161028,-14.124872428103188,-4.232510632940078,-24.176354288619315,-30.956379312855244,0.9062728781919093,-5.078058579253612,-15.817423342990212,37.114851969268415,-4.232668700355059,1.4419716585867333,-22.19532071918558,11.268807592420215,7.948945528025984,-13.784822472047958,5.417361677753493,-14.043668838551103,28.336321883127976,-35.77774967725476,3.9379620883059903,-31.80989542772663,-0.4865503092485436,49.24688035944894,-20.092719233269573,-4.834093815650584,-20.063374364620948,56.98886330057356,-17.74526009217762,16.518333838714835,-20.909218506622118,30.11923235959578,3.392670782349735,-15.039779124820795,40.68843767537665,27.899649216895195
18,-33.90454600881406,-74.87695821488049,88.5922634353615,12.653427397030645,25.70164778826036,-3.1789379934891397,6.569988220092629,33.4073730102471,8.46094192920215,8.29259934982625,21.129511390412926,-5.837000396533805,-8.045664488987263,1.8330382120105395,17.426055180434485,4.150859507858161,-11.331116603090615,-22.486335201048757,-7.5990170177929794,-2.3349276543789745,3.3782189241494907,9.888184156096909,16.797632574105894,-2.062851601923289,-0.1902027057042049,-9.952183267966717,22.76171643021979,-9.986184581289061,4.525878081087731,3.3253714638915985,-1.895864678995618,20.279465433162883,0.8424141551703778,-26.38500901551268,1.590634409939832,-31.084396100429977,15.65625216925505,13.03861590184827,-17.159303785817563,11.655611466412852,13.227369736381247,13.405822636230436,2.1960027150222654,-22.398018382118572,26.576949770200503,-38.52587837715727,-13.366052222377668,19.605824832999392,-26.629385437330793
19,-47.97602493909781,-23.87152273260312,-44.07219236489824,50.66270987270393,24.630127669475176,-3.1908532379766252,0.5042076930497912,26.63618353280942,16.929670840415934,4.917580454503981,2.9299975072260067,18.279385819558023,-17.213812078781068,7.222466292490602,-9.812307518737962,0.5978717594969712,-0.17595931444202192,-29.432211415888236,-0.6393201306636254,-18.139128957911105,-28.17682786464766,-23.368394380843615,-12.30872794058053,-5.039976537294086,-41.45398958614085,-39.48965556717045,2.667236950837908,-17.956493282163635,-5.589562295560834,6.624172961198827,-4.698338496852258,6.6772077463720185,16.363229399231493,-18.64872698269637,-39.919016112165636,1.0313953467134587,68.37298241885898,27.851732691681025,-22.170830173956364,-3.4248540993726584,0.9990839420180362,-22.945829197877718,-5.112225572492464,-13.8169371629419,-15.712351608474425,18.33164753889266,10.079615454334311,-15.27720224109952,-47.953305346452346
20,-29.743472018888703,-7.907681741961062,59.868025584307915,-18.15566385712613,1.8742540335588127,-9.854227028741327,-9.61094705885954,-4.785691557758996,12.374405385018694,-25.590221264101135,13.064351361193593,-29.017574373769737,25.286139406477943,1.9247852673065424,2.5831851388077536,-19.998112126974704,22.507006471375302,-7.047540739506063,-6.132351771959018,16.660769424696845,-7.974629266484403,9.599554035922624,17.321663751996,31.571966659804744,-20.52867759846547,18.496241048205707,12.99656941768744,-18.914979993271906,-40.371986169742634,-0.984078759749469,-5.261136920510528,-12.214073137365279,-19.509743567559568,22.746201635485548,4.773042975471765,-0.5882029338475728,8.083587780119116,-2.4649752089941113,3.9741960627211097,-26.803429580037403,3.504971495342497,9.255413267028574,-16.946452814210605,39.82758675606644,1.0311181800913716,11.017644655505684,9.679326371624038,24.15745114738144,12.43285464994189
21,60.82498283929572,-31.898973367543295,64.42582028669834,-65.55741096379406,26.32731643756714,-34.533257052794305,-22.914510488583865,-30.23642995504881,-28.160254203122395,-40.94007089356572,19.046774411335612,59.06020223101719,-24.73663073995275,-1.7187393933856765,0.9609882270853978,5.713302238968613,-105.08097401441138,-89.64075592218389,98.73957043331265,-92.76747273887689,-17.52173778181147,61.748830924294445,-8.881929316683202,16.1077827168131,-28.899799739457432,86.35775079041304,-6.536473291150755,-45.34397784402773,41.84992847675806,-26.345479921958717,15.799230188919243,-10.46736164093942,-45.40011539679472,-5.304065787177217,-18.184503340108805,-42.47932984430586,-6.407138125428827,12.262511179256819,-1.1461545473727603,-17.45690235397549,-11.595444079933836,-15.466629268793842,8.726993560948344,1.9799574213239448,-4.145117187046676,18.593752363038046,6.60952964763974,4.666127320841474,2.8688412889745134
22,159.24833226894702,22.53621649593367,22.803467015951334,-68.12305886104373,266.78085539228965,-91.14115129043684,42.86533571631051,-112.72677936682624,153.921585732551,71.02061882755336,-93.24965675237038,-27.204922554887688,5.342095981351553,54.37685833401591,-25.70812426621758,15.064295267159759,-25.800954794103546,-20.60529524447215,-21.543305386550593,36.131500205772646,-2.73080107713044,-18.317868655437145,-4.432967938098902,-12.86002783030483,0.5895476489567316,-14.558915203623199,0.9066652918104616,6.6699750963937605,-2.721540732797588,-3.478952644228529,0.838880550546285,-6.194314012506479,-1.2588620097667147,-1.6346548051718428,2.047638893071072,-2.709545331464422,-11.742136955593567,1.3281814380202055,-1.3440512607475545,-0.635681394233621,-2.623266046551557,-2.0661137971230055,3.523113367916359,1.274591556586328,0.14712988528325388,1.1945300447379508,-0.28545279248969163,2.4851649190580094,0.3402110339192633
23,-14.101334314496384,16.72486493783494,-40.9797355414014,0.8477277396675369,-2.9321230395085367,-6.4241751876801105,-3.5555940296821644,0.897088861493286,-10.5185869577815,-20.57639923768082,-9.994492129202378,33.71947628461171,-18.475308067312007,9.539211196547262,1.4248418913203376,2.5729421471689737,-6.7436527652018885,-30.71645202671443,16.37853110658756,27.129400359469855,2.442437123690479,-1.71666950792241,44.18634328571456,12.482839776896899,-10.91491933948283,-6.056349651608696,-20.38577794020454,16.25505525278693,-26.269622030825634,-61.66683982584884,-7.052784981856448,-4.5194924540189225,-37.914046115847704,-44.254043688439836,-23.55792065988898,16.690178517639975,-4.306367513118621,13.615894618566546,-15.521849988038964,13.986692713371012,-7.282401048483853,25.12804435916223,-6.7798707745977875,-12.505600677281517,25.932066247680073,-4.261834840549829,40.73808453351001,-32.993467150845106,52.19116046940331
24,-42.97615209522232,2.7330867456664216,-14.916155493070429,3.6055760736893294,-10.868185877436142,1.1280040194971064,5.322140302168049,-0.36252466691958585,13.765782943509478,-9.259027787124712,-13.388589622417548,-15.579369608405328,16.521060158287323,-2.239774738464799,1.339579115020643,-1.1390418950378471,9.72726833184525,20.183981533345094,3.609655739679239,24.26761745680418,6.334621599843419,5.200915173574813,18.09035345612911,12.328867018112954,-20.918251217246507,10.782815654430543,11.886416580096771,-26.11930225041439,-15.959733932546927,-12.609871483447852,10.23970257146296,-16.562701772642008,-40.390192632847004,-14.779231870198036,23.604503225346708,28.98212135101002,14.793134158418802,21.656787054434986,-7.772581115108551,-2.186499541575598,-14.374271127437513,-7.551567255763525,21.28782549160722,-26.657379219696722,-10.936148379527324,-1.9488260553710024,-11.675261763443586,-39.542636535757,18.049767375231266
25,-17.655966739965766,2.3583095777126064,49.760000732915294,-61.074524003850414,-23.097803330912843,-18.436268806571736,-28.316597042573385,-36.518646145032996,4.803418484481798,-42.6618845456517,-2.366536783195097,12.481954160580475,-1.6257931224152145,-12.008928765552728,-37.44275421763264,-2.9926845568729035,23.65405872742877,11.214989244471592,19.185552103000976,11.623153724609885,16.134184012742388,3.928002459025957,21.53901878879291,4.853262349598265,4.161890508814808,-7.561493738968602,26.86544724866579,-6.585318804809738,-0.15521375675828278,25.074249066100762,-11.816674258478724,12.61533510018302,-19.418444697165743,5.298086481811469,13.110549084787868,-29.582876177514464,-12.580492938363827,-26.24098839650254,-18.404517597448383,9.38415000063549,-33.21897127441136,43.9903046320844,-46.02879175062483,19.626860749263717,35.68678727093767,2.116398498488697,-23.73920577487526,3.313278297281541,-3.4956461139802033
26,-7.486277005116264,-37.28233959203996,111.95059325329704,-45.18513123305275,-25.25209589420757,-14.08923867923457,-0.9477358871146726,37.536153899307614,25.52046844263963,25.796831510291824,5.2757477032148365,-1.3902457667343258,21.330064136002214,-10.157800373751245,24.315509975424067,-10.387338406768698,0.5274574543149755,-38.6142617622978,15.525751000920502,-4.817124851038842,33.67933861079733,40.75938755718111,-13.685690314646536,46.43751551063454,30.175394559540393,-15.408839183990107,78.26705363952101,-69.48431149991326,-50.26966412032023,-30.006801786888317,-27.695396829527265,32.152912823069855,99.03690352631283,-16.183191421893916,28.999661124467302,27.769600028980772,-39.58665529999345,2.5801779110907974,-30.710982372579046,61.9459311158896,1.5562657285379609,-43.8172007669967,9.934305226864431,-17.02773966467219,-6.526204670825417,11.186670362030569,5.685440878522481,15.697138669200383,18.276348491311754
27,3.8548873329125493,17.27767013176094,9.288745507419895,-69.17353255216801,-15.367820602850786,-19.713618208888786,-21.958347378161765,-22.28962847519614,-25.121246352120952,-78.97953292795194,-17.546212923204443,44.78368858032347,-30.183222317204404,-43.90300831482039,-8.140245773328111,-16.289252464346742,-57.35067914437056,-8.541999417632171,-27.565484186953668,-24.166295146904936,41.45064936347578,6.107367106530353,5.273545969621882,-87.08787310475891,-12.192218090696347,-66.23871008085035,47.50856530209279,62.279987574118756,-31.071951355615937,79.36774503906135,-54.55719300615958,17.582592272085048,-33.01872299602374,-45.04717791050896,2.8917951547780447,-4.154919530385857,-42.2424086556648,21.927664004681535,14.072693474035622,1.298225350012829,-30.04108141140832,-11.691983268279415,34.59728056737313,-11.776854773551548,-53.004935770344304,-17.912658013264082,2.4862055068941222,5.371898018589678,0.48984101781151757
28,-48.129097564648085,-32.90735261130685,-20.59825614464861,44.89807119398938,28.149624347726768,0.20437606032908578,5.270554914973029,20.48563216859715,15.061321744519677,-7.174678965412561,3.99466105236621,21.74727224245371,-23.982245744490665,-1.5713856274871656,-36.154662146092186,7.655310877493444,9.97896473109365,17.31192366616955,2.228887092631701,-14.888160331428631,-11.158794540716686,-10.10820456070654,-13.663380674172227,1.8002367031633209,-18.062132991226562,-8.419801653892979,9.04244899180931,14.262661883627503,20.175777820678405,-11.222516077367182,22.969718670582193,15.704772176867799,22.860228361144106,-20.104655215776752,7.323992226605602,0.16797614803703817,15.66555514436885,34.34708748519687,-11.942958101902958,-18.8782459842967,11.289836436394888,-10.947545071796393,4.660043520325659,-4.882931475327876,-2.5595113593863412,-4.496481681027888,9.347212953900918,11.995944572984458,-20.776777020338173
29,-43.579221240859276,-40.20559833542954,25.4633847557242,22.177201187247768,41.96343131593245,0.4539664918424281,-0.12303787920896563,-12.248867440843572,3.3058506866769024,-16.360624166320857,4.138749869152271,-21.907619549368636,-12.952329507986125,-7.750105409000295,-9.631418847967167,5.9584551596284605,9.015857878385908,4.620706696644303,-7.5547113451214205,-12.171351796417138,24.064164182583788,-10.392600309315629,30.576773422346644,-3.044631811957013,2.4301108447359048,25.301073776599456,5.330909986748203,-7.961904273509032,-18.80553279113892,-0.6246498358899502,-3.8798007247907176,19.281006064807084,-20.49685144347429,8.480591845759122,15.441844912716977,-9.7161033950961,4.714189035642741,-16.090146901788987,5.16865078773458,12.945891127179154,16.064162238308477,5.023544936504282,-8.164261814795065,1.6765444611773057,-2.2087433379019648,-10.65550772612721,-20.867028518148246,0.7865042167694256,-6.19306747312488
30,90.85132376279161,185.09625172841248,-31.80571567746832,-16.97262653817982,70.00624494612157,-90.01437113710378,-20.960200710914222,167.25211203543867,40.50921028851207,-30.0923048910945,105.96390806977419,-114.8103070748754,-17.28898419411299,-150.7454421858871,-49.695736480055345,45.686549657839805,-23.16449268971115,-2.2936169729118636,29.578309977488697,20.72506675369999,-33.183556181144795,-17.567044986534928,-13.618563316519134,-19.918880841971777,20.196289519256947,-7.791914132196733,1.3948324662620881,1.2693555270592976,6.45408444720106,-24.455890660616777,4.414723438778178,-5.250109712357238,-6.041732378709248,2.511373986884309,1.8781265866261143,-3.0077199914182278,-5.640974107519754,-6.628919234553622,1.1431214265363063,5.551476897787627,-6.164652794028988,6.801031093992873,4.647302440555032,-2.088950376272343,2.0807470085887694,2.7070758590609767,-0.8905282155857345,-0.614632273055756,0.9139999084303582
31,123.43864576896291,25.22878651618607,-76.34487448805571,-34.28920969387163,127.86755522885223,-38.81735303303772,-21.17372891969541,11.9720822881784,-39.30649560554023,38.98920033869232,37.1880584378771,87.89417497359872,40.60798410516344,-58.850045067763034,120.75932875063917,-88.58679615347413,143.55017729891506,48.268262768434376,19.700269486427104,-70.54258485943427,2.156256264597192,36.17267386072091,51.604499248887414,-37.78293296938933,-1.3945997167829924,-8.29700635184564,7.301993474773653,-18.264649516864967,16.018104572672325,-7.856939622480995,3.0326009245579177,-18.218676455918104,8.555867604964625,-15.905466329566385,6.787966958267825,-15.18546688967959,11.500459865824036,-8.53384121079395,8.418084516715076,-4.80825929875125,-0.49820283801111487,3.6656959813014303,1.0754051379533514,-7.12562895820777,-4.759912204146826,6.926439968855193,-4.720742090840707,-5.187383990057787,-1.3255157109995417
32,167.99810286354813,-120.42133431439356,-28.946003595565294,78.68853112451495,39.77196420152074,14.7246895339898,-96.46608147476007,68.00932187790124,-72.62682804209184,-68.08473492744554,-104.21541471825387,35.97658283528869,204.77610571395732,-25.066786833730497,-32.9655022627402,93.91733808807929,-14.36400314698616,-12.715859512386507,-23.955061333839968,20.315639186732668,29.435817836645008,-14.615939461686803,-1.3023781001061465,2.248653283064422,11.879402916880561,-1.718673620206725,-3.478994964382479,-14.072126208663672,14.901142162753827,-7.037819887731048,-0.8329144818033504,1.0733489008975006,0.8522245740538064,2.3491663970456167,-3.5744946764331242,-7.353434277502312,1.4759851837257614,-1.211592035853324,7.104152340896587,-3.6281464312871954,-3.671509465516659,1.7909394764959088,4.568206456427691,1.5903832613537037,-1.5215179216596448,1.7094645496966834,0.6449895428773775,4.528130019889004,-2.1287631712624107
33,-4.206762594213394,-24.89847138573689,-35.82289627026106,43.77658701171487,74.66076826211967,-17.884606932945537,3.424132461839327,31.116508251130558,-14.14598800437459,-29.505087545532554,4.182230487802127,35.936298784422114,-10.68400815844002,13.732039221006001,-15.165153148211957,-6.711601047597295,-12.456297787662251,-29.45303037185422,28.032440777803025,-27.028027893796654,-58.36868431600301,56.85945952696423,-51.932532095742104,28.197540091027165,-31.41769387049038,-9.74828899352479,-25.74260593018014,-9.110151283315606,3.9799192302698096,94.90809673814081,5.599903523578569,-11.00533593485696,21.168962869729206,-8.57328649935568,-13.588647035724945,101.34416687074807,1.917802735156932,-64.3208650244676,-23.65142667938591,18.773262401804622,48.99031244595185,58.09814619707634,11.98809752963544,12.370170458483907,-8.425837590282148,-32.60939547402856,-3.711768926045358,7.498940277822703,21.764079365553794
34,-43.238471682716416,0.11272548104599611,-30.322758144245554,-3.641567581671502,-9.477582399752428,0.4130406122095832,7.348427595420384,-15.66570758713506,22.916739188786117,-8.297625774685562,-26.346833118427924,27.03587209588615,-8.648755053576627,-33.221003021013544,-53.22890747173409,9.931797770454878,25.675421700241913,26.521425153537912,16.2279270040568,-3.732340794738729,4.352621605331361,-5.718735517727203,6.562653416423269,13.11401879249509,-31.17549914993438,4.733569935894245,23.973716857031746,-9.877805239153062,3.9893436988807274,0.10310336355007865,23.959605606080164,11.497207485925868,-15.514232296441454,4.410372388204249,11.195718567009479,12.369477863398561,-10.327692109114585,3.5284485923888065,5.799846294039392,3.8264546222404174,27.920756225606038,-15.708560211952078,4.885807999050527,-38.61793998297312,-5.625766221592318,33.63428362525649,18.856610316838527,3.4173115572795547,-14.545432182565746
35,-36.21311057332553,-47.20582893920601,63.6881160359619,-2.6825716913998114,11.829268700088607,-2.899471474445565,2.7255873762725216,4.6761186374769785,7.060695259742546,4.6380420254054595,13.159360018368162,-21.697698926904415,3.118738755371834,-0.2600466929894202,9.180661748005956,5.629765770613414,-16.958334170516054,9.705309794447347,0.6571158983291421,-22.59362082591991,26.081960914885897,7.910930691496498,-4.838790510845786,-1.803489294099098,-1.2157927365348207,-13.58592703561905,21.41206145060386,-30.180455724770027,-6.570383607659201,-17.048700532220135,6.088628176356163,17.62380789577523,24.850250689630915,-10.455201590443842,24.69705266431778,-16.628104164176573,18.913487086525816,37.71335869742654,-5.803872266222563,-45.227921950934245,-8.433138228179594,46.59920063859031,-9.054308055476548,-16.014117347796077,-28.29368197278674,-59.97327453460668,-24.532191678338865,11.585938798171693,-9.0993709133532
36,-12.813421119287613,3.9393811438291295,-37.980587464721054,11.39801267272305,1.1341921247696325,20.01710959799638,7.9366504120679995,-27.29928765244204,-6.25923964404694,3.0877122376058534,-10.902132797087813,9.359156361919286,7.058862257370674,-37.235921859328556,-0.6728400716896477,-20.1699633978479,-3.5152143493596313,-8.319102574280905,-1.3304111179556866,-23.547993521113455,4.716744756664288,-6.856981218699133,-26.79334984322983,-14.931850579299018,12.344610116655078,23.0389198513203,10.781542694939919,14.064569080867145,-32.12673054209032,10.84027301159902,-10.739854629562204,-11.89057312954604,-5.637941594837962,26.56537465072575,-6.51635260642478,-10.517072284634244,-2.95659023721784,-8.153607658769754,0.5352463770976803,30.22434182754611,-15.62960633575393,2.6349194093142603,-10.23355468561103,6.008503996854902,32.04152484784174,-11.176886581108649,8.598304866300248,-22.71103352236417,7.546339665111231
37,-30.02485332817225,-49.39550537742956,66.31253273685081,71.10885088797345,50.70374017594779,32.03961893883701,42.542066433989326,13.266748311271433,-25.144184326965863,5.78380958448127,42.10146698613437,-37.040028269127944,3.009462367629827,39.15755939220187,-25.05523931609647,9.250981777313353,-24.130932854834924,52.30117870276877,8.572880942527997,25.299780593361763,5.861783168132306,112.57073383943008,30.44347162463081,-28.5898388657869,67.58672834813356,-43.63633183952208,-52.939032502380684,-5.013815257595461,40.22543923356682,46.92498105424894,-26.699191558520845,-36.840808560274624,-7.979685756788237,34.19909167515286,38.86063195289071,-53.29582960348068,8.745059904330212,-9.005315594699123,-31.381060643929214,1.7949312180673698,-15.14181873647834,-19.944111871172993,-18.078908383746207,-39.74096246973148,-10.410267019190153,17.434570256697643,48.51814300329102,-15.211451786200692,25.74022429794035
38,-4.839638633869999,24.311044229095206,-38.936826321854255,15.674870546356967,-0.7964424313564897,54.03004885035408,31.478360120377566,-35.26932275745127,-14.8739898651406,28.679662327043083,15.459821480336077,4.777057982359384,-4.797537136932691,-17.32225757666169,-28.054167001076856,18.61920783754441,2.3908983447223027,-36.08741142210428,-12.953432722143088,-15.863908490289852,-22.971979105425323,-31.95751883617355,19.98786901139776,-37.340582685609135,63.488299723947584,51.005485556087976,-13.647497449059836,-25.50302133316836,-22.422684020701222,7.83518391622705,-18.706090437143878,17.800199242387027,15.898803527695224,-11.231250188041658,-21.89755423359133,-14.672172819232006,6.884311207050168,-8.173572886081816,1.5877150742172481,-11.310580394000343,15.661031961781191,2.0245519576540985,7.180905335204185,2.2154445715809183,-52.05936759305955,8.080009522817713,1.1893828352473705,-27.087809096930695,13.89560742756101
39,-28.999111856488874,-0.40046910882304243,-4.091641635007602,-35.24001951508712,-29.745151670119867,0.9511974221238405,0.535216990943538,-26.06628439285385,10.528644088469846,4.786219446489372,-18.024303262391093,8.903920718472627,-3.201988639776488,-36.1552739350474,-25.96381579125948,9.880097204243967,4.137115418153813,27.57026079759896,6.3357532294501935,-20.44984549366455,29.717929740733926,-10.188790762258531,0.12421440025901695,-11.82472701330794,-2.843491017223193,-6.527109698781582,5.167564486312596,-0.4932047044613198,9.14622372483329,-4.289478123701253,34.491945606089324,-0.36769405098317504,-20.13173421366747,-17.822739462455782,21.756108405143706,-1.4331059240526987,-23.533916580961115,2.6283999973444874,12.810318594128303,1.4881760814244658,56.25718713965631,2.857740712956803,-8.366940832935544,-36.06738392584215,21.765531514637022,19.889544033725727,18.821916173651818,19.52043472700335,-28.550520814684454
40,-23.771143599386896,-8.374049009660215,-5.382400572649388,12.499792238394214,10.000253030011411,-5.14952897412293,-8.250740559886916,-14.809699827410238,-20.784732623293255,-6.590112659842308,18.812600855585405,-27.98432200835802,16.47716602775925,-0.7379244548069049,27.865624616160712,-3.48047136879517,6.378048093726087,4.184166111905187,-29.8164039222684,-6.520237383331414,-17.992706765183502,11.48517705477887,-32.718205273180224,-4.330587225734628,-32.835189328903375,-34.92636244297919,-20.072183302642152,-10.514059210468822,-38.543655766954814,9.742204540722303,-13.905381538968989,-8.451837079149568,-14.789299717993192,19.66844701617695,-76.31790635777132,-22.161872688761992,-18.83731997273924,18.73488796845758,-23.0047195205069,18.469262423621295,21.175898587817194,-60.68125242843394,31.918692195183567,35.909409323904235,31.870500340725926,18.823448811603857,28.1974098698313,-28.410285371051234,-38.18905540859381
41,-10.5765135461025,30.103017769498035,-39.55778333973202,5.8052710914734655,-31.576017584728135,43.616295429768485,36.871761698972804,-34.638399262362846,3.074009431434029,36.79390304137656,-6.193725158275586,16.541979989273237,16.22103557491044,-16.8051065268698,-30.750671124268216,3.6745341674990066,4.572883231043278,-9.503464403439256,9.822120250151078,-0.865315469698062,-5.43205548480499,0.40099052821427894,-16.44878727806245,-19.711777773874395,28.01738282560937,11.843355837520601,-0.33495185138939226,-8.315420237200218,12.862532327877592,-11.73095611196622,4.108202798075236,-7.289935042683021,-13.223838388529368,-3.6392215675591273,9.555767000384957,9.753755144290523,-14.661735800131499,-1.5783480845675184,-3.34912992626918,1.508436957862549,20.532994770427234,-1.4119243486165582,15.780396780544882,-13.42110042339,17.65600547345933,-14.5820991293092,14.151454984076029,1.666583526337018,-6.0902093769251575
42,79.75194131317974,302.7344996726457,226.32673857339654,255.46822170970188,-41.36013505983878,-42.113479962729464,-89.13422614033175,-64.20218065028037,-5.234403249554303,25.050433126319717,-29.753543647710043,54.5512284930521,-23.026178071644033,0.6667783437468682,17.61106370778768,-1.2638228907496836,7.246905610382216,1.6361888221134608,-3.5747735123981785,-5.4455563076660995,-3.1846390931738746,-12.569489038229088,-11.12629871646331,8.266660647381055,-6.290317529049839,-3.1930121922904524,5.535715629846406,-1.1880895543851115,0.3818635546527874,5.591070213676392,2.690155007947336,-4.439504178944845,-1.0685827491185984,-3.2167584366245254,8.06532892656226,-5.172201913375227,-3.5454151639237743,0.27263915486150836,5.94568065604709,-0.603156786641623,1.9430481801091206,0.29511359967768447,0.820434762705626,-3.073693596433232,-0.8507460841739838,-2.350495698540137,-1.209385474176007,-4.080013467351167,0.8560685914176913
43,93.52351144883279,25.831757009490417,-9.06089147084015,-30.479079476408184,37.15273129218581,94.01684016068268,62.53881413651097,-68.2355777892042,-101.26741318823473,132.46419907097368,113.3285418574352,41.94216827756881,18.092971282876174,-81.03620303909385,0.46893918057641604,44.46377983248499,-43.97636249670743,-28.242911845133023,-29.395285989236804,60.22708432993077,56.41866200984841,-23.700454493422054,11.624717440774939,70.59742216479886,-96.92826290196233,-14.77960996147191,-2.7016345521346268,23.752310519577907,22.523974035979546,20.945009337438677,-7.667301053783351,1.3553165621019043,11.421594733397718,9.079713445645648,13.678830871395766,1.1602514820926835,-2.028440361918555,-4.301593278910125,-11.743097954246098,-1.9429833749252436,-8.513046527355604,-4.969527101271794,-10.529305137617087,-3.1995502889681524,-6.099249748866439,-5.145720107838893,1.316567677518144,-2.4602148500809315,11.728308269790462
44,-4.585844470686682,30.654264770875834,-7.144995308447127,-2.4642300874800607,-19.541715214109786,35.243180420866835,40.07875818935743,-27.634917438893968,-10.833173984605045,13.987863367552622,-3.0256824273796195,-7.96806987129003,26.61322633328785,-10.992668501426788,-1.9233546654750162,-6.104377338549613,-5.107511088410186,-15.235514783657012,-10.444128676208061,0.6634092607454987,-7.419984376707224,28.485834684832312,-11.540516763849386,-23.560494649682266,27.30277508700487,-18.30831256646854,14.051547770270325,7.8681310176317325,-19.177945186384626,-24.253017787957614,7.957455574809023,-13.050718100203543,-21.41901239595614,0.7197424062111327,-17.92020660035468,8.86154612621813,-12.656972900552526,12.863120397203769,-24.729599042405376,-26.67982298131486,35.14399806394145,11.788618209007039,-4.237833131782567,2.873882988111639,3.0037344110664925,9.158228819957014,5.644199229246272,16.428482760916513,13.037585890635157
45,-11.57951187477477,4.29368107692987,41.548250223969085,-20.186033883672465,3.7502254750379427,13.567318984740126,10.96773373857971,-40.851088790219954,-37.02094310403389,-17.955347870683635,21.457621133022222,-15.099157398513302,18.54807287353383,0.2630845049034258,-1.6416615779436845,7.46862940132968,19.674707365176783,-40.300780029191486,-5.841350596633743,-10.688102949524222,-25.037345224067266,4.403628413591014,32.658802393775765,-32.41525499033397,19.398331576234213,7.230187123728538,-13.133828327750345,31.040606429936748,-58.44546564633637,-41.55284419795771,17.494268796738123,29.502631914661706,37.95147435190184,26.363693566856398,2.0166381524602857,2.604377360874374,-38.1820365229294,-66.40451061406087,17.79995032673137,-39.635284666810456,4.243680308863001,-1.6854199736006534,-22.832779496747346,20.11087705264266,-19.959696917801512,-12.467792855313313,57.08364078204241,19.197953335969324,-19.75102748748535
46,113.4741486716172,138.41017442313162,130.60716992729135,-65.6161878371989,41.183695087896055,101.36322143767555,214.93975631738732,94.12706324207915,-94.87390555473657,-94.400580081747,-80.35178843347849,-25.443185499586743,-3.3281432002763554,49.30925280818374,-5.961006029818269,-39.922712017202834,18.650496827056187,23.608427158078474,-12.646277780570518,-47.11390199527839,-8.104002928877529,-59.12893489033109,-9.137314377121948,28.071817650930438,-16.916945157212442,-11.064029076334126,-11.49871320592593,-15.001970862229976,16.91968305035392,-6.067924667081509,0.35114293979065436,7.961603099670031,-6.584702221927171,-1.2670803833809174,-5.986557170037521,-4.450048316082483,1.5186376855172212,1.3198643389339726,-0.5385371774703414,11.797684420012638,-8.181505023038525,1.927722394026998,0.16181178788748074,-6.414705600300981,-0.5936288883872177,-0.003185576076053298,-0.13054390221791395,0.3300958365159997,0.0524654433528835
47,280.4835438532112,-43.89135075390349,-25.062595820790687,23.53407457433112,-37.27884450719223,236.81442140037674,-55.70748494637793,-26.498384130563426,173.09561823246992,-104.91122526390177,78.11445300995656,-2.289930554756614,-32.77443364330429,18.543991282655885,55.37413387312432,9.64253919736985,-2.814391717594199,21.91148656633293,6.584625450676921,-0.7251208458889478,0.244490481788049,-0.8940657689052968,-12.45573791542208,2.3547514049425624,-8.618725672033394,-6.469691925288213,-2.4233894389509,-0.2510162218186911,-6.837538213020275,-1.8993263107477563,12.074698509863628,-1.2721374294383916,8.124165928023686,-2.5089472394793484,1.0865225843668151,-1.7079937779471863,-5.68155174161698,-7.607200373623118,0.8152182395020896,3.093795424675597,1.1380126929940688,2.0659723223444697,4.821194753450043,-5.404823458793947,-1.048787167350874,0.5594599075414658,0.5726324118783436,-2.6911994058004836,-2.173294041854212
48,-14.912123283678165,57.10421379048658,-41.47595536396595,11.381553582687085,-47.82057813422051,72.98774496811268,67.40180802762286,-30.88562529445784,15.998111896808751,41.41846121859935,-5.285244112300624,34.09811655267345,33.513886657896855,-29.368698474237412,-59.984631269405455,15.151913296248331,25.634777016329743,-42.817364125561454,26.609428181897332,-9.949322135948087,-16.571847655100594,6.470435693971609,18.06899283941987,-45.17915785347306,53.752834886730376,-2.000625355686107,13.154985835555745,2.1630197232963333,22.555169449466515,13.16997553497143,20.880004253756642,-7.475321103930678,-15.881750725441453,-11.665533342878454,1.1294487977851664,-0.35393959905570294,-31.775491966537047,2.145501861605111,-28.3981215100381,4.621107923261814,25.13759646030863,-18.20667910412641,-7.6966516567827234,23.412136717815766,44.84624379851812,-16.73735363346891,-49.384277917499695,23.86396652616141,-35.57839424138777
49,-27.50643138094428,5.438330511488914,-35.75191081981834,59.8797094147983,1.7711279860286055,51.241524968626884,56.33567642375492,12.550170917527057,16.198673255977763,33.715075632098596,-1.375622395285718,11.512051983349254,24.108852206490273,-5.789504900946353,-17.8430842477794,-17.886826060527646,-10.384232901677205,-26.938849706880564,6.821561184435103,4.115483798471146,-30.21364008393441,37.69816998855029,-25.759812448977797,-11.111647333996073,20.483829557016726,-37.11600887774358,59.625545400977416,-25.73275293027525,-33.73956558124602,6.574413280638127,-0.7139990733599904,-22.563076221866083,-1.0396542450374253,33.38210385985022,-1.5918898975257258,17.659344018538718,31.782438594156837,50.5499911287593,-0.1711746018551809,-43.50159460862135,-30.405646349350558,24.593958432277187,-15.567828979079676,-1.9598140012161116,7.719068872755281,21.651732024879994,3.168371044328132,11.879126910207736,-13.757756607963495
50,-18.08713945566756,27.030746304177995,-40.34073447397838,-18.7837007389284,-25.878669894654614,-15.855639730801176,-5.729308904783799,-1.3837231505688805,0.7881462592735502,0.3194730935127697,-9.532784515648517,13.025425430267005,-3.5903319835232095,16.370155647487536,-8.217702347640753,2.435175768230898,26.14439295210486,3.4229190856464293,-0.355881488327569,36.05746685195357,-19.718405305305023,25.73023230539527,-30.685116432901918,29.115513961491807,-9.368076404008429,-26.0790910652296,-21.425887859891517,-33.49803920527998,-0.9705553808688636,-16.873344564127976,-9.578312034831349,-27.088549332366007,9.497447516770839,-17.36351487007177,-3.963984118945105,0.6215868917274157,-27.45669283072701,34.68769043891626,-6.855724442181479,4.0408489278087,-8.462168687615284,28.190865285122495,-5.465780425617046,3.272616226811472,-27.96450913592888,1.020204649907622,7.267843140647185,7.6211177096015215,-15.675954114061655
51,1.0711061883519737,-78.1630020576179,150.91874092571584,-61.481229972248556,-70.87721930826334,-9.449663289081972,9.819997353489963,110.98424552396399,107.7613174987008,89.85196803579935,-4.924033896184651,129.1415579958739,44.56740781583997,-50.54087348472074,-35.35311044834511,-70.97262261025068,-62.4307046282444,68.47868439526013,-70.13091979165198,0.2944128396719692,-65.18815214923978,-1.3954524077641677,5.895350685105641,1.4122800076320292,-1.6796546323619648,23.998577120044473,-68.99525085155977,20.667410086236593,-25.860495331532622,-9.800205698144751,-1.3895424475941867,14.428214843689021,-10.903885520008995,-0.7073013772298862,-4.7214002309411605,-1.3371003061275704,-2.73220973977745,-9.490405209852579,-0.23011534369250028,2.217754975261888,-4.4532699702014815,2.5538604178272153,-2.948426219884907,5.153018286192627,-6.307545758500272,-0.04875985112524528,-1.4916483322974465,-9.173767115988197,-1.6154542168000048
52,-0.1404628216670456,48.14544189520272,-29.27837229388041,0.43194770145782924,-24.063309745947087,43.40689493816461,33.4336540236513,-14.766123011372649,13.690273115063302,27.219493081139753,9.799147915159057,15.496949597275954,10.758233016760576,10.51850677031578,-51.30249038408119,17.200048917929408,18.02703328905637,-23.238204390345903,12.752422249829271,1.06408577342338,-3.512060788689188,23.34208044523799,30.54523992760068,-7.7322552251386565,50.36958116816513,-1.9530845323683148,-8.32921996671732,-29.403823940168767,3.95313629788014,-22.294737696895364,-36.405048007296124,-5.568446022805287,-18.294112888273908,-42.96202419394642,8.579781873933822,43.55557825443993,30.3199298296594,-5.859369224178119,26.675025997216007,-19.722062198300012,-5.032969356222669,-27.766316112426857,-0.06378968138770985,42.73369978848822,-31.182993068509546,-35.08044829480203,-12.746700441973793,-39.359402694239094,15.53339137863223
53,-30.738657922186853,1.2652761800687111,-9.808696974718462,-10.60263515300428,-8.92771052451802,-4.038263992148027,-4.772582282851797,-13.771414629392646,7.721216535707857,-11.428485390825518,-3.1902784859150906,-12.315663411084717,7.311830577565742,0.5194596747933253,-16.917045666206747,-2.005259882814022,33.40410259355886,4.076565710239323,-1.0096214071512772,14.80199034881531,-17.13204625263811,12.161133413439755,-15.906312913013812,26.156747341546318,2.9964802097677192,6.101747646825949,6.242927831620028,-0.07276701651644905,13.455055365142773,-1.3810380874366732,0.7306858678444098,2.796807036759708,2.476691299276424,-8.447228915832794,11.256629670558324,2.464436567388332,-2.1585782112264917,3.0497792599123126,18.008147182287384,17.77830213041805,1.2690160375691755,9.377339796956168,-6.725042978451406,-1.0720233519695566,-15.150046084687636,9.290347527559753,-7.374471135992448,-23.091293038525123,1.3080993225061601
54,-57.74886431541675,-36.32154883190216,-50.65706328814307,83.5258090261094,40.27044887500722,11.368885030751011,23.372574127005507,52.82551798075077,12.277896679839412,8.323829826128843,0.4441716739452862,14.805423912213522,-25.54255954999932,19.257905244686743,1.765091826722,-17.558181525281366,-14.759634783142596,-25.350240330717618,7.472029712843993,17.998287502107065,-6.236036134326999,2.6159806970793436,7.921228865632183,21.47713854600449,-18.155708271469525,-21.280022353915747,17.559374911778068,2.765695102495269,-4.306022700117418,2.603477007606159,-3.476313440345672,11.209203006728941,0.5029497777738575,-50.53188565882314,17.861493126577383,-44.913187794412764,8.335556679509263,-39.303195096238255,24.144358201185174,1.705806700810398,-21.12771813898984,11.992930277523042,-31.961392233856262,37.14030420176776,16.79421931384857,21.115251172398178,32.53094550325446,1.8887843967380378,-31.645885480093412
55,0.09103638024962946,86.35084945276733,-5.586245314262806,-31.605929709968088,-54.487610395119496,6.300433554589889,16.332525849298836,-19.60026736005633,9.067342200255723,-18.241540597401798,-17.302429222539278,-51.049079136763055,51.65002638020977,20.203196552551987,-5.781233878718724,-13.738319563305428,15.834682840392182,12.965929619423068,-15.812409100669159,62.08068018234387,-36.61104342545411,101.5308079540306,-8.482127663016442,-56.47230805440244,-86.65388600202954,61.78767572436754,14.521697535161993,36.75618180669816,51.993469600030565,-26.670655866257842,-65.61510144855649,35.43891476269413,49.30797987122788,-44.43476893826673,-7.985524527327774,-7.013689260072205,35.94094925611395,5.346733587805616,46.496616082737795,-1.059018345265315,3.1925733984096487,-0.5528217125879001,13.053146430999945,5.639373862784023,28.753905049896463,-16.043844565736492,0.3177262169807004,5.8289457477744016,2.62933164472238
56,73.52613199861874,-40.765852127273504,25.978477132494053,-27.74266706472504,-13.302543614611404,2.7811348847963804,-32.87228253337525,-14.780631432299955,-67.26409130017386,74.978558881319,23.48032178896504,-23.578412904763482,26.93513805650082,72.14004622779042,1.7951882066955829,44.97962855363595,-42.34231449393726,136.51455086305012,141.24859838872695,1.683926532668825,-81.63419116307841,-67.11816157062538,14.693747461453627,-21.806292339197476,-0.670752720010599,4.726651301542704,53.38061356243869,28.473209425796068,-32.771763318064174,11.139124750117881,-21.25108940142484,-18.369276407542262,5.395149369558039,-30.71903051804705,-12.12610911721001,7.754872073375289,2.474563699835537,5.913432323546536,-15.083488297391991,14.610076270971044,10.588990131717456,-3.8159835444357553,-10.028518120007158,10.02312572560269,-2.8109012208069686,-0.8116265140309042,2.8209441432625613,7.0947506945831265,1.1912927056291591
57,-25.732301202228605,4.220230653083211,-22.244400633536188,3.1619342095636522,-18.263084593227138,-5.991995337131269,-1.0668838808084529,-16.836552745398613,-11.508106425274429,6.964085954209446,-8.885166257168473,-21.416025059009947,11.686243614833796,5.223129992109508,34.075643205920336,-0.93348177244128,-10.992833910041979,6.647686635647296,1.5901292418023578,0.8390545419316771,-11.662590825646387,9.6738757106762,-26.969580878668573,-15.91851021408913,-14.920732726219372,-32.85623109244167,-32.90325398228083,-4.339963456204247,-7.529269373611898,-52.48496411932775,29.982142169504897,-15.993951006010207,2.5117631014833672,-14.67446866008929,-56.55560783172926,-9.466257492918333,-56.794011396967534,9.532472424622108,11.839041964597609,11.624938044657046,5.828868271121537,-11.531346979348863,-51.12929085014944,-24.562528495666733,2.699066749296453,-27.377868189225445,-1.3576111437805884,15.66324048894531,50.110314233997705
58,224.34931484039123,-102.51405354728124,1.3137297992310402,-9.064402219584583,-44.46415551055616,58.27983548217721,-118.50270111740559,55.79934809121833,-82.52684864044161,112.42514281468539,-106.19085607111725,-104.05407081726936,-113.8147668052317,-10.22562413649234,-80.97369021881501,-73.94617755794783,33.36499825033803,-41.3995802430591,-21.989582929084122,-17.445559574995062,-4.8041321604313865,33.91701663272548,18.790224060087134,1.475762530124011,-15.100953457170844,-0.4898603979597042,0.4515746995946956,17.054866846747917,-11.39959923683507,1.6872203735753466,16.274250985879867,-19.364747328485738,-1.0432652056411906,-8.720205194932094,0.9757904082498486,-3.2909802904360945,-2.0174238300172225,-0.5268021750150975,-6.191523148810945,-9.123046338294277,-2.426330185693771,-1.882343006550917,0.5758240296298865,-2.3058949386848493,-0.4341283636356532,0.737566045784344,-6.947198422940531,-1.2682096541798082,2.464781257842124
59,-3.63856162782985,-9.043277599500195,44.57516769555567,-47.83180594861921,-36.56945193167599,-5.799207812203629,-18.141076197766818,-33.18090945597559,-17.50449259414371,29.075954146422106,3.1333891448192794,-38.55621300697502,4.731314225370681,-2.901585280147202,36.47959242119547,6.678517729376193,-18.716408652492497,8.138509853379903,1.8852471743426173,-13.401243443663674,-4.622711710802408,-15.11929135246526,-0.13648512060525136,13.884520387810229,24.714933631490247,-31.15428297483867,-8.308142799545324,-34.25330979853443,24.16509180460867,3.783839057970497,-31.0009076656763,21.77936663507882,36.82312437779572,19.929493250766182,-35.34831084446827,-15.191663125024753,-26.98043051048776,-18.535574459463426,-2.0740106732809407,-48.98043822181152,-31.77070013144885,67.6203351025739,67.4279146580768,18.064884119814153,41.90408141905845,-3.9341659047542183,21.030196156274187,-38.126622433819875,-37.168175694069376
60,291.4731071421211,-164.96615465413066,-44.241833404615136,102.15183282227184,-169.36328512218324,-213.00029032508635,162.86515249553537,-46.625415065053396,8.74607842662882,-30.55465836749919,37.71853885994783,-7.823373219721532,-18.78852529126529,-5.852962093429023,2.628911547213108,-0.8357356956652016,15.406798742772331,-3.091405385545687,-8.709705706826913,6.4394234660109015,6.216912600310289,-9.176713838163447,7.280875102398587,-0.3831231693402646,0.22302671725525414,2.6561723313246572,2.5849203007739296,-1.1219507401701576,-2.8171648205647606,5.081248316819519,-1.1468078914668876,1.4637153219257701,0.12472333972816152,0.9097940679961208,3.195246569221026,0.4577556766009367,5.2916876248751885,-1.7849359002919807,-2.847193008149823,-1.2614849277968352,2.623007637470818,0.984356697952871,-0.9291339373427483,1.5650154648573626,-1.4228933844790688,-1.133121533939883,1.5199685464707284,-1.0039748861091482,0.41732157570674044
61,-3.358205241506295,13.454240520182935,29.82411251767051,-38.03000929037143,-14.422762518631195,-17.148896778775864,-2.0163566752648796,-20.341925541500483,-30.97509532453876,0.11630422322269279,20.318943327236738,-29.667450383888195,18.52195842849688,21.311885197853115,20.315509032121327,2.9894734938602783,-24.114183453068907,16.965080642023214,1.0485370335997715,14.794988606698404,-0.15337717583706456,35.87404059365471,-6.517682823198053,15.675921269688683,14.617797397231064,-25.505279649031326,-36.45786544220259,6.176855552973523,-9.03490881484737,-13.679519373003686,33.40837849464994,-18.414598981511926,-3.4972738789523894,-10.490915670541991,18.751225222113646,31.178005302986826,-4.653694465140248,-22.53741356379587,42.69474960673865,-36.242390608931856,16.478585971374198,-4.160248967582673,54.65947006163577,-37.21784564650709,-5.013714089500374,22.24217131583831,-42.68531625276134,1.0100017371590748,-53.20749862968996
62,-46.80074513911862,-38.74215250521933,-19.133823863787228,59.46391759288032,44.767944956864845,2.5427029413347335,10.60054014562138,26.108022610012988,-40.034105540110616,-11.04599896644202,31.353581537031893,-11.696934239966769,-19.753312388724055,45.69259399451312,27.820425209136612,0.012555344528715373,-24.03542081528615,0.37976109844265205,-32.989142837081324,48.92796974933887,-31.123849032676283,-0.6470138319505763,20.541945062537152,-9.65498613324311,2.89421033892648,27.604236155694302,-21.077055512187737,-33.17176507065676,-9.615712578951989,31.196540726427656,43.56378221049438,-21.893628073620434,3.5757541053968653,-64.70713055107929,37.857461873319295,-15.471185690609635,-50.99023913085666,-11.922343196786292,45.62034974047847,28.96672822746419,-14.530857953799565,-24.320371000365586,11.92819020582954,1.1460068459720572,23.95537372210025,-2.914367863913947,-9.661227477393696,25.890270680687653,-9.054867353284369
63,-33.06349293708202,-41.84794639277841,78.05755051969744,-27.500834784821336,-27.924118314932123,-7.008950787954874,-23.726431180893776,19.67521369477147,16.779030969679656,10.406873387542154,35.68488952514653,-40.660572555121504,43.63861643136605,19.585778268859315,58.07843172973301,-44.41351285523105,-23.21243861235031,-58.38472513857936,-59.228808195517324,0.04750461504782741,-29.676124013822044,-48.68709207710575,31.11678869170493,0.698008752594744,25.317449276925473,0.26877085097095793,85.88432424547696,9.317097721205057,88.88459709688016,27.202232784792365,15.927300707370668,-57.607545061768874,-23.264601312814783,-7.080424433026906,-1.3817604641647954,51.377751302992245,-15.93769065480032,13.938353709859646,41.26731388882021,9.617153372335611,8.199326505356503,5.520376443635697,-27.138928069585045,13.171622511178025,-11.518593554480834,33.61141273443679,30.70688779908636,-36.85968236736452,-2.647867962962793
64,-27.494705576137815,27.932566437756435,-31.198706198693248,-38.59317920521814,-39.47132739731954,-12.477303097413529,-21.06419180784946,-13.263471681403159,12.056048452298826,-3.1287891795837437,-9.224494493215714,-15.109189188782318,8.620261052373952,10.497490021244532,-19.19194575317947,2.528635091888109,31.79435553675625,-6.525843198472513,-16.290989016314125,9.94724234989345,-14.960952051206942,-22.240487679797017,-6.1363503563031205,2.826993519103578,-19.999513381028258,21.470120001914218,-12.033903564770029,-48.35272170337616,6.5764957404816125,32.581617785893144,-24.564269404677248,-23.284067082029722,8.056381733612774,9.72689503739268,4.325462543516388,-35.83925889511609,-24.112691619822026,-15.943767428698814,-13.655638622565688,29.31598000597599,21.609891210766477,-19.129938417830616,-5.249251538299497,-47.93681468379078,-6.064115744757402,-40.9542346464659,6.487526814686121,-46.56025164502445,-16.623734653013198
65,-29.023032227994243,2.2002752844507514,-25.32928575033321,42.64882173166765,5.654757527356794,38.11877029930153,40.08233242402239,-36.79882417615072,-12.930948625838392,26.717061878415965,-2.2066279885362157,-21.487864081390764,21.359203989254482,-20.738104027750023,1.678473486963595,-12.538048489058019,-0.42542433575532224,-0.7134546810241117,-17.337221472304552,0.0653601937158313,-20.126446937349222,18.975126994840615,-29.856405568517598,-37.35917432833322,11.921781966700127,65.47815373717337,23.118121447237854,24.88386760735364,-28.560219638815827,9.711024983220598,30.057492277228285,13.185411080706036,1.1513147807572468,27.7672977638946,-29.868328450752138,0.4304661430572453,21.93421898791059,4.165917538125425,5.699023482854347,71.73402412162692,-67.39926209224498,36.83215177746411,37.022707289873544,-20.483808015156285,-16.71590410688574,62.75468884371544,-18.41133988806217,36.02679087660418,14.64416576906705
66,-35.17431824301409,-21.884837634388372,-20.398799602803543,12.057521330781412,10.394292187534804,0.13463933270078518,-13.312789797133863,-9.689579201572851,-8.702676367219734,-0.8679467907687421,1.8869896143157374,-15.995174602004601,-10.10591066581238,-0.12868041993996637,20.014429323840574,11.800858457388136,-5.897674431827311,-1.6639604531942216,-29.25468972475661,-25.835167066389623,-9.760816755593426,-42.40266372506502,-15.37500663531577,-19.587424622259533,20.233409850386874,31.953037155135718,-11.337462274290322,19.043564264616073,26.392771602087233,12.003945127608453,7.322057198038691,31.749642110185476,31.48395367992888,-14.19686695358271,21.37773566869081,-29.482113591519838,5.356985898699394,-7.424916555895193,-25.081571799986705,1.3402715949316955,14.994574064055996,16.124241750501785,-11.79221158376658,7.431547993669827,-20.858877985874596,-9.130977363242494,-22.56714268379679,-19.921682627565783,16.835807639728955
67,-38.12976729416711,-4.846519719050173,-45.96418047981984,-6.020681500830517,-22.949110634513495,-4.0532383002499035,-9.86635874579829,-17.908640322501252,14.990458818438517,1.4377095473971622,-20.992954557848854,12.413979823171834,-7.706372587368094,-9.680557001103125,-7.941795149460043,-2.6393336468221613,4.203432655703681,13.632465608064418,-1.5254365884049599,-16.989229582718586,-3.4713488958324774,-20.049782841345095,-41.51222615605041,2.096074159851969,-13.210853282572495,11.323940568378031,-3.467909863966375,6.65946116894986,28.488472885427306,-8.335437123316995,6.598677349626014,-6.1364123319238075,3.249235311960013,2.5170122275201,23.345051076082157,-7.832801931447191,-2.0268193804558123,1.3801294987364416,-1.0972484824229594,6.397587526477618,-8.505062137766773,0.17439906778359449,-2.531982190015021,-1.621042319955913,14.106406598354916,6.471055087137813,-1.6569990134103192,-0.5190668726511228,-3.583041744315914
68,-30.186473887784818,6.478932080408215,-8.166936431030312,-15.734087772922136,-25.04680057532091,-7.00675828414858,-34.37359325221827,-14.16094988302592,6.411748391188276,-0.963403863340099,7.266280442629846,-7.208492068496992,-7.2258069127053455,22.71624034818734,-3.494651582911459,12.96601158636178,29.991783469273813,-18.06766896908456,-5.568726167124004,-3.2036626823350534,-24.237071559519713,-49.40138949860376,38.909046002987665,6.66602599396045,13.52900149689793,-15.589546428908957,-43.3762569581415,-18.144761305930775,25.86251849055215,-1.1780270726122146,-10.551924782670637,31.52656579402535,18.833331417859572,-14.720082080094707,-11.812971403482662,11.587450634796925,11.414755801747953,-5.036039361606915,-18.638449314849733,-22.35377522241116,-10.312811931314718,-16.194068944246773,29.899112480602984,0.848306881442209,-27.231783733784606,32.14977544647944,13.227836768658689,29.80977559208381,18.768828541308302
69,-28.6928243218294,-25.721536425957243,37.063660735603506,-25.780696488072664,-20.429194601297873,-16.38154211406542,-19.908265215877282,-15.687098499553558,8.930666907993881,-11.520129496606517,24.413910580947785,-5.562732539809217,18.891173118202968,18.363869256959372,-8.433680986329945,-5.60308126198886,20.679427645213305,-15.641862869420974,-4.2225617696107545,-4.744667124084729,-30.3445215009162,-11.106628114442568,-0.7672718321732789,1.3285115688670206,4.966019376360824,-9.446257947821875,5.492911185358517,30.49399816863204,52.424739536130254,2.7013878529114472,14.841724483631731,-21.539432498117982,14.130197349725556,31.38457655227473,-35.83083367566297,-5.964214698347477,-22.675398602640136,7.552175180101457,-14.831617871155233,-1.1401144170147952,-34.767698462682965,24.777226651518223,-37.06679442478847,-24.077481630651846,4.567862033577483,-29.900341873038304,-38.77249419042262,-3.4645430156965773,-1.8592785748547163
70,-25.74547664662967,18.257154631565406,-64.7204954452024,-3.5396719131510297,-32.315121154716756,0.7921651514997238,-1.658767152554586,23.209244606888788,26.839595313406857,5.022244048596791,-28.226103778160073,26.06844202233832,-5.431379069034876,23.214120553038764,-7.62724364735699,-6.844937001337576,-0.28200304786503594,-23.51198732192769,33.762961867166496,12.888646293850249,-12.865649707535443,-18.87687012292956,6.643852518380209,28.401411466679814,-7.267457201511002,-28.2908959687025,12.711557833800747,7.817002904378075,9.435911320947998,-7.300690365134742,-32.18560403601631,9.931006327175831,-10.964674244793834,-4.032808460130671,27.522522336136493,-27.660422245619348,-2.125972640295241,-39.789524624571015,17.563937738608324,3.886529463214263,-0.7648368892675558,11.096857675521454,-6.757543969954339,-6.961795754515666,2.2741700789541097,35.237732752541916,-5.946849597728952,-14.489332079390683,-2.33030464275664
71,-39.68616687207329,-4.831407482785064,-44.23603049230759,16.820385816246148,11.372222021862983,-6.579151311893866,-1.9050244739183915,4.256916147999689,-16.456382951136632,-16.314330469723533,3.7226151960920117,3.7839052553205574,-4.024062010826985,4.708570556766715,22.28889317246247,-15.136104828795757,-6.804745038548859,-27.320749418528486,-25.734920060876863,-9.575895197139456,-29.64777938580743,-32.86386662217484,-15.85772329780448,-26.081388283117544,-10.497851136843508,-1.1985236222723286,-6.980195084929732,12.05467628804055,-11.806746980968644,0.4000500829091902,18.516310378895554,-15.588118854255077,23.883710217265715,2.8793023066971615,-11.772367067087247,-1.2994944218898359,-26.50254994621619,0.6652541562737035,5.442292097532333,1.2392196199768724,-1.5479613618424923,-20.029051930158268,-11.805808314214149,-8.425100249252896,-4.376187545549826,-15.82348104127917,-1.8916516089267463,-1.2059719065164174,5.387027939042273
72,59.716650433619606,75.18559646533879,-51.09269804855682,-77.88701593409104,-7.7087467156344704,-27.021272818982375,-36.97060935501259,13.044950108764349,-61.6920744250674,-46.77820800981221,-0.5667962805383951,100.38662963304438,-70.27558044553449,41.65123554876927,-19.17823689372344,-29.799287637326152,-56.70541046621208,33.29189153082626,-28.76486573423299,116.10190967748892,33.44658689060365,2.960223210582221,18.319948066079196,-56.56346815881482,25.731921959415022,-2.3284868424097365,47.93086374412274,-53.61114798663338,14.727234904557092,-24.15562991859281,75.71416163671701,-8.203939163056639,31.025467146344038,35.45239284898796,-35.4970825827183,4.5544836958936425,47.127009093677515,-31.227314523616073,-24.6595070534553,9.380337108049044,-0.6746268645788437,-0.60000326269598,5.917056266018323,9.905427026421036,2.4933385052146915,-15.12982343978857,3.861713638396706,-10.231451885841388,-7.84955838812278
73,-29.057572361853264,-34.57855125144927,47.624614368111814,-44.88774307284687,-27.247607252601416,10.961903766840221,35.08778903386229,39.32008587007405,9.354239704618335,20.503698444824877,-106.29601254411143,34.139688087959314,-109.0264340150503,-60.43492361592493,125.63804990767382,193.92339373528193,28.4623368525494,6.629787484802651,-28.367220651871556,5.3613130109964775,-45.8228238816126,38.5177254810215,25.05088803048064,-2.2433666657597735,10.15537612004222,12.542131645751585,16.015340888523205,17.81293428962262,10.458745666798585,6.468226958189938,-4.984022486129355,-17.80011144817937,-4.815460442707811,20.70119437487896,-0.8281556422772438,13.725686087839282,14.768868190840857,-3.0923214638459333,4.446825473424192,0.6964275156261042,-1.3490272448243732,-8.50412586586984,-7.860236720105783,5.555428713631321,7.325411600334729,-2.602917336935911,4.933301864628631,2.020155964398838,-2.377502876045629
74,-2.7434334046911473,6.414534464074489,-65.69898138474525,13.085973656973128,0.8151969381138789,-6.8007681557308395,-4.747052743199124,33.430202680516814,-21.559860962373513,-9.782509472815269,-7.069069026802902,52.061374974371205,-15.084220825396962,43.43174385430219,22.089469857790405,-23.104043391224845,-16.578541576961374,-38.557842276864896,23.078658260494564,24.292284126994627,-35.47948460394157,3.5067831018550955,-32.11175086120982,22.383197364369007,4.594329343991457,-42.204901183715684,28.878663757639554,70.00592752548947,-4.098508177139279,-72.04348142786944,-54.90387908807521,-1.037611871832806,-16.87293322820882,65.52886295928059,33.999579277734,-25.21238050685119,-11.309675669658231,-34.74893470959383,12.877226328354878,0.8570014761952116,42.195595143461226,13.62860137535323,13.992299910100732,-37.40783151891799,-32.68283796884327,8.914394529625346,-21.96778709477983,0.4470795915326649,-2.436396506299559
75,70.55890218605995,-10.277561775208355,-50.83537225088394,6.878414827805811,38.99186959955315,-1.7216749156475237,-39.25344716258979,11.083002384515957,-52.059976604495795,18.594675428792815,19.01580303569943,2.197481484670157,-33.586655008147176,26.128112994210134,43.804878198886136,-22.922234222824255,-9.599122178498025,12.097959756255506,-9.987611371687144,35.38678144200804,-33.031126543185486,-4.007418701353789,-32.124234749816324,-14.85177813509015,21.497574454134128,12.352026655581094,-26.82937385403698,-57.30592715389871,19.051040787675326,9.826610475498438,-43.5953168724447,119.13864636167199,-63.84682054317161,62.50255139915722,32.68577541833613,42.64022695168506,-29.349367201446743,66.73740271636362,25.167292452681878,12.710665654440838,5.6382667623388745,-12.913112337632663,-35.84892992817527,22.346185491498495,7.60721860008661,-8.955883734040555,-4.782447407244693,8.218344735424534,-11.184867042648126
76,-45.12080747770909,2.0894219699448833,-38.142180083698626,-2.958201101739632,-26.62715690286748,-8.62956810907063,3.9105768859617713,6.033456556252111,31.88424058727091,0.4289759653275468,-24.93029065210637,17.447285262066625,-9.337976628816282,-11.660750983928919,-29.60157833896826,12.096148274289423,17.322778337888288,26.005319363122375,21.5538426507359,-5.370045351996377,-16.662898194716128,3.0893037773878333,-15.120242660533442,22.406142824457866,-24.70688328528118,-65.10953193794485,18.340952875465934,-35.21748032811514,17.47215340906614,36.26716966345715,20.9932692306522,36.95361587674459,7.840516036799341,1.9210240155363827,-25.409076299138036,-22.670927736981547,-13.600282677160246,-41.15828718923072,28.31709722423667,-49.12452138309836,-43.4362055607172,-46.93602677689244,-18.305020885757198,21.92574586782164,-0.8056913785356555,39.808364034911854,-48.650379937896766,4.55789386322686,54.42207971704542
77,45.288130099342695,103.1472459090272,-62.459917711357,-45.87596100021678,-27.901523425424276,-42.27328637462478,-26.898227527710805,87.74152140012728,12.443096538211323,65.9842252614082,90.57415069421704,21.55362284444883,10.708387478602193,161.3587432847353,-45.4968979799575,99.95747464171446,30.9268061237838,8.298887146409298,-87.38531096532618,-102.05406378006214,55.53956409317052,27.167399144215967,-20.98188911721438,-4.776288064918777,-14.1345070247567,17.2139851126486,26.276566092081787,9.757872938205299,-27.3353004434404,1.6759163498728011,7.683162524624422,5.958293960285289,-25.83527914876046,3.4395025293972585,-2.5053917392691876,-0.9652530647074814,-6.1298878650549975,-6.305532305803913,5.279348314862861,-2.538791954506441,-12.355005019750646,10.410502071410582,-1.2948464775949904,-5.020691613973596,14.06747847308403,3.827514282160461,6.245716841942369,1.1018667545727234,7.531309952731612
78,32.735563683883704,66.57166152563263,-61.100144679317566,-29.130288523555542,-1.7558755706035538,-17.25943829993109,2.5445783851608583,22.157883949842784,7.358656759273546,10.729209001710714,-23.84732243721077,-3.6030717046415828,10.230653305969748,-2.156285794012189,39.82983421400575,-32.88864771187869,0.7864371082241066,22.825438139209844,19.562542729926896,33.65637239626409,45.7020629466381,36.92591715086147,-53.03641135231934,118.14764311537543,100.8423136148964,52.1208629160943,21.260723854739243,73.88476984661048,6.723271867575881,49.37180183717048,21.65958130653042,33.373209863702286,-2.3472343393419823,-32.914530563645044,-58.267946275915605,-28.69454718339846,6.919967604446576,10.530801783108272,6.4108663479638945,-21.085739681387505,13.869487195572997,-31.80653099322882,-11.362720148674772,-3.375436850961732,-17.986544185622893,-21.535012791142744,11.93057481778846,-5.522986666890803,-14.084909546153284
79,-20.554036369641416,95.14955600448269,-62.381165561958575,0.5217490408112226,-65.31519837292221,-8.518919390358233,18.213568245123447,59.76758732702392,58.21277432605833,29.50926241634865,-44.913085365424635,-25.9138191493064,43.64201075116613,33.39119435474565,37.34267060736344,-5.0118943919231445,-34.646479428934704,-42.237427530079195,79.66955149373898,-5.830245131999871,36.772956485468626,16.705224411786286,120.5969314532483,-10.743590995684457,-43.12403633058309,-19.478934670286325,-40.519710247438525,22.346788954832913,-18.85851161140387,52.95828317523351,64.00865887788765,35.698201017211105,37.57855069715788,56.53760342219695,0.6054697549710929,-11.591747810681444,-6.550807786882624,48.32934542239327,24.651391099325608,28.0134004258188,22.719774972963446,18.81299047605106,-0.2560049904291506,13.187780956927096,-15.985818195265972,-6.598644757517223,-0.09855904848846235,-16.50145642674514,-1.5623390115038611
80,-34.324609976104036,-17.79554651995079,-5.233329067041897,-11.242276065943713,-14.753818882507357,-2.123541251611129,-10.17691882798482,-30.397231875836717,-11.143051045333555,2.4203912349243915,1.5406297424554567,-14.719828109004167,-0.9616174076602344,1.620985179253573,3.985624917231725,12.47613620132619,13.754814209275853,5.590132688464967,-8.766424412700143,-11.791933489081163,-7.272982047221831,2.7418414304932672,-37.711934889921146,-0.7526838762474264,-4.116881275353061,-17.17378725208549,-21.511374934858914,7.3217488703385225,23.053899105011197,-22.537030461997983,12.660934525456577,-1.9383880862709568,16.51947858145823,6.467645092359667,6.199638642928054,-6.688678233966269,-2.0975216005538937,16.447355336498077,-13.51070744426348,11.934300186285107,-12.242673633285332,15.517845088942668,-25.747044560658445,-18.066094752269986,-16.547203988581586,3.118850172811598,-28.645887039747006,-19.005716332520283,-4.137005683359918
81,-21.073729535509415,59.776578188983095,-51.87600518009942,6.197938785572445,-32.89890608810591,-13.462235907783173,-8.882516879388554,15.062838766031904,13.225086081587117,0.481267895778869,-28.634430025317865,-47.850966905778215,32.82640819749982,13.345454523985325,76.2723757443477,-28.68019164583157,-39.45230924087347,-8.589222948300222,-0.26462350925704947,4.857846173347517,19.703856871616964,-9.041022177375284,10.083170921758178,-18.94941823268462,-27.47040400276648,43.211871273594205,-21.538216182167208,9.138512857174046,-9.22861089645732,2.931981850726051,-4.941923909328475,1.2685758446916364,-19.828155630846787,-7.110991742541037,26.8874871390938,53.11844962712227,3.6917572341987475,-54.123642834231,-83.33377215655668,-50.74912150154431,-60.32535204938408,-45.3036025975943,-44.068066589511304,-28.25672494453544,-6.777433482518381,-1.65926390697637,-10.061438769156663,24.527544015816805,-41.440140375820704
82,-24.88666300483014,17.604205760383913,-17.983377230921914,-12.833848211447103,-29.318350094756486,-6.905382680032098,-4.002062681813083,-15.858724346699633,13.466832006056238,3.9493681536048433,-19.821678118636132,-24.04369952719561,13.665033474695138,-5.669500590235341,17.29635192260054,-6.0813806219059225,-5.115831045235071,18.859350263871548,-1.520348328050095,0.007407349678340197,12.5433313896665,9.679615386547958,-10.618731112651199,-0.524993147260385,-5.50504882031663,-20.75544027513532,-18.87247581780774,-5.750773352916112,10.538375011706853,-6.418790241607574,11.285213082617904,-4.937502365957726,-23.13823018150894,2.0022273838695104,-7.395004390481285,16.08873198280633,-0.28267350366937766,6.314176082103033,-7.885508103702881,0.21960908688955683,4.858851756832606,11.520803520815786,19.50626426209288,-16.091339897905673,9.643442002030419,13.260188535777418,9.928294901973997,-4.214669241629665,12.708916664269939
83,-4.76676986552756,-1.1531663658083402,4.112839034602424,-20.103231331110532,-27.367814212512748,-12.85328140982796,-13.838492310088007,-36.411589981586836,-4.111443405850226,14.080577702737282,-3.341898187746739,-21.174561110822754,3.5139100047659686,-5.169238706414773,-0.6401064662350229,1.4260208905305798,-37.22119089129452,14.25661152101948,14.268072896048986,-57.092701452383096,40.29538917768842,5.339298856049415,-32.686722734723965,-19.030555481201926,16.718672370560007,-46.21405789114104,-41.13757115361788,8.884284220306043,51.93368723042057,-34.23753278338385,2.680135392093403,0.44886967056709703,22.552665948299826,-0.3019803600222494,7.922725216301497,37.086987189182416,26.857331763448137,-11.036481647001972,19.567240375474903,37.00337474729927,-11.140348693461535,-35.06374009279966,-6.687435201345164,30.32108340462269,-0.6588307235017897,8.967881275176342,-9.475689830109769,-9.19939132955644,-11.799817989267268
84,-19.837402354153575,43.39531104556652,1.658830964726876,-41.79325591577891,-37.009305790476986,-12.28428176366841,-16.82990440150964,-17.370077994635736,5.60029561652736,-25.758725616302648,-19.009030044742506,-30.53982817978133,5.637877798383051,-12.102743272279369,10.394909021783155,-0.7078342456414006,-5.172964538044135,28.572732436586076,-34.79934140362041,9.699125810647969,26.789973412829777,12.736576659185499,-15.528123072761074,-20.32037968914936,-24.21477054986121,2.0131776591213764,-0.6612647355557227,-20.905152819886823,22.211189754125904,9.810150333640914,-10.89582471590777,2.8566288281450474,4.73044502673958,-26.364206007275385,1.6948247260658236,-26.51088770613241,-9.76093649452061,4.984295039239601,-62.14580218761671,-5.553975048646864,74.00879262495705,27.349128297521975,-33.9569589841529,46.16517298822342,-29.108563485881447,54.50227790166406,-0.8282014075978499,12.843228406641355,24.108085020951282
85,-7.479492136731988,0.5190509337587974,-4.4411835245395785,-26.743361479883312,-8.450639539149313,-4.677651307058568,-15.982121203699853,-29.335265255638728,-6.562522827549083,-6.836627917687427,4.112792908548767,-6.257384099007231,-12.086322774623374,-19.699833032224625,-5.554503997153094,-1.953206277529367,-23.436139950818223,6.212100889154212,-10.876494499591093,-11.997738751565846,5.269939958712369,-27.48976935483507,-12.484113229419075,6.174370341927022,7.118505755708926,4.260352835248585,-21.5451468074669,-41.44378535772009,-30.352566937188772,28.37366899642685,-24.14687571338644,-38.74984412396348,32.16488866609174,20.444390817085267,-38.7883415670886,-9.478905022374937,43.28484397568218,1.777183058377556,100.68837466734749,-22.54324462388461,8.369834345359399,-5.428138488689809,-46.83297980108428,-40.747684624558666,1.6180124700158192,-13.179856388381417,2.8571193347233006,38.614712974096065,16.656873555986135
86,-22.8767368194818,36.24058044447752,-60.2476280054088,-27.233936807447655,-36.81870037453433,-1.996117020625645,-8.203749157280752,-9.582848348104834,23.893543679412918,12.539444768498539,-28.608375283278964,5.355680456929527,-7.375653882098218,-16.462178658089535,-17.426588776495297,-7.901783831607671,1.510983544375212,23.800787504823784,6.572102446791476,-9.018195652395336,16.169486295979226,-32.161882738659955,-6.779294518385809,9.142618941894618,-2.1668098850040343,32.68031390426935,-1.8216004616407642,-52.339314906979496,11.61314025952582,42.60569522198271,-29.027046928725404,-12.880952502108565,-4.1992410565941904,19.178098804857097,24.98120431906518,-15.446472729556355,4.4403496083067795,-14.133390414837354,5.348914564744811,-7.087735847652473,12.139522496371013,1.5989359258451503,37.66338301305055,-23.500709094000598,24.54695623506946,-4.208169213992491,16.782045468838728,19.369605422680486,8.53908893973613
87,5.103662399583679,49.437077307075114,-75.59511492349297,-21.174774600429178,-27.34301801487897,-12.523303148798343,-17.34026073899716,22.657150981104202,7.104914991099379,11.133334791271832,-11.529736693934966,9.931640822849559,-3.4660591671490266,19.82023699121581,38.39908047280734,-15.765140979078062,-24.890710752907854,-37.31161302960209,-6.793463450678274,-4.822600488553879,12.053039830446147,-46.95763294161422,-4.492926218428373,8.259026172359643,20.33107717586604,12.141672260910914,-39.961178017593845,2.7500267734044996,-0.80747317161532,0.35180004459562375,-62.737662373580264,-83.70295470945656,30.198439794150193,19.7725082183596,29.19563803523876,-29.686100390503686,29.497191553926072,14.125978829882873,-17.16697260081686,33.14582007920575,-2.6400992279658904,-10.159897564628386,18.128492775349613,39.318634399007045,-4.995200319710435,-4.534260200528122,-13.558160526045588,48.76812661148096,1.0524097329895423
88,-44.72406517413745,15.039031686774251,-44.896997199962975,12.970554673755187,-20.748524011247625,2.0141101103795545,6.8147594922445744,4.448383088448042,21.803060196040374,3.266921858989715,-33.6810826654969,-30.738914970556706,17.963305434122475,-9.812879065583056,28.566972852154844,-23.902376181570972,-13.330269707994004,28.04940712720898,7.003325531644046,7.9540380489017295,12.972003174858706,-4.832450872430995,-9.056879885165252,11.782892866828565,-19.7502465128282,29.522842997158484,28.034776192381642,-17.063574157552402,-18.426234988852915,-1.1731954841910839,5.916794186009944,-12.768569095397984,-29.506188331181967,9.351599875103377,30.06631948872854,14.285435628758338,-2.2862390390676457,-2.8539284775322153,-9.48881373687022,-30.655573157272237,-13.230852679484641,2.8003769404780403,16.70526080650341,-12.315033988875893,2.6703839224041066,-16.078753157463304,23.70196824558021,-17.97916214669925,29.647672480307694
89,-34.40621676761381,-32.454102395665494,-7.647989483648131,17.28925913507042,12.872397041334763,3.9843373520018575,-5.343054768033415,-15.247731310033137,-25.27309260888432,11.800705894846622,4.8649398965749295,-17.855329348501105,-10.16345172575496,-2.0990906783826926,24.3546383711646,4.408152765541572,-9.938816038159665,17.03066483466908,-16.80431379705823,2.168889888314182,-0.2539074703959783,-14.858042527582233,-12.587189708033868,0.5006814879910506,11.319776997235401,8.5578140083038,-14.379043564437476,-4.619386289192684,-0.8708986869885358,-1.8295237849862018,27.274802474428128,33.89872875735986,-0.01298936151928054,-6.321517959951408,13.49642424785169,-10.51756833976962,-3.027875141012145,-7.825950001068071,4.358580497714023,0.10219714326572715,2.843075882260953,24.31909524367554,24.838589464638574,-4.16548969982717,-3.347733639811144,26.98623230801694,-3.9687174304068913,2.3879999868000317,10.665602212027473
90,-54.960557899956214,-43.77118413609757,-15.131534489621663,62.35782546490433,30.336875988729105,8.160712981590061,12.52813708241502,-0.16486251137988872,-3.3386822959166693,11.930672919849933,1.0994560872091548,-20.330767727992264,-15.944569821690921,-11.726642180730346,18.644879628106484,-9.542275426691564,-30.78152010190611,38.562475209444436,-20.191201824453504,-19.98160944251827,36.552515814626126,-7.452132134271156,-20.501745120305333,-5.482738948264642,1.7727385737481214,19.698852702053646,7.193299486877514,10.630472846378488,16.346288540410853,-17.20080263187135,25.880906261075335,7.934939510626922,8.928129514731303,-4.231901793926748,3.0322676135321833,-18.36751327296586,-7.842448036671235,1.0922553819019711,-1.4584280843686788,-13.147957912409199,18.644075675553868,26.67005676785698,10.735511420748916,29.413440121132282,-14.820622350904396,-2.443013659135441,22.89123056615061,7.285982812681149,14.695883877655385
91,-52.05483591579794,-13.082208507236338,-54.16999596013314,38.19479126982213,2.824303002683793,8.903102431045813,9.685089345217571,18.95111778944045,21.190593373812185,17.692105628997314,-19.065697935368025,0.6270192998880066,-0.5593045060124145,-5.549516318568182,9.295131544774474,-16.718056130156793,-5.951568018155638,-1.0959563511017332,9.465168684149633,-10.711689372754677,5.687764497984193,-27.531967316394628,-8.477816029067524,2.9530293574555095,-1.1704738705390911,3.0367934190054586,20.99741211570616,-2.7674229623226356,2.714431681262452,-18.221836889140434,6.88727011105955,0.5589733179618723,-3.3690928001835334,2.111670607343329,10.544041601075529,-13.293282610947426,9.065735408337346,4.846319063663798,5.178003019840305,-12.57767526529301,-3.636992601077984,9.746576219184423,14.837601957670435,8.355680256560586,-2.721064587794024,-24.047096572046538,20.58298266517206,-0.04353376349346427,9.663124900083508
92,-44.64638842161694,-35.96683394310434,-4.690254436062497,30.409714263891498,-4.233864337725109,9.477911177272835,12.00193214970215,0.7160777400424111,14.201960391985319,24.48351375480182,-26.042865846077927,-24.665066387282526,-2.300011572322254,-22.826515680484253,12.587160595502105,-19.101637641177142,-29.50010623710564,39.88784381831575,14.86420360188928,-45.670170810757206,59.7087804305779,5.96944109403377,-35.42494342925209,-12.827789676680263,0.14422947913267062,-38.39456771785021,10.797764313556922,14.026638240732773,25.29088330300368,-28.235738668287155,13.536236898675282,-0.3686167216364488,-16.408260958723577,25.129577130030523,13.97580423735183,20.202383047500106,15.492956161957707,-36.45573039041749,20.90030477474828,27.869080841006628,-8.805865317716295,-17.329593980407463,19.88850267857564,42.651966155558,16.77284839200805,-43.42862428591108,14.414355289219355,7.0889519177761775,22.614619161757712
