,0,1,2,3,4,5,6,7,8,9,10,11,12,13,14,15,16,17,18,19,20,21,22,23,24,25,26,27,28,29,30,31,32,33,34,35,36,37,38,39,40,41,42
0,-0.8271353352022686,-0.7037425120985666,-1.444714716841619,-2.015099443611629,-2.2734677742785805,2.40106172033797,-4.3672694206733675,1.9359144817962894,-0.546215383073232,-4.046331231208056,-8.07960005601572,2.760828712095864,-1.889802479987926,2.219020731120245,-2.73637925586487,-4.014589965488172,-5.691951386123607,-3.419721366673694,-2.940124454025807,0.7701149227856385,-9.660588214813083,1.1042260598113607,-3.2655561064561525,-1.9122261133731482,-4.178349298766133,7.165402065424674,1.775279959110223,-5.96185908780817,-3.7445535378279353,-9.116351210329386,-5.051816967993715,3.0358152998331853,0.43626595442004545,-2.070718819902785,-5.11262751154233,3.5288174382285833,4.941035969358301,-6.050477661389261,0.29212179632079505,3.165732697725255,2.1854618784564153,-11.829307041239236,1.0318991144903884
1,-0.6829535096022312,-0.6962483906738223,-0.8689301836533113,1.5950724587364715,-8.523846866997387,10.546664607029392,-5.731936574894347,3.8814344880340075,-3.0574101672061547,-1.8212481351057523,-9.197011200256505,-5.859737941567953,4.069492370082602,-3.5047799198834793,9.526304497160666,1.2403756907348369,-8.583039903698076,-2.423675819850266,-19.979100096303522,4.597672520927009,-3.162865290419657,-4.192803335797318,14.413987608717902,-12.269552392531443,15.11934294041417,-5.480359573308174,-4.981260745297782,16.58327649374118,26.22574122048199,4.2553048536850175,8.251896729136217,1.8681344042815906,-18.390447427106864,5.068868755220737,12.420245289315256,4.4405573681431765,11.88102582939711,4.130200753557264,-16.882019143703207,-11.578609276300554,3.8916805728073913,7.753797423105182,-8.076635150476143
2,-0.7023659467436235,-0.9504653847361212,-1.0579067769215253,1.0932324823245645,0.08009945231261167,-4.297490750741347,-1.01040734432554,-7.473176810971137,-6.249939184992535,1.2681142760669348,4.210772032053587,-2.9196871786667637,-5.021224411778965,-5.650266218190524,-2.5103887033022954,0.05225863626577375,0.42590371796262616,7.923221638083563,5.5520894155689495,0.8855656042800317,1.6791895572725468,-6.132029029306906,2.17664742327708,-0.3775838566289201,-3.544631159956042,4.9931483074279654,-5.187476133804782,-2.1165436931438477,10.80518173561009,5.003430521195266,2.240822927207022,12.390813586448907,6.606117627261819,4.314651794581368,-16.62741687223883,12.351642539318028,-16.163505081189058,0.9286416895343188,-1.1223996285683973,-6.613279738469653,9.077938482899091,5.87433376851639,-4.25691346935175
3,-0.6987292505445697,-1.076308479018582,-1.419722345736893,-1.1823092267633433,-3.753820293768054,2.3284939970471092,-2.9925664826745138,-2.2641383202245997,-8.994592357587747,5.475718360987071,-4.296977772929071,2.287442773735569,-11.706071013817807,8.722625114987736,5.771389385113707,-12.073124652917949,-4.006850462225347,7.137610257056085,-1.9047510465734196,-3.1898658876796357,-1.1214063720595178,-0.22649264203683406,9.659799349629616,3.483786475012673,-7.319140682188808,3.0817473770002315,-3.9212236183038454,1.1317097932814406,11.276979078969445,12.837494326116904,-16.034230590992397,8.000892631751075,6.183432705072535,4.670849757055726,-0.5558062217125032,-8.430067420137943,-7.128642316763727,-4.7047684834957595,13.930933857147394,0.8171298657555626,-1.7066566600242055,24.65679067526596,11.229368494687384
4,-0.8175008713386824,-0.5404577306690147,-0.8841423851001009,-1.0101064942049403,1.8200528909332385,-3.3335202494494776,-4.503964225932652,-3.205364366642152,1.9603117556473528,-5.903129948158344,-2.923023983910971,0.4364689557223661,3.4997384055440057,-2.9328831111377855,-0.7897281637985386,2.1261644939539974,-3.719786794443042,2.385155381785914,-3.247313729514768,2.312938177344252,-2.3529116952250844,-4.409039203262564,-2.197559179668258,-1.0603229902776918,0.1658379671779633,-0.47961243339511456,3.283110926466161,-0.24527871142694968,2.874915372204224,-6.3127360775589585,-2.0784361771188107,-3.7084443770610034,-1.5921510294483772,0.16515312242786942,-0.5431516491604748,1.8046225412907981,0.7870655979018232,2.279515004420838,1.6934397782411759,1.5168979421189472,-0.9154885945885728,0.6870055947185719,-2.7086960254144903
5,-0.8589216959325484,-1.0496267117014713,0.5259531118146598,-1.9404097162190475,-11.436140417313114,16.21722254334423,11.543780738340255,3.912157555732309,-9.661731916104955,2.9781281854944135,11.43085945743568,-15.390989626220275,13.617130821952683,-4.050757171399282,10.578080181700672,17.424923632950893,13.90031661642255,12.883044856032003,-14.47255154493927,-12.458730411025853,16.355884288094295,-15.220165897316473,-20.78242369219167,31.62154900054551,-2.0330313706962726,6.737017029216786,9.442063155814434,-4.438891161121565,11.064163040620704,-9.486736643580777,-1.4911891473271397,3.352915889086012,8.231630458262293,7.926153673143582,4.198840625601582,-5.3560786651372565,6.482595480904088,-9.026520686699882,-3.5906516725497157,0.9064851144298683,-2.055298520165607,3.1602402162849885,2.7667427634630393
6,-0.6830617928763629,-1.0425804809337225,-1.6009560710011708,-0.7471959354675458,-4.288117032938847,7.490410261625986,1.6666731827697543,0.5570038288062562,-12.163531084822203,8.740762441880063,-5.788847571915812,-0.5077507565923302,-10.5010959373847,9.898135591017343,3.0706457496211277,-11.839456655061033,-0.211507944969,0.8501344378502984,-1.8932334007650764,-11.435109009684524,1.0376070679326121,3.2735639171196103,5.5051521862034605,6.843951722069042,-6.098438434234499,1.5676142409708738,-3.204798051436094,10.418409598601249,-2.6163141822645652,0.8289713071484452,-0.17843668210858699,-13.490178653037256,7.236952789293091,3.8880888742247444,-1.7243288747832142,4.3578117512978265,-8.036550218862827,-5.807243382481082,2.457558644674016,0.9664183467427149,12.20327760476445,-10.01047434843653,-15.554753650070326
7,-0.5824803833045987,81.60649294229908,2.5116576424966177,8.784400491046348,-0.6203450149500546,3.3774017994898626,-0.47684304354817864,-4.623861330604629,-1.2485236379016444,-4.906414581664273,1.093903908974378,4.126917229101955,1.1193146510505616,5.315822816614964,-1.7750518549904637,-1.2450377198250726,2.520449380701014,1.9884008130302517,1.0431726009778175,-0.18397054382382935,0.275854929573184,-1.1194946683855227,-0.6950996637759429,-0.40746632024295804,-0.5204711874765,0.15925203436112684,0.08918497676829318,0.10683110267322526,1.334965777087466,-0.1763121170914373,0.366784317606697,0.2779120553767401,-0.3536017518815888,-0.5530236561763839,0.17567671983676178,-0.2089596933446868,0.2853568433770944,-0.5257462521615928,-0.24628286651731449,-1.0987834528333567,0.47091845105811525,0.35561810703976066,0.24753137492356964
8,-0.5937299360148378,7.028925722575267,-0.5137401476681405,4.606974656558733,0.32861970207561997,-3.108922193123459,-26.048759249904485,16.65370194826953,0.8850854188960627,20.53728154026372,7.151523859625327,-38.85121449432939,-14.306772676511086,-22.704964591718856,5.394467256435978,11.989574373755422,-20.33411070071212,-22.362105533883707,-1.8353828417193858,6.3486911939889294,-8.793010286891686,20.401347545570722,-9.858544624660764,8.94399552851538,-12.956136584883511,-4.9477105790516696,1.475357031934649,2.836647324022988,-6.199056751277201,-3.97554543557713,-4.5621124938618856,0.9188524208887096,1.4338668926513123,-0.03909170288788128,1.0915236845208263,-5.217730827192017,-3.2040190867828255,1.5965313172172957,1.4836701367529581,-4.831227050249023,2.9758918342027925,3.327366497758702,-1.7117293819449815
9,-0.8031590510594899,-0.8065431583157661,-1.3800829547042486,-0.07760402720312021,-2.399148885254622,-0.6949290880911294,-8.179200743774022,2.8565132744823725,-6.227036771734716,9.729059700787836,3.3421478233906665,-1.3907756119013261,-12.35813848014541,-5.7760958727643485,-6.204728483229158,-5.003116890260253,-1.479169847372025,3.289782062590636,9.653715110041476,0.20573458618037022,-2.7369993797395944,-14.845291282534438,4.7376204427388915,-9.758567552543262,1.3022994671792472,10.284970155791044,-13.642034836449856,-12.35439382753881,16.91976231715326,-5.6434297469343315,-12.085240457819944,20.96896516422726,12.366688417450652,-9.514678229104428,15.776304868319063,-17.209745933319557,8.063412398291284,4.489897784619448,-3.9025434505182117,-3.373265086314086,-4.408562697934654,-18.37339912574975,4.906786291427482
10,-0.6914909038377272,0.13827683465912644,-1.0772559795854846,0.17203888276728557,-4.214133197213385,1.90886767797023,-19.184858218306537,17.228126472825423,-0.8830373619311074,18.028932776359028,-4.518682282041945,-0.14366546162518457,-3.0259325104663692,3.313752493543815,5.267806108277674,-14.590065066811313,9.656329808632783,-5.435098051491191,7.308700930446846,-30.800691726202647,8.708935896851509,-20.17315033663992,13.625173620063086,0.5063772812148077,-3.906186673945422,5.041060292035812,0.22973971567586868,1.4155408049133469,-9.859399787930004,-7.488106483185042,16.562556572910346,-15.56232959982554,-6.9671731757468205,-23.42555570994563,1.357054754629476,-1.2315772387312434,-3.7908177110787356,9.405945936744645,-5.694312747773859,0.36705659727101975,-3.310108070252977,12.515133472411236,6.483053982796774
11,-0.5342795254340821,1.0608148203877426,-0.6536468134895137,2.5217408165246353,-0.05747399277599412,-1.6257030238264423,-10.22310111530755,-3.7990756982574125,-9.514135148913757,8.400285198103434,-9.82560248459592,-6.1184649895174426,-2.045449467851017,-4.480237179612355,10.313791739005369,2.353949438380802,1.824635572872534,6.031477157876749,-20.530864589277748,6.9521362656104175,-11.126302368084945,-11.81711231546796,7.71049648575276,-5.889937774956311,11.409970334628063,-19.460446089942746,-9.926828937946116,-17.423103337733483,-12.168072434123484,2.031754478282407,20.49358955540295,-8.141657329749492,25.2774070039818,10.846309397241324,-4.341686065481598,3.8857703259751992,6.776076131812811,-8.863757121987769,-1.7938756971107384,11.763229501408436,-8.928808008529257,-2.9242363827538815,11.765258281968121
12,-0.012932838354407701,-0.41728395288809106,-1.8294150145586265,-0.5504630465207675,5.084207653599592,-0.9818392306257056,5.3829682642997065,-3.2608765551202965,-10.108220133632363,18.342392456958088,-4.101162950442772,6.315406270217606,6.630029488447352,-8.11740309937283,13.837207422964138,-23.285759344962784,9.089914224406867,-4.6765569191718495,11.909193216248612,37.57567958484519,5.661413759539199,-12.656366214754975,-14.472437661979216,12.35161329540573,5.761698269867917,-2.930207078353993,-18.005629332860686,14.692883617954068,-7.46896743712924,-19.55069512821343,-0.4706528112919071,0.6806992364628439,-17.489773922365824,-2.330561691992279,-0.5172008003079719,0.8428521762243045,3.429471019015405,-10.965707160698715,4.9519032605140865,0.10489533321642402,-0.6688539246703995,4.800319534125029,-0.5464658234213137
13,5.894705707676446,-3.924847377242971,-0.4054913255160435,8.911124336604674,63.26661538815867,48.02805665435917,-12.317721918087381,1.0016906152105862,4.340471100239473,-2.7575204027019287,4.447275973175708,3.1733648131913887,-3.293887858037909,1.518166331268631,-1.4132219284383605,3.304831053799987,2.357654746873512,3.7139820818186804,0.3597729929180813,1.3199178713271904,1.136190869813889,0.01756942359741901,2.4899306240624273,0.407439732163155,0.8939680971145278,0.7875025886195514,2.4070059901490803,0.012333866233620018,0.651393211124951,1.0649009193764214,0.2554651467489399,1.0006592833124677,0.5821790997266518,-0.20915538924864743,-1.2320762323314014,-1.5682969972008443,-0.16071105466752214,-1.5557209444944455,0.3638206434567544,-1.7022797459724577,1.1364386518072334,0.5739948185333865,0.7103690985438338
14,-0.8282577029383088,-0.6021803843135016,-1.1906698079061402,-1.0255908775076934,1.1143262842915564,-1.9201412736907608,-2.23644500907724,-3.4026274422283365,-2.826720654017112,0.8413969299715768,-7.066152985231786,0.4163318658635776,-1.7195229941703523,6.484745243190013,-0.14778892051930725,-0.4403865544710311,-0.7424373221530841,6.079688345271593,-7.676294201907255,5.174732905443804,-6.802349159759331,5.473996405244916,-0.5292847219316364,-0.06892690947431906,1.8780846009792191,0.2069800967415392,1.139978841424907,-2.998112992684889,-3.6045632586508205,-5.139390871727368,-1.5428559522676628,-8.026947092211948,7.487167442869734,1.6333460285958996,-0.7844779851670625,0.6276702328016724,4.496874732307485,2.1667276816259724,-3.663466783511695,-2.51976185215434,-5.889810486584213,-3.81878669228616,0.4147555558117847
15,-0.7835557512550265,-1.1739272571337416,-1.3695095969064146,-1.4430799715795686,1.9793259021228435,-2.7677912895035943,-5.909199529341223,2.508105381822489,2.9684576540542613,-6.633682982728109,-4.967353208588939,3.122884631980945,8.008307930542827,4.130370233447255,1.859258947822455,-0.6140091991772433,2.294858463587694,-4.225956486675573,-1.7571250669723408,-1.592787595210581,-3.5843213445885844,1.1870352348528352,-0.6734572339923697,0.9365266917924312,-3.9081938561222227,6.233156062150993,2.3863028060200326,-2.6894317394005025,-3.299595615571377,-6.499407261608908,-1.2539651054753196,-3.829239118376249,1.212355594748914,1.5963546637781443,1.2496688488054117,2.95073748327431,2.5981365165568264,0.812902420830342,1.8957053017097238,-2.541388214909468,-1.2037338197372245,3.108979997923579,-1.7118886395139432
16,-0.73731824253925,-1.2576799432027346,-0.6344603413492425,-2.168911744530155,-6.547785046199017,7.264871498804801,-2.858223030368648,2.8723961822175283,0.48864578244133294,-2.3524673709057393,-3.3601358703197466,2.64860782933395,-5.093683563535043,3.848861975493038,-0.8779851607778927,-7.54512352439577,-7.029080988791451,-0.4934716430350629,3.2033666928919895,-5.142823154766871,-0.961756633607589,-1.397458435444411,2.0316940847160954,2.568253339294011,-1.5099429008145504,-3.0300487181037417,-1.3113841277947638,9.64906623803096,-1.8511026000808795,1.701308225723965,-1.4149832479552482,-5.526849435864394,4.191722000753593,3.553110753374964,-5.33462802098528,-5.52526785741277,-0.22610620901449113,-6.426179317080812,-4.298605374990477,1.6053399171730256,2.60279918378061,-2.9454865765031215,-5.875926410072164
17,-0.7231868022686893,-1.0861197109331255,-1.2538652959176613,0.2427220245722619,0.7572246115322389,-1.8224399651688072,-2.4381463128205185,-5.557174801846141,-3.9584296706559106,0.33257428100753833,-3.3386654045175366,-0.7234257976494923,0.2720186895163894,-3.784920818217007,-1.2764495505533753,1.4756796314845049,-2.5071051383528964,4.179813676048794,-0.6268596447999787,3.8876643867739,-3.101951206018599,-5.4470256314545695,-0.28963390859398347,-0.9119082807965293,1.9291460429297183,-1.642623992272149,2.044142437946957,4.007193592281661,5.179425449340824,-3.7276075678605842,-7.056913279293643,-1.958822899870607,1.5538349830915181,-0.9611547961688064,-4.882839463684242,3.85468239666222,-3.980312474195709,-0.8480248180448305,2.870931854606523,0.5659920578848453,-0.09422337219626561,1.7378743614619554,-2.0178598352100394
18,-0.6566892714456847,-0.9499483161673535,-0.453131488655518,-0.5117048861448129,0.7832198638765697,-4.300349096571729,0.3181757634015518,-1.1028024494270483,0.8852330421217989,-2.8814956006230306,2.722098725646269,0.9076225154558143,-0.4342246085713202,-1.5024101848242377,0.38837101481265973,-2.545529015015049,-3.240325121031575,4.029774154554727,0.8255020351716807,2.4617942161123882,1.0241434598657435,-0.4945820511482789,1.2495403742281346,1.1254959215245033,-0.6439117795641088,0.7585404944296102,-0.2765526364401706,2.963542257750063,1.1728959633480902,-2.5141857468540416,-2.393866740899359,-0.9728602750624775,4.67927662745183,2.71228962796881,-2.5478479371865963,2.5704203957384877,-3.5502888974367313,-2.8883383360306873,0.5418726919726973,-3.900724228008374,1.5395659725326147,1.8733044228149789,-1.6765130259648837
19,-0.7501766007785492,-0.9803360243066636,-1.3916100206303044,-0.7392255659722369,-7.74218866945248,11.600100575687005,12.057044205428792,-0.94164825174385,-14.386481078323236,3.920597874498876,0.16115996852151332,-2.649992287126792,1.0628227007637872,-2.7654075317299918,-1.6771618142086613,13.071530420278101,2.57231344859683,1.6921285689166519,-6.546922713219282,0.30614640424303596,-5.104196161479916,2.8932948022048612,-1.703216121491286,4.234198403039334,7.746981138485366,1.321493212981641,7.453191239445674,-0.30157093377946376,7.666750524764574,0.43017238382980394,5.32433401298762,-15.360296846994341,-6.130001029476194,-3.9650430618512815,3.491007968956467,3.4373492802695016,0.08700293615834748,9.299985252067502,3.146114902522345,-3.002445032689981,20.392047225156954,-3.4986385848338464,4.3868668936862685
20,-0.7583362189646622,-0.835551088409289,0.0879577949889605,-3.096508540034428,-3.551525567960853,0.7137700064541118,-6.453590884154862,15.247325613108194,0.09473255895248978,13.410092983984613,4.275588007565147,6.068056746808205,-10.492654135602898,6.680007093774772,-11.062347803293926,-4.552832548655222,7.575159922080244,11.076608099490874,12.364234289689938,3.909616929223403,18.511701127348072,12.347476461341957,-25.1260809801949,-23.801758573150913,10.969790673222173,-7.953582173054401,2.0649105567325345,-11.954485473142702,7.161741340109262,-2.369650533824206,-14.70026022004217,-18.530045845376588,10.886531494080884,8.171071250332767,1.3786909042164035,-2.202000224132593,12.312110304310723,0.9002714568086568,-6.9804898435324185,-2.5421789138014597,5.972075332595421,11.90707122743605,-3.1216337912331626
21,-0.8546194535710335,-0.27238563258021237,-1.699724675973632,-0.952041123624063,0.8155243166602696,-3.973421549603811,-9.082917888520475,5.505316917259188,-0.6761035696086106,4.99618133122812,-7.515207421973356,2.9620926162300982,6.8508611605550715,2.6345130696292265,-3.6909028629608707,2.8409867893926353,7.662964729003491,0.03957785117492345,3.3791806061714564,0.3781283548229598,2.5434662166300197,4.138962633027262,-1.5126939887289876,-0.03557728620247201,1.520719813395268,1.842576288409519,-0.36282925856132014,1.595518527580302,1.235991041270303,-2.651668252434149,-4.882229237472736,-3.962357266864391,4.009674436081535,-2.2582377646263585,-1.3170469302582857,4.035252152279455,6.295832821793434,-0.019768309356226144,1.3427242857432966,-1.2994414200067133,-4.684889507800546,5.469343442136077,2.291845537834592
22,-0.8153145522386007,-0.6331933941856474,-1.26362318876329,-0.8678832693603897,2.025489783144308,-2.8307705909466505,-2.855370805724429,-2.9319813011380442,1.6657398155332306,-5.027088803597009,-3.5675452798126726,-0.5664637578830395,1.3709753969784395,-1.0238700592711154,-2.064544405124161,1.7181096594126408,-4.346738187689475,1.4931635719785155,-2.005718161872233,4.0822650677893035,-2.513716506086313,-1.8963273629860402,-1.7071301888988637,-1.3579625631369707,3.753934491008132,-4.446218458494597,1.9461691470859355,-1.4119187898162064,0.36518139558507745,-4.532015757697004,-3.134453004672413,-6.569309649323655,-0.5490895132769649,-3.710648002697506,0.6872243257328204,2.746804506828095,-0.19903603273435713,-0.22234617906364745,0.367231796503003,3.1314859715508225,-2.4143773838793154,1.698133154190801,-3.1870187733461397
23,-0.7486997711136499,-1.0797399908902992,-0.8720801050092943,-2.3037801983573716,-8.505854021082268,10.72293909866588,-3.49025220474789,9.165234940002373,4.763382947429023,-6.680984949053048,-2.4189221827097067,8.240685560443344,4.942450244958433,-2.8141137340917775,-1.4931836012770852,-4.471727975276328,4.485665770188273,-15.971149005468558,8.482268594449174,-9.449013482211704,5.941030060534209,13.020074828413286,-5.209067642256813,-2.8680596642669456,6.630930087108771,-0.3867292928662578,-11.970595721768289,10.754251905042645,0.12188570360037188,1.24581612513719,13.41260494101116,10.609122397666246,12.96509786632163,17.076761335773366,21.598725759254574,24.164720548308996,-4.635230170918072,-8.731513551264987,10.117395450688697,-15.061483915618751,-3.773887125168204,-6.380815148659617,6.633519038886435
24,82.83298955368119,-0.021608597265148112,0.9483054342240336,-1.090055665325473,-4.967810780018463,-4.131465591724166,0.827476777771111,-0.41209097504994807,-0.36527829583257077,-0.5589472082052319,-0.011054166436867536,-0.4301841972105586,0.11147321874427168,0.3290370351262854,-0.2679629953857042,0.200674667964832,-0.056622725473786994,-0.19347235465934737,0.004619623327406917,-0.5803192114170398,-0.04230606367960377,0.23557649527686522,-0.21396383193658897,-0.07733554222976377,-0.2001828639640914,-0.10937372147119574,-0.16701501747922678,0.03093706409431013,-0.018568054303959643,-0.10778467991030413,-0.019842136056773197,0.026196204975450717,-0.1226184504284696,-0.10607798516158082,0.19003172865381385,0.04765853518932092,0.0676287878127113,0.3161018617400368,-0.16399319076085173,0.15214456346306796,-0.23549027485400748,-0.07043470537104832,-0.03844569051599989
25,-0.9561142775943815,-0.5936652611986496,-0.8559485635063029,-0.7873597854450809,1.2176778317396653,-4.002702202321373,-3.555356026192214,-2.4571232422078224,1.9352335614373284,-7.30715449660495,-2.026320483980128,0.6141553232663857,0.5278675378809893,-0.933602576660137,-0.28190133347371865,0.036796756653956486,-3.156511876733927,2.219601996132557,-4.296645639535694,2.0421277140272687,-0.2249501807240783,-0.8685241931704688,-0.18500643549992238,-2.2003922831010643,0.7232237774818935,-2.3734155289444967,2.5776291364488424,-0.8670015773913312,2.897127134946626,-6.262025818894152,-2.537123515467813,-4.280901898636171,-0.5598191172669398,-0.8188164825603157,-0.10254455544399113,-1.3806884677222668,-0.6243767121864612,-1.6060852956264433,2.166199190179732,0.34545418290397917,-2.346886621956245,-0.18482015527101592,-2.418696641484554
26,-1.8268458020863796,-0.8759977880541491,78.97546816471278,-20.356931124812775,6.00334177304935,-3.8247134301244206,-1.8543170129130258,0.8573398334487521,-8.463483081403638,-1.5258479179932976,0.7500824134262478,-2.7725704987565614,2.5244453106037144,-1.0091687535153173,-3.8450509695573056,-4.040249179095709,-0.18192812677662099,-1.6741071331068789,-0.9073831022057663,-0.26876065420682543,-1.1350554781676838,-0.05171653716473796,0.5917006408651191,0.5702115675453227,1.6148497409418363,0.9980231952210339,0.553205607698512,1.7638262915378107,0.10004038463887902,1.9861310868804007,0.28417146361034284,0.026702971973601428,0.11015702254971477,-0.6447125326029217,0.5092383103549045,0.3295872735468512,0.9816441748439659,0.5596804767350291,0.43905995135331255,0.8843233480330397,0.5737724810364072,-0.49281909039460636,0.0627337939387875
27,-0.7223476629116373,-0.17087257686491572,4.934584276855076,-7.08504249403622,-12.107914653125377,11.340698116154783,-1.6642757234752639,-33.2745356837152,45.65991828473038,24.625184331789544,-6.5039180820709,14.301492333272869,-21.437893255183294,-11.030561534196737,-18.528885871309694,4.019226374643042,9.142973023497037,-10.448474835514599,-20.736090581327627,3.9904746447876778,8.719783895444351,-4.634980187949925,1.2640767419365526,6.387743650794672,-5.678047972322447,6.478442621402554,-0.9887453628329077,-1.9047798342732303,-0.8035760504984167,-1.81776651093039,-0.7140929086942406,-1.6438341117766957,-1.8681811349164257,3.538231114872779,1.5392081959988253,1.3334675514146614,0.1575738451351953,1.2021298582092084,-0.3399324740324997,0.6052869827658051,2.1409914814538946,2.3141879883418244,1.2177592280920506
28,-0.8763917830684621,-1.393941698468131,2.104898255336333,3.8608882145287176,-10.483913403564136,13.020628060586795,9.727644341282705,7.415187593616363,-9.668572870593817,-8.319500480729904,1.2626307624926976,-0.4989531849225505,3.0801641202628973,-6.585337131981828,-4.407195405291785,15.147809657647555,-2.189747193159372,-0.14724333119635327,-6.761060632691899,14.893808069853788,13.081787417669073,-0.3105562380071799,4.515978962949857,-17.612861270926246,-11.947763911044422,25.536828182558025,-8.243592048215934,-6.3557276749625125,-19.096621369967192,4.820225502231656,-4.223519751348376,-11.445349596560547,-5.115233706042526,-9.675050161504705,3.6585475232956903,-0.15981924755069235,-13.841815372595766,-12.174194449491257,-13.4965013065474,-13.586579809727187,-13.151346263553421,-1.9423903679537156,2.86893331718771
29,-0.7227364607528979,-10.17893959553198,19.920302924379083,77.14388005073884,-10.04525630807812,-1.9401908037943563,3.685434808375953,0.7715775544854016,7.099009934690704,-1.63530952348122,-2.94962951955319,1.5869922907060572,2.0041772885269853,0.32726531336278836,-6.221043912379185,-6.260746749481829,0.5816341117463656,0.46929428809262447,1.5817504056796392,-1.686615739969654,-2.527223428106283,-0.32451573478410695,-4.124036938713021,2.7164333114686605,2.1536272814382005,-0.7410427993686559,2.265635437442395,-0.47657599102704906,2.033320966307374,-1.5968487006873968,0.3893362429564614,0.04513436668219262,0.4150653596187643,0.7189394292205525,0.3342378852215143,-1.464628978024898,0.012849095270659734,0.5545430407728655,1.0198591937314252,0.8447837348292231,0.2960524533558704,0.39961989200151055,0.33737261788320305
30,-0.7675321513871782,-0.6005473999190991,-1.707558097874262,-2.928586447470384,-7.3634124082944545,9.60653553323907,-3.9646628554693906,5.361063541670478,0.4665554382032718,-7.116828183895701,-3.868279288574104,1.2430080415880371,4.988635260200458,-3.7355140046342767,0.4532661786682725,-1.7200364918060362,-9.409253097579152,-5.207433409588514,-3.3271172174380492,-0.3218377176738997,-1.412797712813259,-5.61720781961066,-7.663700957056871,-7.753939200845565,4.293923368081684,1.472542921936205,0.010509452370159503,11.396496985407737,7.401300966265037,3.665658700695266,-0.8990869484947163,4.351626940149378,2.2324124783087793,2.9082218829941766,-7.918736600633299,-6.59465498524574,-4.838903733457991,0.48508063409574587,-2.090961747420182,7.578997203851152,-13.50090892330325,2.2760236656904422,5.1856201371055715
31,-0.8426964240202727,-1.18980290702969,-1.0482132837160139,-0.15097910465304698,0.9682079194795812,-3.1949655084906254,-4.037541398899622,-0.9597929492282513,-2.056661287593691,-4.454815860514298,-7.846825905903279,5.75971550654188,10.820639086321588,-3.0357230494491207,-1.5624670041383053,5.449901335449461,5.819828022132544,-3.479849765049613,0.6768099630158954,1.7326790887581816,-6.125999233139948,4.245455354606463,2.95859811946396,5.461409885584734,-5.311930597046758,2.7500747138654105,-1.2340477568925527,1.0023206728228284,1.1874129719547553,-0.7207388475278956,-3.687596307256931,-2.3353026758547744,3.539210727864898,1.0649744948475388,4.811937093738488,-0.7286094216462794,-2.4375691747330137,-0.38701938991406154,-0.05640147761851867,-1.4921368543046685,-3.6380948089422382,4.2459882604416475,0.09573896729919756
32,-0.9140396706138634,-0.9717401106342898,-1.4555365415480106,-4.489948852340053,-6.943928693245934,7.089165188152654,-3.676903339039566,4.40691120839463,7.539078507627517,-3.4693960721100146,2.247247132568296,4.580879082711729,-2.460860286061142,1.8543728921558682,-2.1147937456660495,-9.640281641880073,-3.2387311660210303,-0.07777767792738749,4.614507295644061,-12.460341070023006,-1.3144611089637337,-2.7555010352034737,-11.850288290398346,9.43796032998043,3.9980251314779114,-10.820125605337642,9.254603759722736,6.8444121999663725,-4.831948345210005,2.6547371880103996,4.364684871445034,0.6892427257213702,1.7644670570680627,-2.675293321531557,-10.025553882118869,-2.674011293083395,-0.3994685441260704,-0.674901766068132,2.3109550961783656,-10.93264122381424,-8.419245409350067,-9.950745440071415,2.198518553840274
33,-0.7877909716917605,-0.9265862456188932,-1.7735649459656115,-1.7103620359610017,-9.69030619487593,13.483107212736055,3.1452057108694915,-0.4881552369856288,-3.326545895685112,-3.2184485006106507,-0.8796713232767054,-2.0558204032351908,2.809459646682899,-2.812596896069178,-1.9731406999113266,-0.9880978950488706,-4.467304413441209,-0.8537525371697473,-0.49140930814320566,0.9399115855635584,-0.08996103384361653,-4.922996102767286,0.49524010038809174,-4.130495259943929,2.772190154797778,4.505006190885613,-2.6844769266022555,9.543961865298241,0.38485127393800567,11.110132939816367,-1.5412673092185813,3.4964168298698346,0.3605253226849481,-0.5937841292157919,-8.058910095335525,-7.343419762624322,3.577793890598568,5.820672155602823,-1.3189312867559455,4.657190894889135,2.627354231224874,2.4096590737152,-2.9376158682589493
34,-0.8146579356577477,-1.4017732671706729,-1.1446438005206299,0.6914360649239025,0.16307995954471194,-3.35008849029277,-5.08285264098039,-1.7224217148834906,-0.3341524383692006,0.283476428246385,-3.2291318718432915,1.5494492318293371,-0.13898624714328825,1.8794150712078956,2.259673822130529,-6.5398078109818645,-1.6852293395770404,2.820190615887464,-5.488296306505754,1.2349617352066362,1.4658452732732117,-0.465375583407858,-1.5216614822373462,0.3000321831806577,-0.6506838047488168,-2.587556929287812,0.497967295014455,8.557525870063364,1.7226744937819134,0.21729785990419173,-2.0257051950532996,2.098248167368524,3.913173233285364,-4.201511666314959,-6.737677150085506,-2.3950046829374085,-0.8726419683073778,-3.6727721321560534,0.7925633788018274,-4.094060281472155,-2.3566870866884098,-0.9189561214042545,0.7034817331921589
35,-0.8812194258393731,-0.725618219119364,-1.3455513749850403,-1.3974326285470495,1.0755637806116716,-3.800786668981543,-5.0193688096581495,1.791214345762448,4.960905313341385,-8.139133717936332,-1.9101327705289457,1.9580431033435315,3.2707029302390587,-0.03269904413278516,0.6611526499848392,0.04519832971228449,-0.564440975116709,-3.4239541424946993,-0.43162336031252074,-0.4591815131159228,-2.8561159747668725,-1.380239628570211,-3.2509768574406426,0.2764857737546728,-1.9852389445450394,4.979449784122065,2.9285438190796143,-3.837066757151856,-0.6055578748707603,-6.195068063319316,-1.3775459079920784,-1.7751612674203259,-1.3852312438201657,-2.817592690045584,-1.9903608117841434,6.004528595000662,3.304283845194234,-1.9044463578240403,2.8442346393104043,3.790165803371567,2.9793864218528054,3.1298490499394265,3.0446502766438583
36,-0.6951736949045965,-1.0350332360160766,-1.6195764800663002,0.679296071203447,2.499919673353833,-0.29728573614565607,5.586519777185216,-7.91740547916723,-7.062319922412665,-0.8082102387900199,-0.9163575805835356,-2.059691839289656,0.5144301629345344,3.558922735053104,1.585147850471193,-1.245284642054924,1.335457159567976,-2.0661109110164313,-2.064577911638045,0.8250968091663577,-2.6257891423758317,4.235977442069267,-1.92851853589498,1.7168805972338688,-4.323933578067263,4.538532200189678,-4.151518579037383,0.2260800253385854,-5.701558759480128,2.4809751477999593,-0.18585048227127274,-2.688464002617498,5.710007914640144,0.1999850024677753,-0.6561767958032955,2.396439756681425,2.167355077147402,3.543415907576384,-3.6230254759728444,-1.2654484811080813,-1.2165363498966268,1.743842609742302,-4.2109367796331325
37,-0.9224700809640232,-1.1549301952478312,-1.0102078291854215,-0.15193343207727697,-0.5749055211378612,3.7471784208125247,9.98096381338493,-3.6865668751143175,-12.221173390717535,9.493192920620329,-4.444126239596336,2.432697411572614,-8.925591098815998,4.1789462087068365,-2.5232814290894696,-0.13366693781942962,5.17358414925972,-1.9655244101183067,-3.4904226952939443,-4.761840091957409,-15.75954397663512,16.036017970733006,-0.08003624182642866,-5.509857952458489,-1.6865994132470894,5.504724069940615,5.79568864502092,-0.3025455795881704,10.624783291512522,-6.54094136256807,-5.949669139668354,2.7827903794253546,-11.422571082335388,1.7836740616387072,-6.269980254835204,13.098388607241594,-0.6704069713947193,-5.885960083374324,0.23126859521696302,7.17831636372485,-14.3853201018102,5.193460096498661,16.05628656441583
38,-0.9424446555441921,-1.1685514988231858,-0.9404546559548073,-0.9196273222806192,1.327970557230067,-3.2163764101990164,-2.759171597183281,0.7526731368159979,0.013735714018439565,-9.265711112574733,-4.42326610397586,5.775288209471469,9.074985313518534,-4.288397616352985,-2.096598544540685,7.328250636565918,11.426689168389048,-3.4768265838697867,2.083509228159536,0.3178629268294437,-6.6340579592117175,8.617940536311922,3.723689294036925,7.204897006132053,-5.048121772514671,0.5710003297119151,-4.7272626416149235,0.27033219650983625,-3.2326756964678482,0.5472238842569979,-0.06308479362948839,-2.940742209417735,7.950095488484411,-0.2952336083972797,6.372565663598548,-5.197149459632944,0.9483365478533152,1.6660054459428426,-1.1076812729161654,-1.444350930102011,-1.7371470602735575,5.805384875646302,-3.262892595458753
39,-0.7086557168827828,-1.0960196827489386,-2.5703216429750797,-1.3784620352847865,-6.081786066836191,7.721968867420413,4.5792235049969205,-1.8403517378598162,-12.306291858464073,4.222977338268011,0.7523862387138238,3.197606357403057,-8.855311138701875,-0.940797329199498,-4.553186419422507,5.657028003113721,6.752598129062541,0.8479828818477165,-2.1384452184146183,12.301768705943935,-13.694675802622706,6.102821298550903,-10.585880992984194,-6.275487782945522,14.417005839617122,18.197816674279093,0.3752802575983079,-0.9400741264192883,2.3382911100775656,3.992843391969729,26.126424093397326,0.6999212737203313,5.94836325820358,-11.65436447616925,2.1519575406262166,-10.834176350224595,-1.9907569764248558,17.9736035470129,28.662132330640755,1.881738908062647,3.368920637573917,3.982812470795807,-5.063159804756499
40,-0.7931877046639538,-0.8877527002021446,-1.42115153826451,0.11135641432550653,1.107004551922954,-3.710968261168428,-4.610951963675403,-2.5618570512598238,0.9584912677802444,-7.187833804877536,-1.6269310994353618,1.147540308117384,1.9625874013336253,-3.083454983229704,0.8767414598362174,0.9056283334765578,-4.193045611085128,-1.124350947187791,-2.389749574021699,1.5259302252445837,-1.4017684679738418,-0.8958791151873368,-0.5897267521933847,1.2073624436067987,-2.2736223996704106,0.5109188901157894,-0.21415856713376846,-3.5712329913075362,-1.5425003808989013,-0.9821787971357739,-0.5047913019213354,-0.35796793514928393,3.003880527138793,-4.6658095801754005,-1.6990390173762484,2.113884189437975,-0.608916705111655,-1.0017530941142634,0.23551586466293434,-1.7849029836191226,2.1125152302369035,3.660082926850727,1.9933490505888884
41,-0.8284173706348104,-1.0853616760913516,0.3251490504315402,-1.4643222950846613,-9.679185439729785,11.691145761020561,5.093268916264782,9.359328256160856,-2.498155287005619,-5.592440068361126,-1.1314519459100065,5.607488950000539,0.532394369606222,0.8017124596399325,-3.6881802046917476,4.569169671668411,-2.3791900751731,-2.659743352678043,2.2345714402888355,12.061160892026546,17.477793311962564,10.18946515994307,0.8194304301685185,-7.153841810307673,-4.3558812993035065,-4.652666686934319,-2.902562625643137,-1.9523925835775817,-7.134636921035487,1.2558282726747734,3.8490824178942504,2.711990366195062,1.864940346252693,-0.6574465750903177,-5.440804101417656,-1.55139699975777,5.317527361014271,10.640798575765373,-9.74244130778489,7.575925049597192,8.049315626108653,4.810204470740846,7.919993589022317
42,-0.7725965647152231,-0.7538613665217694,-0.029929244147368646,-1.1420032575223364,-9.944218457704702,12.478514937396902,-2.18701718061765,6.179700526951102,4.690415231753439,-9.538120039566518,-4.5229098760427435,2.7968075377214356,7.646122464116039,-1.5076053585799507,-0.30830647366749625,-1.8669419854229958,-5.610782147147522,-11.738143943664532,2.377718203533128,-4.419152988604844,-0.7518931158438064,-7.0493914782501115,0.23860678648449946,-1.4532895106309311,-5.991881246936589,4.105768796440344,-5.517981290044743,-2.9673218241563415,-11.504727757487952,3.5856262767667526,-3.2370954406585857,17.449243568899316,2.66214453476708,3.4264845943522424,-18.351823654908355,3.3408346881270257,21.055023781180694,2.8134524923160877,-2.3990499766789264,9.24434593863726,6.329875167150247,5.273351293672285,-7.162470068537485
43,-0.8363072068169813,-0.4695300078920443,-1.1850148094203463,-1.7756744478750621,-3.958618697085375,7.64932152140462,6.899805117206599,-3.973358428695993,-6.830117316605982,-0.7578415740075288,4.672738472276096,-2.4889642697685104,2.1417878748256767,-10.712694331069546,-3.5300098267775892,0.9111608440989043,0.6187791504530797,-0.8366962549303013,3.6604460615027157,-5.1869801280041035,1.330041881190749,-2.993895638845681,-13.013755830612665,-3.661640528466086,-2.5801501422779674,2.031838214817742,3.2959327677527295,4.7544286740796275,5.780181852138826,2.956079239682404,-1.1198404082055302,0.1949572561680547,1.40680664004777,-5.484952291790159,-13.454305956890538,3.557342890133915,-12.393077068778013,4.1518533736118455,-0.1764198832295738,14.762685527514574,-12.310462667777292,-1.9770762324818654,-3.643574602749406
44,-0.7935647945155523,-1.3598992332030004,0.4944783721553049,-2.9360290622496183,-8.100606047229503,10.146888492346259,9.088953930501724,0.4998647134215207,-1.7016655410214845,-1.9635448240278606,1.0200211444971363,5.087978429216314,-7.11830736783422,1.380980739431015,-0.7703699077463131,-0.11937185227769526,-3.9507720863800024,-0.8479634918320825,14.376126893911314,6.267516296110901,-13.662057376620586,-5.470207715293545,4.347438453557482,14.399498149874224,6.7206042513354625,-14.174010561039044,13.643314046345244,-20.774741183448842,-15.63780443021355,11.570430756451058,-6.590050721398025,6.224485998150253,-10.809777718402097,2.2775860934362986,-1.3876673658297338,4.61780519174195,11.211063844649468,11.743663680026916,2.832946946873648,-17.950694997420268,-8.137357492967704,6.908511596094795,-1.3175557608630655
45,-0.7071839165898838,-1.5964706669587452,-0.8662641483264995,-0.004394746605685389,-4.736300770441705,5.117490962322413,2.6145199796030516,-3.331132215276479,-9.902218475086542,1.8409658931296506,-2.647695348653613,1.9079973045733334,-13.717778485525125,5.131829693489003,-0.2672140187860699,-4.795552148666358,-2.508571768839067,4.413630866913972,4.965253313342125,-3.269922070237541,-11.584634417789006,-2.8808459944877467,10.431883884555223,6.9509701618246655,-2.2893080750932437,5.671543432538215,-2.84645700644867,-7.728502200417865,-0.9504137632294128,1.5621103576813575,-5.508229013268803,-5.653532673482379,-5.762583701539202,6.265113735013925,8.597445241080344,-4.505879477470943,-3.703258172346395,-13.820744383119354,-5.319753043633446,-6.515953996291266,10.05253095984185,-7.0850569586256045,-3.850504237860634
46,-0.7377214651573155,-0.848034659298458,-1.4586502414171674,-1.5764212226175063,-5.491043412725957,6.108418114158491,-2.845165146296799,3.723996422150375,-3.58600988838569,-8.777272942193731,-6.040745643122034,1.1281060930093447,1.518290307953627,-2.1277004065048692,0.35683949281477295,-0.26208606291826586,-7.363661349066707,-3.217823384522595,-4.773121398863777,0.7476153488383903,-6.294008057323226,-3.0723620472225366,1.7820624336366508,-5.4864009006246235,-1.706252656186425,6.800049850052871,1.3207396520327361,-5.643412759343337,2.523662636116879,-7.3762143276554415,-6.538404018699003,5.2868660731207155,-7.211733165870876,-3.1468795511947683,2.30742228734889,1.5109890580020955,-1.390831355860575,-4.16239188537527,4.897829234853736,3.532782423538189,-1.1672739105235859,3.5412397716598654,6.237695421554593
47,-0.7948098914405957,-1.0296466549546255,-2.32216605966752,-5.691286506140447,-12.156095980652701,14.76916890541058,0.8380985012498546,-0.9470720702713664,22.109549808101157,4.6354251241862965,25.159318001635796,-30.145179762684783,31.569630207724984,1.2701925325590595,-12.925115916326309,-27.01473585780976,15.040063223832163,20.728156274237588,0.9179397397706606,6.0074185502124315,-15.870752606942116,15.342779241797961,15.971518707571343,-6.479772420488488,-3.5174464425157863,-1.5641001018912377,-4.768283021409101,-5.110983350840038,1.1218476355310636,-3.6674105759304965,1.5034707680603547,-0.746309951948861,-0.11697953525307514,-3.756428896726677,-2.0232517998499175,0.8840106980236297,-1.5870723709272727,-1.8959574246375046,1.3597086398584972,1.5943319335957558,1.2874857369689843,0.3078487852153057,-1.0363444378029225
48,-0.7335261517959056,-0.4629134854308868,-0.6695313342745717,-5.1903098256983435,-9.456868753812497,12.903332254545926,-1.2009705612162715,1.135791191159629,4.595310919323418,-4.296678922813961,1.036444467147252,-1.693210251354501,5.300018115514021,-6.210150252662461,-5.956222304855941,-0.7645510793816764,-4.694035296219816,-1.6291034103300117,1.7656636596410995,-0.2695791632384553,-5.454510301690288,-9.819272722658262,-6.419130351667116,5.919255828900862,8.450097094576813,-9.640929587481418,2.5662824088263436,0.21375270218034756,-5.260223948743991,8.5023152144649,-5.556506353188553,-2.50180708721453,-4.702036373342125,-1.0571524602374467,4.297011451549038,-5.048411925825162,-8.989118336773771,-1.4414752902650578,-3.1745159387495927,-6.893835239747196,-2.156228118226018,-6.6263601533909835,8.661329807628181
49,-0.8205918369745447,-0.7026328996492599,-1.5023312324974092,-2.334539246159898,-8.26767276230037,10.218727766494629,-2.5932565065308744,9.223710318159856,0.646595497905349,-5.839000756919552,-8.998466122867944,6.247815958796266,2.289305597108945,0.7464118938312938,-5.471799501738111,2.0493845863095626,0.36819626498689245,-10.492286685249194,4.5768564459159515,-1.6981106838870066,0.7145093378868683,5.29201450183096,4.8077033178299065,1.0629222103954348,-2.2663512988384658,-1.7770574918499715,-2.9035652491465003,8.504101172022029,1.1819375865728543,0.5324456268421793,0.1670474528843876,-0.3460767379178144,-0.5176936389493967,2.4506676860387264,-3.7504464141031506,-7.4682707578421486,9.562550185395692,-3.4487448399932594,-1.047457636552855,18.150069716199567,5.9576151283213425,-2.393137532870816,-8.807056942525492
50,-0.7799743740924819,-0.4451996693461719,1.7567463413366327,2.2806680241832824,-9.15239087745131,9.155986943230268,4.873231599013856,9.939252473220595,-7.186555506493869,-1.3468984388607503,-0.5149009159281466,-2.321846714866585,-3.9544096963790016,3.4124281998509107,0.3231290174100231,10.700882659910008,-2.989015446745417,5.468073202619829,-5.588933250271961,10.171500846367653,29.278453431289027,-0.26494370146400503,29.512788583913096,-1.7515819590442763,-11.441566635003765,-21.83782413464357,6.8806567810686,-1.7496740899955876,-2.62406054269005,-12.908729994247029,-7.086132313729354,1.7046489446682043,-2.3632093893790644,-1.3495840400732846,1.4964602421245314,6.606591158312579,-2.3909742025455083,4.780407751815686,26.57053633671728,3.6336175574093805,1.9171628816144386,-8.008638093939636,0.9684752123918013
51,-0.8234615259609217,-0.6671280947266773,-1.927063086982588,-3.0194881938104303,-7.810417495935636,10.756707838808074,2.6829054366408784,-0.583496350376911,0.8052973565077501,-3.2618943865566523,3.2458124955167804,2.328474399445731,-1.643989964340765,-3.65412933635205,-2.369644507304438,-4.705548736588919,-4.510003217777251,-0.11029481332088448,15.113529029862724,1.2746509157156551,-4.861574398889434,-7.287655269379004,-8.329411091633244,5.836203098782298,7.736747666578426,-13.97901534440226,0.9293259339924703,-1.2663523969981625,-5.412281790282825,7.660127668713095,-5.2443014488271675,-1.7692297178191572,-3.045705139556927,-1.41292259340049,14.42980884134155,-0.1971641886401647,-9.959606111432713,6.714933429421344,-3.3242855278701238,8.171160848058381,4.099667833824643,-3.0744683235741554,5.0367105375156145
52,-0.5404344833989111,0.5604854180939866,-1.8746846178431538,3.6200704556546737,6.43132067384865,-0.22318190867889004,5.0844211645874,-10.22833260201709,-11.176471848191909,10.554420765563874,-6.9223266293953785,-3.1360984477618628,5.266716925208805,-0.8603086413596333,3.70167476571181,-6.382475639971054,3.2212911211787554,-3.0025528879218806,-5.436535209961013,0.6286647945338703,3.955425052249483,-0.6367215748684775,-0.5735871328500665,-2.2597143674094418,-4.841005389157856,-9.894662982508668,-5.150785669606691,0.10393788889666813,-1.656814386823093,0.9097199373105315,-5.468477755609867,-2.1032163229071967,1.752748148490686,0.8320727609426686,-0.940105779681556,8.22854132042925,-2.173093318555302,15.514959036187655,-5.053939048505954,2.990713800153018,-9.939153906453296,-12.652432618346742,-7.790505233218556
53,-0.8684550483519132,-1.7117597722715006,8.829174263227532,0.08156015794918217,-10.248689518679681,11.576432069105001,0.9428746533910576,-17.557986271068263,21.30638070910369,14.715732587193818,-0.9175092249071098,2.5981264139758142,7.5708089543856145,19.180381049117575,48.218816114090714,27.12687299934655,-7.536734355144992,5.745764601494873,25.137910205408687,-3.2763086651138753,-7.08293908454905,4.626486814451588,-1.541136164099967,-14.111667699213502,-2.1321119862439417,-1.7533715838009125,-4.308621292310856,-0.19488045665264336,2.7084792975070155,-5.105755690455856,0.10340440016521595,0.09312602502164666,2.7754093565376357,-5.067773178172794,-2.353440776449438,-1.103167599082499,-3.5344866170389544,-1.7450833164809874,0.4044181231229555,-0.27662940480668696,-0.8014448076720613,-2.266788049134192,-2.3241439425354598
54,-0.8675489640535283,-0.9086446755468222,-2.2802713362126728,-0.7786714017607669,-0.9300840871163144,4.423413001630955,8.562275200466994,-7.014716943142009,-13.283958749632223,7.382013178251988,-4.748767534948225,-0.6129241317405556,-8.653837382937464,4.076685356424371,-1.8607395935301012,-3.6010297204229795,-1.6956104614261862,-2.086175774303684,0.6867049183121283,-8.726185649501526,-14.244793217903462,8.822943488615785,4.593222677434828,3.339190689660517,0.7040112285967763,-1.1876799493299492,5.97640291706873,-2.387539926457486,0.8592349208072868,-5.662805013332817,-10.30994815427205,-0.16749158315228221,-3.2536334099946385,-7.771151661315121,7.011608914392202,10.784601827827021,7.64568411522107,-2.7883154975422366,-3.7653462976679224,5.107552801862895,3.0322154299752757,1.4524896288686882,3.2990917329707057
55,-0.7792322189718668,-1.2107576227896206,-1.5599508682637417,1.4201332273443301,-0.9679312794988357,3.498239899141905,4.4165175771824075,-4.13248375233243,-8.862666725123633,0.5910873117369604,-0.6439651135234542,2.161548556714278,-4.4480305205321,0.09747021334095804,0.1351995681285432,-2.5536351814426226,2.327857734030714,-1.7216908737291647,1.3825523474389019,-3.2953770652489176,-7.816987474876937,2.5413097839227206,-6.344208460792119,-0.0824915043402972,-4.116097901121152,8.252794908506779,-6.400112438485055,-7.046376761115565,-6.912902369600246,2.7194082809571145,-2.702121173749052,-3.0632818269462807,2.926682549409037,1.322892858487451,-4.856225842169937,6.29784376180461,-3.087854984538933,-3.5057222234630445,-5.1369283405534505,4.437235198285192,7.803603115930512,-6.3487912291556965,-6.5378008736718405
56,-0.8291271493873574,-0.8265261968857048,-0.36217210493973595,-3.572443051055155,-5.502002294275247,5.700024161483533,-0.13425265300227415,4.789548661550322,1.9382096348406785,-4.891153147626675,0.7994755243952254,3.7619900006853357,-8.124941854707712,4.455259653800526,-2.811622158500496,-8.42195390685951,-3.5359519777188364,-1.199859708124344,2.742053556106936,-2.6449781880913856,1.4700787617167106,3.666038065959264,-0.049692176191325335,-1.1695873359263709,1.232175244678018,2.0209836026835637,7.241358136583631,4.603893693101024,1.1679187011455887,-5.779570569934111,3.471391613785025,-5.160080961346552,4.931794409390556,4.26686031804602,3.6231232568315033,-6.789089504245909,-2.6592543905060926,-6.614821352057105,14.775955410963704,-3.2736534380698243,-18.147872364777733,-0.6719983025603948,-13.02986751530941
57,-0.930538761759221,-1.5002607020498677,-1.2110171646635395,-0.7864849821668799,1.264251029425904,-4.525585129495002,-1.5323358115230175,0.16417056204838554,2.8197557017964017,-7.399783958905377,5.071706271641256,-1.1480559221913962,-0.4792436019769326,8.233000029269627,6.623228953899375,-4.279155868703215,0.8371156617253069,0.3989813721045322,-2.344586272775075,0.9606640746904008,4.283729352468673,2.377971698652414,-2.2400377586546827,4.966585220877703,-5.464065127636118,7.24878416762142,-3.549189979956712,-2.5763170551860157,-5.449165020719263,1.4730140216034058,5.353463412152401,6.201057049764988,2.126203068746609,6.457025786452753,3.639914975191118,2.2010002740625874,2.0231778961856643,6.5157912526906685,2.560335639682179,-2.7569213904689693,4.3477351363051016,3.165587743658494,1.754964964898703
58,-0.5770466010744633,0.052707574824520764,-1.0006243046074355,1.6640010752281007,2.474761931651651,-7.061139851496599,1.6142499309122502,14.450720601038725,-5.014384150784614,26.677325841783244,45.80765431796024,41.22106816739906,17.42772224868657,1.0862529649788764,-4.221422066208098,6.6590462751605175,-23.838121243329432,-4.3032165198067025,-13.894565557125878,-1.2851766463382026,-8.786177837269618,-0.22710840559310402,6.24279257492357,4.321272481015178,-1.0009519674015612,-0.9859475449831884,-3.852794472774182,0.16006281364153188,0.2847587232251242,0.33690112785481224,0.807689524548236,-0.7435746257574577,2.210417365878099,0.5435535863391043,-0.08931549323038153,1.2413316989749146,0.45674520446061107,-2.2605419370810553,-0.29249145538413696,1.9007155980717443,-1.2742154041119036,0.8320881935015836,-2.8275615860595114
59,-0.8513312513349778,-1.0397959740361056,-1.4589355833860405,-0.2809845475458151,1.774406726668889,-4.402721831181814,-3.6549957308692265,-5.357628166061368,-1.4477325424448875,-4.96849904666733,0.5957998733090614,-0.3100455189666469,0.6124036431246765,-5.308826070860865,1.8697173005621195,-1.957423398027157,-2.922792423948663,1.7882470917742963,-4.420077759211411,-2.3400084168472954,1.879521128822068,-5.762614431951938,0.30967240475283636,0.38546686041884803,0.5909597470045981,-1.0021586524515937,-1.955364314154238,-3.2199811363118913,2.135980622947729,2.0707204468197213,-1.1558973121639569,1.0150373155528902,3.400868955015466,-2.1245577445660992,-1.2158561804253303,1.8196546590641005,-0.020800574389573126,-1.0880701222906923,2.565524143880038,-1.5472424060437309,2.1901869945301744,4.24300387715294,-4.974456342966187
60,-0.9615525838795415,-1.1266274542965131,-1.235349237794072,-1.2315248357018351,2.1880022525753557,-4.128380320063774,-4.087327571550328,-0.6528672473118341,2.6699624812655234,-4.786007917250537,2.109538463767952,-1.4192906154022176,-1.3442035650754647,-1.4629466813489254,0.4761269326294834,-1.2708007833299058,-1.0221491231289082,4.683504282102944,-1.301527793205958,-1.6048840433447469,1.9526375032826748,-3.669047776102369,-1.7957300925193689,-1.550199746953131,0.5807782119174909,3.968024630140428,0.7779469253285366,-0.09420016851384402,5.164376689503699,-4.742280013974131,-1.2090888258667933,0.2053241734202869,-2.890373887872438,-0.3162360231253743,-0.8048137087651492,1.3985291269728224,-0.8570928094884638,-0.573824506272534,3.4600987522601137,1.2178695311815542,1.3671195103914797,-3.8148771732100983,-5.06388112341285
61,-0.7505043339141748,-0.9090103532188059,-1.2627352481881833,0.33127129257867016,1.2474860224286393,-6.130566856876035,-9.20206118246873,1.5971324331262156,-6.445355479950145,10.828339799725121,-4.652907051104614,1.8427474353190916,8.510940755476534,-10.389328489124182,-7.244714123838302,8.71159030597072,13.608760869121353,0.9233003833147426,13.931810633295582,-0.7409702358898421,-0.46620883092232035,-11.688103859247303,8.026205397617659,-3.3473189537534362,-3.3350437126043175,-1.7625817945804267,2.9408309074986168,1.569669885943466,5.447216117932845,4.016768565917797,-1.328902286540218,2.1499822623801634,6.4238775266911885,8.85828343422454,-11.427483800403056,12.462600591448,-10.730629016534634,2.7994462765081116,-3.5027472141927083,-10.891401602991222,8.797639493581249,3.7519684972202167,2.326433083768548
62,-0.8402356734615842,-0.9663078951031567,-1.2078872832076304,-1.058663556641244,1.738085620979706,-6.74552464453609,-9.442008973705077,4.003168785042066,3.7202999875373384,-0.8085258078971017,0.15784099481981675,2.6128436931540344,6.1846095517438915,7.0398243698325205,1.0959246221029861,-0.33457306690358724,-3.952415337409709,0.9030910337065929,-4.067472024652184,-1.9555308952968329,-0.18224143741265209,-3.619729204249866,-5.438803140422834,-2.1690351164021267,-3.2262769031179293,5.305432120085628,6.058186144370741,-4.084874088231555,4.667237904012616,-4.3207052377119,-3.078351734745991,0.9328422419763994,-8.83153490668092,2.5949232900104797,-4.364368374818036,4.263307374934499,2.186825071972652,1.8864192798410842,2.738735044410012,-0.44124953400786343,9.869328959720821,-4.65619796342378,4.316404321629342
63,-0.9103064392145291,-1.3765762049078316,-0.7151221515620052,-0.4802968669706429,1.1386627102067985,-6.515777252879042,-2.8536539646217056,-3.3732653849752015,3.1029718259289494,-5.340630925482738,4.267354361241127,-0.2482114942575953,-3.1616430534077087,3.067891285734978,2.2888249562003806,-1.7821476473237596,-5.419939416171677,6.95962260730981,1.213632151187022,2.723373785905057,4.372713469789315,-0.8638598468341832,0.7895185525832127,2.1151049231688366,0.0677432881092647,1.4980726673711773,1.7010921760277085,2.5106267781224227,3.6931334048771234,-0.3104191279514651,3.4619281618659463,2.856808616356031,0.2565495374833435,2.2526893810419204,-0.14208729115994936,-2.442068196784539,-1.8217266208576968,3.1604633701556426,2.765759585109092,-4.262614183754139,0.7194378065607463,2.301813343594369,6.519548195664138
64,-0.9601340333674049,-0.8400399476159593,-1.0009522192694953,-0.7511712830104817,2.3196789757083573,-4.523743304371619,-0.8223055428972241,2.600373244456737,6.586254662819853,-8.80352454220136,10.75728764881552,-5.900083921121598,-8.663741607826129,10.070213433930574,2.837266807877286,-2.3412482454838326,-2.6674730738077232,3.8281944686738805,1.3918929208655602,-2.773486662571791,4.136228917549498,0.4760861384333467,-4.863559127521093,3.1904075738852757,2.9214702413374702,6.999788952388561,-7.689681459568703,0.7034581529847259,-4.208683495832307,6.047391719849806,3.2573207525666548,-3.8813579675300303,-6.267378821155158,-0.3749207543339356,16.128814447889074,3.9421788384199377,4.61543119359146,-5.451633076551985,1.025738761113075,18.87250425497774,6.4934365082418815,-5.98264845059106,13.31286591470611
65,-0.9363918850742889,-1.002266072938848,-0.9894920172475948,0.06240523490644274,2.0359938747945505,-5.45602588015147,-1.1685852535131127,-2.9742603864686536,2.347007578449439,-5.792351892662545,4.2090823326233,-2.6275812537970613,-1.6150492439226676,1.3965045484077852,1.9276266235653985,0.8856489217740111,-2.0000685897366552,2.1659288274296156,1.2487388623654774,2.9593349319641744,1.099815420456145,-4.100159712047554,2.537706782573726,1.2848863922404616,-0.2114697643953945,1.4230455035428187,0.5629094169071828,-0.9922853885060067,-0.537482462728155,1.3301155292026299,1.4946495615809408,-3.5211364038054924,-3.0187142657713513,1.5489145485229119,4.698529569326471,-1.7531170213603746,-0.5130260644565183,-1.10722703985457,0.7153818633770506,2.537498798787531,0.13030247430918082,2.9766571594777806,-2.375913028808608
66,-0.8109626726340163,0.12265424772722344,-2.211776475975683,-2.5079878345972433,9.010897843811506,-3.192521916634458,11.954999707447746,-1.026172775548618,3.0000355210769007,6.63766673485614,-9.171696907261149,-4.9220704649062785,15.232592057873951,11.496492579797856,0.6179586263819441,-12.55100862960531,-10.99860312671791,-12.037828583481081,-3.234308711486851,2.2202845882545867,-0.062110191291266686,-10.29952212123356,-7.434339818458746,-8.688927854825739,-17.511307660833545,3.4105700188359678,11.6610778620305,-6.256857678703017,2.299211424565753,-3.3620342822764884,1.2593567359637694,-3.89795703659559,0.17522998591021888,22.576317727941042,17.92765615405252,-7.136201729959861,-15.31644774225653,22.73422062833295,-2.8069133620079545,6.803549952256457,-3.7904445987970727,0.2034579066043226,-4.336754543437851
67,-0.828360679828015,-0.7577724520344018,-1.531026419340923,-1.4731185409320828,1.9593679799748087,-4.325753783870753,-2.24615238246862,-4.758812588768891,0.026510495211787534,-4.470789393813463,-3.273023309195775,0.4973463109865506,2.866725743980757,0.0941209140252123,-3.806728718470549,3.0602981778264153,-6.243294410807054,2.2796240878960226,-0.8515114711611965,2.902319672178553,-3.397830647293677,-6.268296863041765,0.9954302606940642,-0.5619287806580474,1.4730915418003914,-7.215551266157776,0.7182119113646439,-0.3107252348467449,-2.8462093798776897,2.973445419061403,-1.153680004104425,-3.323099005567856,1.6484099520028108,-0.5353464688407125,2.238106320452918,-4.875456696377016,-4.239763180879195,1.012452816120486,-2.872434473660204,-3.0235518817380314,4.723629897849442,2.1135811719296917,5.0441879090082455
68,-0.7522020831830442,1.0246024670817508,-1.7482743266674463,2.6284562806617093,1.5777529479889496,-8.573501488788487,-7.4422188015779405,1.5241689349890688,0.11978316808619817,12.859915044301829,10.120246375252067,-13.57223014783024,-11.01988399521376,3.288644044174634,-5.536881830236437,7.758115129623032,-2.6237197622850856,11.541887003467803,17.55505442441135,7.898421031619706,6.0400618166689775,-8.989194726295674,10.392017712659515,1.6887928948233952,4.050982693284977,17.698286515912514,8.942985968784258,11.628290809549975,-6.058113532887805,20.475477046506466,6.03996862222822,-3.3347336532529135,-10.785373504604074,25.474545602612817,-0.8525165718126078,7.674107215885647,9.853376125993867,-3.5707853630200805,0.5879581979719039,12.584581221487731,-9.065293327387444,-4.250845323318289,-1.0036183635503524
69,-0.8102144006235891,-0.19503862704431993,-2.022584168854794,-1.034126785887072,1.9815361904639608,-5.985071041607528,-11.718153771246214,3.865437655109601,-1.2502794271444375,4.761272971191343,-4.058507833806518,2.016896274646199,8.184860090137887,-9.873157811925065,-2.3774081743294406,6.169232576428656,9.613083707994754,2.9764909612484973,9.768643408621378,-0.4094682792485842,-2.291217716129218,-12.316321417212595,4.651200296357969,-4.6586508167466745,-2.1924703023485304,10.303507280442368,6.795992451568673,-9.416253822276966,2.28348247969655,-7.563654441168748,0.9145148720870904,4.237050660360379,-3.6571423271296415,5.334806235843816,0.23404059420329854,3.415660864053224,12.768662892705175,7.21976523714641,3.895149354245259,-4.669565339371002,-4.201072652186748,-12.703219093917944,-6.99678281144648
70,-0.9772927653954311,0.06048338123469523,-2.4687637529144153,-1.9149475729405683,8.46040872709971,-6.312234572484763,16.61741743684304,4.082759516452758,7.748189545905127,6.08709366487771,-5.666140091988514,-21.05156483201007,7.066159308236112,34.147351203440245,-22.527429822400077,13.125574051047714,-11.558783520181596,-26.122134926422184,6.911168137809514,1.1705011382903772,6.910304081552238,-7.587171391428077,7.448170420927493,12.409515255060848,25.620421955498166,1.6146588266512776,-17.258751885880997,-10.386456660115604,8.788901889872262,-4.955256344072547,0.5422802238207579,-0.472111762876932,4.335288198886364,-5.687189920081975,-8.629993626170808,0.3866175218900472,-5.550324772070263,-5.487539388130844,-0.19983351986044784,-0.9638759721782965,-2.5888745877301154,3.075450367098921,-2.8439914912785635
71,-0.8279384181813134,-1.244978324419019,-1.2188251636822411,-1.4470291689073485,1.8491196108211265,-5.1238513066074995,-7.346142141469777,2.4516119753153394,3.3961614186802125,-7.770247366455731,-1.1325808809723996,2.0790842673226986,5.439861353507022,3.51382234139938,0.6824858943352319,1.5176676049007454,0.5835880641834543,-2.6992638286433883,-1.385479472366965,-0.5364438626401306,-1.9302734103891892,-1.7462534854905358,-7.138627993857911,0.7971846218960315,-2.8816370952243533,6.492408302666263,-1.1106148044154875,-6.6546837649232184,-1.4305967881488524,-7.332510208771571,0.664569878611388,1.7783609518394536,-6.30741377831334,1.469594281679197,1.315876943793123,6.221362028350182,-1.5049275112679434,-0.4206533914390995,5.281057752580521,0.2520481951729605,14.18222312502518,-3.3521600143329913,8.500646534465183
72,-0.9688473906767002,-1.260721854410963,-2.153091937841084,-0.6013451377709006,2.9058109538114127,-5.273213903394464,5.348688689405407,-5.368002966250329,-2.7884281457043936,2.5460811619233903,-0.3053949353372344,-4.333394717641258,-1.858175513008827,7.531579648259276,-3.1869943947474013,3.9251022647720446,0.3495787735454112,5.6850623884956875,-4.900037739681762,-0.2195152575145729,-3.0923245978071794,4.2713418379198895,0.5537105139945928,2.2744018176491054,1.3298896715312607,3.4844898206678527,7.923345326672765,11.39257903129675,-2.101051379853765,0.7446561623893537,5.5434233503723975,-7.459233661115029,-2.1403183204241625,-0.4534591266661701,-5.8972661881642034,-0.9558923406846663,9.838867054954804,2.9245033009742674,-5.987102689227383,-9.111631820477555,-6.5068072397641,-3.9835204964553608,1.1915256917156616
73,-0.9995411209830323,-1.417717843231786,-1.1638133017656673,0.3623390795697049,6.204621336876333,-4.162693360808937,13.074591509575452,-10.934968123302548,-7.913842060544838,2.789746669457493,2.945306388603819,-4.403307072186362,4.164980826936424,-6.026872673281534,-10.602389410062218,6.743348799898642,3.6721340332883483,-6.1106286574765045,2.8556084401324178,-21.257831763651037,-0.7900071509818112,-1.9079118629973246,-7.702153787553976,-18.869062515932555,-15.456659899109244,-15.438903057386852,-19.14630920152061,-1.4393884938042791,-0.3298944884462907,0.5965883688719985,10.142322407768942,-5.259368149132241,-20.580907303847543,15.202074569583063,-10.917453860821452,-22.504389403427137,8.181041096690219,-8.872559640652302,13.552608222143393,-10.978991009211306,3.613583895860293,-3.840342692527246,10.36365075392707
74,-0.9897453299615527,-1.302476967390859,-1.245105254507183,0.20204970760489005,1.6769782748203987,-5.157985373963865,0.661146348051453,-5.228046861831164,-0.1181337178112635,-3.7342400133041016,1.807858199472347,0.08657802005542115,-1.0624083999650256,1.794717572391216,-0.15432407111868715,-0.4001232868896496,-3.570826507943605,4.196446611084847,1.0469388508899344,1.71199882714103,4.314767597035105,2.5046668641766723,1.2581116440828561,2.199802726979626,-3.0571642374797507,-0.14191705761662848,-1.2092469662947436,0.604004882461995,-2.4854821218346057,3.1033838707257475,0.328493604372793,0.4178227187177897,2.162688353972249,-3.435875820017694,-1.3952030007216134,-2.56499044338855,1.411211166154676,1.2875171890685626,0.7504491557838793,-1.874950858990115,0.9320793362070279,0.10534566917099308,-1.042180699320663
75,-0.9670046425303591,-0.8373009283901743,-1.1324259915981045,0.5552959094203089,1.7077109338545982,-4.679490593489976,0.4372598720306972,-5.765019564631953,0.8689716905920374,-6.727838135975725,6.855170059193625,-1.4970173817233754,-3.949909268557367,-7.993148763193425,3.325124650066885,-0.38896628686887014,-2.094046183052547,2.7721727887035255,1.120042447638138,-3.5881394394824415,6.011551820550643,1.7483678511433882,0.9774241112838847,-0.42444166910339054,4.188874277034662,-0.6311681805753242,-4.423098002960521,-1.780491842107795,0.3825462038054164,4.390355136725616,-2.8868354953926447,-2.7117950959683097,0.2042245339146558,-4.541488025674863,1.9192562963223803,4.471555348554965,-0.8172656124727031,0.1673556919349303,4.141451295000379,3.1642808173373065,-0.05792562104555956,4.074546743095107,-3.694145232304838
76,-0.9635341700514207,-1.211865896921116,-0.7271301422278614,0.6499643321746222,1.791320036082942,-5.212663315199524,1.0369225331510672,-3.521358512750788,2.038899033893417,-5.329981154934651,2.777296302387075,-2.5754680304779756,-1.7448389679888032,4.4886619551967275,-1.247432085202042,0.683694357042181,-3.2823881776526873,3.295448246962995,0.4555279910309404,4.190252982727117,2.386702203223104,2.4139224903716667,2.171719498965144,1.566038977916702,-0.73868846020684,1.4778725371027315,0.7792320662651264,3.350010125838915,-3.5834796040550208,0.31224255843932686,1.4737780723396192,-1.681696294224191,1.4748577811410315,-2.198055407705171,-1.7000488063447572,-3.381643226570965,1.7273399139404846,1.5416589257619715,-2.1324816382992884,-4.44894923616023,-3.0070281537484207,-1.237676623470131,-0.49292545320317405
77,-0.8955622089547516,-0.9698302630882845,-1.4942900600634275,-1.5220752756795766,1.4381451692010014,-4.883407994110684,-2.935917550422081,-1.0716855963219631,3.427411011667426,-4.3965056573290315,-3.6764143197422725,0.6134228310937753,2.9397452155228216,4.934629361204086,-1.9856679420406547,0.8862053958114081,-3.1475987670456194,2.6402259585912002,-3.5541564392866425,1.0991635349159794,-1.8272158045840978,-0.09923009910949394,-2.2111226065873684,0.4165135289137156,0.7635364433049961,0.06409073229911084,5.269293846289643,4.236688666828095,-0.2991626746559167,-4.066660349403065,-0.3094950718167599,-4.263774562333017,-1.7943041068003338,0.40032899352714924,-3.271283089638114,-4.010594670762003,-0.5663550184072815,-0.038859724074028296,1.7577999785656324,-2.424964086887303,-2.257271775685605,-0.7918856575997529,0.4254922259938976
78,-0.9864275130367335,-1.4475234229528102,-1.0411143079020648,0.2748163152928087,2.683094812503456,-4.855502048570251,0.3535893682968763,-5.101555639459826,1.966982694741632,-7.595897442551011,4.726250872328014,-1.4683059879233256,-1.8551213481698519,-2.1898318524307214,1.8884634567186127,-0.3619732578202052,-4.743350695488166,1.6130426646132319,-0.37224415552477846,0.4671018183618649,4.172925472873495,-1.0088186728352966,1.9997524501433752,1.2095237078904428,0.07773528323058218,-0.4166162810758104,-6.411669626057025,-2.850808409374146,-2.342842956788542,1.8732346987358548,-0.566009645408703,-3.4085978536007233,2.8564625609661793,-1.3591185087485191,6.342382870741622,-1.4117752579267187,2.527767047388258,1.300586654639901,-1.313035902778778,-0.5471584413645054,0.15017033960390508,6.18103697606668,-2.516262630863767
79,-0.69580176729659,-0.22895806267217378,-0.583945781228924,0.9215815475080519,-0.2893016123724938,-4.642260108328811,-14.457734296282018,8.839564591388152,-0.6638351074260136,12.02832801356436,-6.130467344803331,-1.0466061073801363,4.022904962137696,12.224740140505787,10.926016817213933,-4.134467627239016,12.419879618644293,1.914467759053103,-23.19426974687839,-4.588017309809259,10.045210788758835,7.730103917243503,-11.323202475103002,-7.288481169653727,14.419978410180299,-3.243493436698521,3.746610953818119,-19.976274198578963,-8.314225417415983,20.743321622809578,-1.845680220832143,17.872460323525104,-22.072998015797744,-2.916088272483654,-1.4999668615954949,-0.9852757152520155,-12.843094731870265,-9.403978785378177,4.06831559047883,1.149027757833986,-0.9455159735899202,-3.9345351016495425,-14.317094171456553
80,-1.0480201491382446,-0.6400343740051718,-1.3696114679435267,-0.1055578625089977,4.82692631384174,-3.4189712779223775,7.3134651320795205,-5.530240187303229,-3.5932494563919457,6.255802930110671,0.26906295694366866,-4.497957310140024,-1.056426444265495,5.847604241967466,-1.48151288532604,-2.702699268540686,0.7320409652112478,-0.7527122373024788,-5.099209245763921,-7.5028478555894385,10.377379304112933,10.50740914978585,-0.7317029684950851,-0.28358230912233384,-3.9362428762965487,-4.120621017980169,0.44957482119614955,5.010010406632703,4.201109154604274,-3.1238787143922835,-6.369275605593273,9.987678414190645,-1.7347832520596407,-4.34142383185093,0.1977780988205461,6.232685663320161,6.3508603306547675,6.40799448343321,-1.646140029357489,-0.5253398216675331,-11.110647786235514,-3.53275880170312,6.455634900622347
81,-0.8585323965314579,-0.8108938000963561,-1.516203255513278,-0.5040727055442155,1.5522402503536123,-5.0338467850711,-7.865481992757748,2.079323183734459,-3.177338469793299,3.6287763125550754,-11.801371884779888,9.897391587611494,10.671001491551857,3.43979430150105,1.4031921802126393,4.555649497706558,14.707213998908145,-1.1275801337978644,1.3391362033406422,2.4881318557366834,-0.6988719833261469,10.575287178250614,7.861166516421713,12.650868473818132,-4.943042572480232,-4.532960235976152,-4.815219382484192,-1.146979471022564,0.0741524394033076,10.17456712503132,-5.148411385915312,5.328495008865168,-1.6633269269582192,4.034709080947626,6.143937907903048,-17.78675514165746,-5.2234537768500875,-0.6861838565332511,-1.9889078991642526,9.068276470764326,1.5454887904550931,-0.2881086530190059,-0.341717603843999
82,-0.9587755334844291,-0.6083993040715352,-1.2781093485615505,-0.37828627203964577,1.50975165431334,-5.802931029392234,-2.9879357444090333,-0.4773561820085742,-0.09810120838063471,-1.8462081482054358,-6.884239897531298,6.849494922208766,5.531421155601459,-5.782126139162696,-2.560669419183633,11.165438147389287,11.506207378671022,0.94562645399876,4.235868017757493,0.3780524472710785,-5.950083158709211,10.344838353361112,8.552650476088495,10.927046201920552,-3.4787289551379224,-3.961433467284559,-0.3679333338933513,4.44904139230169,3.8488967235416527,3.692571842018281,0.07847495410486208,-3.5463645721598027,-2.035441932010764,0.5340395211128408,5.975921504217829,-11.866903959436424,3.7011286468027853,-3.4549168956645264,-3.0282813916932763,6.568933404183019,-3.56403204729611,-1.8053957207522084,-4.163974460687143
83,-0.2254985376818694,1.0828614347451104,-2.5462258310383605,-0.81550771390334,7.5267676268334025,-5.62056664734,18.89827279483387,0.9074654701764207,5.936545525539083,7.439210812365728,-7.081738327928535,-0.1210384085185911,10.344604979758675,-12.31189576107119,11.964743615449992,-17.369905204316684,-4.4823200835464165,-20.323625749038825,7.066155882617337,11.472159924466059,10.722925509859406,1.0657110821082805,4.601327956666752,-2.2859349327714362,-10.374685437277503,2.4481525058840132,25.91719975751719,-11.337047911335473,18.597526731689143,23.779752774009037,11.25569482770348,-6.425089200007821,10.589258482416708,-14.409498820335907,-0.5753991784353789,-1.8226417540496218,10.305519579312023,-19.214293097072233,2.2358477554114886,-2.6979840999960656,5.144440094566126,-5.238232665245609,4.889232056352123
84,-0.465609488862402,3.555442470488837,-0.7985734791237098,-0.036868649390171926,6.917673882960814,-6.510103274709901,18.996395803007882,6.48170266828255,7.933773082602173,-1.3866989854622855,2.6616889052823502,1.3000683563333582,-0.9728729747446493,-25.10435522774214,21.306363459284533,-9.36058142148606,4.846454429510382,-8.391052581404374,-2.5929244316428517,-11.815718004561077,5.691921298635122,10.948551622306613,18.490631780162673,-2.391924867315647,34.55401095296461,15.399126865191956,5.019724761919589,-0.8350174462412763,-11.383518766042528,-12.063025913237878,-14.429960352787244,-2.887920359625263,2.4323247438388402,16.07082202138083,-10.665452860658739,-13.464053742255027,-5.782369727032067,6.763756088221948,-0.06588805721509834,-1.0418742478434215,4.535319543484253,-3.135788631490398,6.594909242075936
85,-0.9161334636803908,-0.9265572835095157,-2.0576242570654837,-1.175612911499777,1.4191547068717891,-5.661212085402883,-6.181711864776329,3.5337641350920004,3.5862468852772995,-3.403215699677315,-3.628748629295235,2.341922253807184,3.2371463567347853,4.266812719597616,-1.49974562456245,1.8226164044770639,2.0408205985314085,0.43325507925277096,0.6027746703213677,-1.875064247985788,-0.33231366399709594,3.3156163721379985,-3.6156422975831473,1.264938531074086,-1.5580166664323756,4.279674622475834,2.0676712469576617,-0.6172045077547268,-0.6986691833215295,-0.045850128990140925,-0.061951880328196145,-2.5364874746853885,-3.222599970325267,-2.831647604041258,-1.4525585089902981,3.7743464919882235,4.366054203401898,-3.291518432810908,2.6152054226850066,-1.6542578487839728,0.6033846723799053,3.5304610436321093,3.8066038304390526
86,-1.1555469938556615,-0.6209093029848657,-1.5109913446614522,0.4985978048055111,3.657124965534493,-4.204245180419453,8.553400881311081,-8.31526893686911,-3.2838173899452325,-3.4095663167477883,10.941509897202966,-3.0527187261089255,-6.612760290930813,-8.046394804912309,3.3806711129705067,-0.12253684850006209,4.991143478580125,-1.7953702082158594,-1.1849674245499155,-11.658565781525144,8.597517653783303,4.936357177287734,1.2363103047999104,0.6680084143186564,0.4985440238396294,-3.2173373799832756,-8.365581456655239,-0.23541197876312864,-0.386941566420217,-1.4308413377646096,-0.0455129271102698,7.146393654042027,3.1859930683951836,-11.028301562618418,8.11763006601136,1.9619494465611933,11.665325862454903,2.7557766947394953,-1.6465567902432745,-2.9639609538458522,-3.681952537436233,-0.4460675416074325,-15.592498645664563
87,-1.0030140753655614,-1.6706544943470543,-1.2084634791641158,0.9614413470710526,1.1825942686872504,-4.728034055664171,-3.0890559492304663,-1.4891238758760204,-0.9149929531225401,2.1400975338885337,1.4819358302113836,1.2511312107246397,-4.153982782500158,9.139240579592006,5.785297488095763,-3.927103131905726,3.5947458110375936,4.628255181202401,-3.065825065564728,4.054838076629906,8.04377192195869,10.761753841642747,0.5970564207666511,6.595767969985828,-0.5355472297134812,1.606221638420775,-4.314208878048118,9.933322672152658,-3.183555486682414,8.872811378360511,4.666251192473578,9.60938047205394,2.574980210145596,-6.204199657761915,-3.540264580851756,-4.031399686065056,1.0802289810563732,11.543548476828592,-8.416611661187101,-3.4799132377425304,-0.2330891919862085,-7.6238873325737755,16.80580852640266
88,-0.9632703331369483,-0.13432394376158246,-1.4390154648150015,-0.4977890675426741,1.450131533511805,-5.353566164498331,-5.758067608509195,0.3952774687526134,3.2749051723759153,-6.271942386044806,2.273204690179101,1.893482574054612,-1.4618961907968715,-4.2912637008015775,0.02682274326916087,2.5132221191151807,-1.2720446606377633,0.8355263027212002,-1.6993750872196778,-0.021869735458486785,0.2919455445663122,2.591633891421072,-4.402468233857512,0.4895496263729181,2.751265916878102,-1.6646920947700636,-0.1453568150047125,1.309506835447022,1.7156848932655069,1.5058836127338338,6.1539568150625765,2.579402829955781,-2.3060499265903247,-4.999063343467363,-3.9357995970523296,5.610284351549373,-3.088970672968031,1.1571919947299543,-0.8565978987750271,0.8874350068162694,2.213768428943821,-5.024692921229911,1.1194197180203922
89,-0.8878314803093603,-0.5771855902370437,-1.1802846870353318,-0.5306081961469343,2.3294162841579626,-4.864580940374597,-3.460185364751528,-4.665656807114368,3.1687244649224926,-7.7300924839300285,0.46058975591989504,-0.3265803895642107,0.28807836100966544,-4.87001586049824,0.024354221481728236,1.2306931823830278,-2.6098729202298565,1.8561939716529783,-0.028600000375077657,1.5154333160431386,-1.8796449852960604,-4.400905692830848,-0.028852512810470993,-2.009834660672559,2.7994811782760873,-4.977786412627121,0.7671552096774014,-2.4939831818931117,-0.34517483815110683,-1.3845122294584795,-0.4355526076725592,-4.052317007007686,-1.3660884455594937,-1.5876606973386662,2.945427484305879,0.5639431547730211,-1.6932372080456368,-0.8193816621514921,-1.0363021272616286,3.1440972910965583,-1.4774745205277036,4.611096251980093,0.22040031530294138
90,-0.8962246332776208,-0.3956740497213795,-1.5287712868242007,-0.6077309960678028,1.2170170087040535,-6.723322339122871,-5.497566342319422,1.792298293717807,-0.9775859061998944,4.441415508080026,-6.48862196046659,5.840615498829589,9.575894074631867,-5.578447574702171,-11.12187872723175,16.381824485941607,16.603814348301924,-1.331670361982467,9.768596514945736,1.6223695455631975,0.6617365837135293,9.295403419230315,2.39989180617318,4.165672980817465,7.003752767913821,-4.807750018803127,0.9725545887527967,4.39398286058595,3.742149262174123,5.493211959318786,-3.6683327443991005,-0.18561695815720572,0.043346231680914074,-5.113237333000605,2.4816442299559167,-1.132828167230383,-9.377344863025076,0.267400738368687,-2.944144700688958,2.0433570220070694,-2.2035241411609805,-1.7342417053257213,0.16226122730830753
91,-0.9676686952708804,-0.6829405871374152,-0.9612138815824779,-0.2043684249857389,2.0277630579314145,-5.991012957523656,-2.052755465373525,-4.771033366269372,2.834294291611607,-8.58205703647261,4.212913351913565,0.46918315029126695,-0.9577716262657882,-7.4191148562950975,1.032390697179217,2.3358833700340007,-2.7135154058042334,3.8091062902440447,1.9989990310275243,-0.8545967602366238,1.478083118826947,-1.2869992070423784,0.7184950293014101,-0.24729714254201374,2.090370570170883,-4.130071882368993,-0.6894457100647412,-0.2705036822955119,-0.5011375134261652,2.1714279496280406,2.7988860775649793,-2.338834179555015,-0.2814679649823894,-1.2344317972615488,2.4678423076201046,-0.06255038100033028,-3.0675968237418947,-0.5160756025104406,-0.07841897221867505,-0.1566012316513396,-0.09587212558589112,5.521805083488242,0.08442638914942005
92,-0.9828697534918388,-1.1907110766225808,1.1701312446295555,-3.264741062614282,-2.645284864460398,0.5868697667813771,5.285098467398458,6.9988401068274015,-1.589402158463707,-6.355852732139684,3.867980486444744,7.32526068588396,-19.192089500261368,0.38528646311825826,-1.9897749956357036,-2.859652228706277,0.8182963130439393,3.587935681026954,10.43130620257445,5.30127915937743,2.2290167263006886,12.510570790495233,5.035517474397043,5.543986940064789,-5.457100840597614,-6.187468234325918,9.72150916199822,-16.104708670957674,8.815643182784871,-22.929567039088198,30.910754318677725,14.570506062361336,-7.699892939104061,8.891876263969834,-4.955918254186022,-7.376324488600407,-11.415625654352525,-5.40399570130013,-21.01429774884045,3.6952662181708553,-2.6877020177740336,4.892087359078474,-4.1922898845060095
93,-0.8842092111886519,-1.36830511549899,-1.1185667070305334,-1.3000900350648115,1.3718675642143725,-3.7224920104623744,-3.130691362734563,-2.232147734510052,1.2494755167281602,-7.648555713266865,-0.1817435268017535,0.5041703809943336,0.5943462326098733,1.5507063118878863,4.315606547724411,-5.2441852994488745,-3.2227290682508603,0.7895015849909852,-3.4300157496494794,-1.0278380983289706,1.267336366392784,-0.2625342298950761,-0.5254942200648736,0.9787514532357933,-2.2078214948692856,-0.4197419152387787,-1.5107500801258342,0.41366973049710465,1.3647009192340829,1.4616309140283716,1.6961045312229184,1.3263516037675953,3.397204206423439,2.6941753194471194,-0.9474941319082356,-1.6787696029374166,-0.7284880065508912,-1.4282021292853466,-0.3079881532138096,-4.191258060394594,-0.08979986471591263,2.9076892493554327,-0.9507112359263589
94,-0.8497825619777352,0.11558069955603344,-1.9243132955559572,0.0045829288301404494,7.520590194144263,-2.2555965606522084,11.093803827711046,-9.013539531095311,-3.6173007391230376,0.7890314848877505,5.037961290747592,-1.710491571629069,1.9740787113084908,-11.86149226526835,2.1679843009931656,-2.2047149038980605,3.19085223351812,-10.037337530527271,4.667735436821745,-11.634227551057299,1.474712863249555,5.415576639135469,-2.8052269569795465,-3.6449890591868894,-0.01839951472003723,-4.415187968889429,-2.0593925687550985,-4.63277055371036,-2.1650217978607,3.5675914189341698,1.3728514050905993,1.313756121000066,-3.3498949392407313,-1.5361747734127293,6.31718959184185,12.697837010327698,2.3884294371751604,3.8930657476178916,-3.8222156067667963,8.238456160805653,-3.295137630710975,7.127681947882608,-2.780292950674692
95,-0.9152974188883836,-0.5651543672014435,-1.3725489893948144,-1.136662808427105,1.705725177174156,-5.4112089485689365,-5.34241816254044,0.6428580126081703,3.1499820520383577,-7.653814867544249,-1.7226494784788782,0.3609522751293876,0.5782515464013226,-0.28029032023465283,0.9286552345444974,2.323705867952752,-0.6137489410462444,0.16982500073232012,-1.0460466701848603,-0.5603990900911054,-0.03722445181785627,-0.8158734087301878,0.6312755644151483,0.9491656981504252,-1.0029283760491208,4.144611953755864,-0.29432129965728254,-3.57138674754918,-1.3797129112185422,-4.23936143653355,1.819169301989802,0.1489990645299864,-2.4675656555485204,-1.2027181427123952,2.031364451380914,0.8440201606213914,3.544699974051767,-2.1572631293203997,3.376070731936292,0.3560182111101693,-1.5602796977246758,2.528834550713217,-2.2089349703076517
96,-0.870174510015708,-1.3429401513685095,-1.6313708005959553,-0.46926309277633643,2.256622321850214,-2.3707714127891872,6.151191493004111,-5.3739941372936135,-7.057643366491383,3.3448894493908106,-0.45418621594342173,-2.6100308813081736,1.1312102005970524,11.041681902442772,2.7693277262131675,-6.112774284054202,1.987566686625335,-1.6036318293669543,-5.74508140259112,4.006462859112792,0.7486700813719133,3.0930730125103327,-2.7433688033093406,4.2334363657374805,-7.461343770936569,3.845857390465307,-4.054451127027733,3.0573874389538687,-9.96669412119137,0.4901372562270352,2.6954535990001998,7.446268720992016,7.926552512892824,2.841832519198907,-4.8435600280140365,-1.9707739977138228,1.7670718142224873,9.228053311014943,-6.265089315664575,-9.92825142805234,9.270761214285445,0.7804086783672578,1.4549687234218611
97,-0.907697830580582,-1.005050457678978,-1.013888432748234,-0.6985938402347048,1.7918562632987696,-5.37544330670827,-2.509108933053291,-5.069266744179503,3.292961700670978,-8.921205595793047,4.6783354347462796,-0.5656164784987929,-3.5221794130883635,-6.825063827269515,3.068056566080418,-0.5472496183954098,-2.8342592213053677,3.497007557036614,-0.20138739776320858,-2.221371524452635,1.93975277085965,-4.15520790958477,-0.561412722556759,-0.30520432142790327,4.041204588792525,-1.3489270846730734,-2.3466241886126062,-1.808642372336036,1.6642588792055217,-0.15265834604383993,-0.27867503099895063,-0.8255061140125562,-1.046148407857598,0.07301453439320546,4.223392740790766,0.2115822849183204,-5.101437006450691,-0.5650250448048741,0.44062188357278065,1.766906921206929,0.7967405757729029,3.1643406710713022,-3.504598591180045
98,-1.0238861320279897,-1.1933434133658207,-0.964785833489324,1.3861717534060158,2.814994664673814,-4.967941712476455,4.421888936565864,-9.474329526259059,-2.8498785270932627,-4.099408549908349,7.319036354747358,-2.532149149231962,-4.947910844992573,-2.5621253197129477,1.07524919247338,-0.11988335737940156,0.8148460340349066,2.072740620760985,4.6087693425295395,-0.5549653542251032,4.472771372975575,-1.579832738853141,-0.3685600684643853,1.918917073439535,-4.433332799754529,-0.5661674405545452,-8.600854763659028,-1.9020077961626773,-3.102226453499867,6.615027444263672,2.1577024341028723,-0.28512337457222053,-2.4426117722004372,-6.18995704991979,3.148067398341644,-1.4474603654783034,2.122825780610885,0.1465278647049877,-0.9494955905576419,-1.79514321615146,-2.8633311713267378,4.456680917851914,-5.281385734716614
99,-0.9663344677048815,0.12269589030360646,-1.9188325878464996,-0.13929499752416888,3.196386275387428,-5.438139365284939,-3.0191044299821375,-2.7504094203504836,0.7517006948263969,0.41913907130373745,2.9355398265406896,-0.06511900358443609,-0.18986757840455282,-5.121508332232954,-4.403780760714189,1.7925352591942352,-2.378246756380948,0.9370270246620831,4.124213597574664,1.195373926986413,4.079386475761881,1.094558518525198,-1.519799857081921,-0.47713860649026696,4.200279644665755,-3.0578717664894848,1.8853638519077598,4.547470185198237,4.34299644550888,0.07780265008179897,2.4599041020616252,2.4056346906098685,-5.535619645159949,-9.195671296108884,-4.997248991622791,3.5491739864265512,-5.739734248043845,4.169077813892948,-2.116465633432581,7.4868016144253895,3.837998746836278,-14.2492324650349,6.550215797933828
100,-1.030754109070239,-1.2495734966143943,0.40935512275713926,0.5133120985863852,1.3991802917996865,-6.667225247587107,10.773306450499033,19.886182294033038,9.481495551023881,-13.770534896087584,25.186897067854915,-3.7375031033682697,-22.80815324050168,13.538530252896336,11.10586065311492,6.341969834881651,37.84814285127432,-23.121406427140762,-9.179993694372941,10.772897007884206,-17.300649088206903,-18.31550631845557,0.8637882685386051,-11.298522878991538,-8.367188731068758,-9.804237176103312,4.075264377315384,9.988248648886076,3.647260647446343,2.46313751001579,-8.364919206599414,-0.8136024581127668,3.541805302671885,-0.6182692820176245,-2.382589083690888,1.1935479340824535,-2.4326002341264896,0.04622631964625415,-1.62985500863614,0.5070270039779221,0.17328798249732075,-1.0359947949142176,-0.9422843004155056
101,-0.8428726701744798,-0.9550468711264036,-0.9282689933126063,-2.695864813226411,-0.004675451479378935,-2.505394508894081,-0.15057285749918656,-1.754348743618318,1.483637697741822,-4.812896985703994,0.6008338908397792,2.3575097476677875,-6.199478685345496,-6.171754116464068,-3.2635609507025873,-1.806615908377538,-5.115675851929577,5.925446520684265,-0.21790532541568952,0.6929803444828974,0.5860563589527893,-1.1186768600172254,-2.902108295710791,-2.7416654643672658,3.465636857943854,-10.588758262604573,-1.3068244440965264,0.6895106827415971,5.644064344422627,-1.3538335919537896,-1.546920146812531,-2.7326752399290077,2.915397005371225,-4.675706351973496,-4.534690094363975,-0.7726381011225968,-7.201009267955395,-5.282465239455831,-3.8151730952494503,1.9311619032009204,4.380232303018966,-7.684273087107066,-3.07587197045506
102,-0.9498603032576123,-0.7198589170797378,-1.316082367851644,-0.9751598462550495,1.1343574718647502,-5.279263921300843,-2.1135909337405048,1.7143700509542865,2.995381414537085,-1.241402042527556,-1.387702827875804,1.8774273166207671,-1.296697509534877,6.040914550773629,-1.0186380377161188,1.8592937724250747,1.3799042351234614,2.277108551770273,0.6019183586598513,2.321253389024012,-1.88165978604615,5.083746969635767,0.4291219685667519,3.2518000834310463,0.910805288237428,2.571536575499796,5.324200552307632,4.499364488122882,0.8850278255514015,-1.3162517404182237,0.2367581545612649,-3.540077718922066,-3.957926126906436,-1.8817593325725663,-3.887750905985833,-3.2927814715395995,4.233231177574047,1.4443476194255074,1.990519432358409,-5.846946367225997,-4.728706238683821,-3.281118809540501,-0.8874840691616546
103,-1.0418571706511832,-0.9350340524054945,-1.7708250665202643,0.056484807062817985,4.357751165351657,-4.353463574770581,6.334551359132088,-7.833336670012516,-0.4658859694743281,-4.499571906089857,4.677686667413955,-4.095148920855744,1.3513160179266794,-5.520277006954505,-1.0577323755285457,3.3408743454870375,-1.9620785586948635,-1.4156961202622884,2.673843226999172,-7.765193019171934,1.0197754341565073,-0.6936306119040159,-1.2384163947329057,-4.308595422294268,-0.05035392277112878,-3.5667585596412987,-0.07950688925680251,-1.8222182228361037,-2.034384277660627,0.12462161714695127,-0.6055327204330752,-1.8654502027269153,-5.0811820087805355,0.8426617262883718,4.884096927336318,3.234273139565087,1.2072729070416421,-1.727489745089083,2.4684021077028175,4.775199118361177,-1.0611681386604437,6.629384468791888,-0.692381690555579
104,-0.46290368865774745,4.397063853300332,1.3491864595661232,-3.640267462017607,12.393998668150292,-8.146778660524426,34.33178190879818,39.836908230148154,24.885668157491125,10.577369686296528,-25.17626077016663,0.6090715387328682,-6.550579617647013,-11.487872542668308,-0.9265951101782528,5.680582309375386,-7.357580553856388,29.365062848419775,-4.220509944950183,-4.002368356985961,-11.353224295231277,-3.6630660266300894,-5.6701172394163555,2.5320039698544092,-8.778958891102121,-1.684696585987035,-13.102096544790035,4.544545904618061,-1.9577250157899313,4.937277628033209,2.039508961317699,5.054649696626011,0.14698172006748408,-4.541724814945969,2.3202438781961106,6.344520005569879,-0.3584018412156148,1.9967592515601216,2.327901137770497,0.14174080339557343,0.44222167711667965,1.5097192803126496,-2.6878328501182187
105,-0.9422665208968957,-1.0669956275945076,-1.1244491097133456,-1.481568989025241,0.7730799732436575,-4.640220000480081,-1.4787041067489535,-0.37642266865977003,4.532061747173567,-4.411661369873505,0.12355709203965906,0.44775501137670615,-1.4483068322873864,5.026114654277444,-0.13124571181963213,-1.6734087558624862,-3.2271649905005155,4.951535198051241,-4.112110289694725,-1.452782045462934,2.3663424190934284,4.304807445595865,-2.2729054956556736,1.6163782625692242,0.37966662982640603,0.8476816522944689,2.7906496847487063,3.885974819434504,1.9009597676796848,-1.211586632343995,-1.0973351062746228,-3.6048960201623066,0.20324529431136978,-1.0310515292914828,-4.004968508387424,-2.9020176889280536,3.526083214123015,-2.7191818385581144,1.527326406868456,-6.798849904506241,-0.8062294758107675,-3.3899336672872025,-3.66589983660766
106,-0.8660128138883564,-0.8571511082988267,-2.627088133839154,-0.0069489955476301195,4.141487662010827,-6.000079893436724,7.902703444220304,-10.059735300582384,-5.220350783091914,11.641291696819778,-2.849406927782296,-5.520982322246184,5.69104412894507,5.077700258983454,-13.614188158917408,7.360750166801331,-0.8682129734193874,4.3740826530940655,-0.482670040484352,-4.03257921392038,-2.3904056322263596,-7.508226508390721,-0.641121151467988,-19.609079475396246,7.319585952620297,-4.40076359680601,26.524292994153175,20.803905457510538,-24.897614941471506,-9.99443804721992,1.682143169761755,23.93204350695994,9.842923356164087,-6.58752309233175,13.67440159810065,-6.657935398072433,-0.556663387018687,-15.433527023527727,-3.347753826397607,1.1824635185096473,10.630979080418465,7.763648985655196,-1.777804701592662
107,-0.880692465241248,-1.9580410139323152,-1.1410742174884891,-0.6565341800737581,0.7601694033761072,-3.7744394482846886,-2.385600055507825,0.9414605550665115,2.473150677504845,-1.1833736901431793,1.3821950421515805,3.4853921738596614,0.6898774100172828,9.53964592661954,2.5208841073943464,-5.638861166459906,-0.04288387680292704,1.670286038420543,-5.254070366540655,1.7691282655563054,1.8684718470154125,2.1145003561597004,-5.204949855818501,0.1148772617468585,-0.335545300386204,-4.118715800211016,2.7518886520336108,3.7152018603787966,2.129638724549692,1.4395222561881056,-3.5076454596860698,-4.139577873376956,0.6828256478731618,1.0956676782741117,0.7957249206703826,-1.4705448327888346,-1.0000502133180893,5.938423201479571,-5.801599363836999,-4.847770341188137,2.469884297703673,-4.363054485260786,4.744355952610839
108,-0.9404683378323473,-1.2683265300139155,-1.0764467712573162,0.08600121838878605,2.0029534308332915,-5.349313733361476,0.7262727073928626,-2.3501796923547804,2.1759953541095154,-3.8035597179050633,4.312269155929426,-0.32454571070539867,-1.7859708458416481,1.3968504389283911,0.0021219384026780162,2.1919408273830614,-5.726157025063134,3.664584364582599,2.220488609781524,1.8326172175170103,3.248036082409672,2.3897000300487052,2.241980591493565,2.5147128025215375,-1.0216660710272147,-0.9780385345669754,0.6648086332289636,2.4105053435037935,-0.08368955337302769,0.32394084464365436,0.04144983457001768,-1.1466228467334123,-1.0996975630426937,-2.4278060773799437,-0.4552722050357248,-0.3252439723338149,0.48265122190995857,1.541442565483691,-2.4498299803872223,1.1422711693434013,-1.7823906319570617,0.4245078412065382,3.709442700517279
