,0,1,2,3,4,5,6,7,8,9,10,11,12,13,14,15,16,17,18,19,20,21,22,23,24,25,26,27,28,29,30,31,32,33,34,35,36,37
0,24.63199101355728,3.8594835305723296,-6.051474665920536,7.169149675631923,-3.901794026100573,-3.22007501141026,-11.616591323589557,8.966088292220162,-2.883631157769744,-6.262763605350829,-6.466791924614155,-0.4010607117430776,-3.99041652672033,5.92712266710698,2.2833947963126464,-1.5155073104941097,-0.6412455227782127,-4.280453185447899,-6.296815776610872,6.1516454083336924,3.549870230899061,9.158278675248251,-1.7876280905485178,0.3153066638506352,-4.059715130249771,-6.727095297922035,-4.575443728689019,-6.542922418433977,-1.9382368437711723,-3.764971572485544,-10.923765671490232,-1.7196757941500427,2.3449440185542563,16.065297166970414,4.675451092115022,-4.008117717557285,-4.000500022190512,-2.0872822972736413
1,-13.680576378762572,16.082056402623547,-4.104960745603185,7.330293683854107,1.0727830578346422,-3.635475593199371,-0.023567443462291032,4.59766263083893,-7.951634112958233,-9.101731557070583,-4.136879304702702,-4.6259772114694915,3.765177441616194,-8.583306293432102,2.085721440524692,-0.39994989727124103,3.1766238549016967,-3.4861453866436194,-1.2948645430632189,-1.9862146199806494,-6.303008717686897,-0.38926872588583894,0.5487751378685507,-4.002394884769389,5.543178793527241,-4.588381823280481,0.5055888088951105,4.043780376872261,-5.818125128315549,1.4406579184156385,-0.6136040505802479,1.2776943973780122,0.7179104168413132,3.073773462270666,-2.7166972361914765,-0.7223896354314044,-1.8319205844211988,-2.005767721366183
2,7.177668987345426,14.551432751720558,-6.521922620624716,8.391120847629852,-5.7435664084507865,11.654832066158487,-5.530414046556672,0.7890739248698484,-7.7400573780154005,-3.866957756556797,-6.7110283868510825,-14.974847627774896,-1.0399312997502603,5.569903909750072,-6.017951197286626,5.135756121625096,-2.8551292815213385,0.9657954600141058,8.749201818551139,-5.437840665752846,-3.6053246524309084,-0.8568558656262848,4.743802246209452,-6.928456081718927,-2.2903682803095977,0.5248408280323525,4.286228500436579,-4.2298686308508255,-1.2932981711872313,6.568181413105724,-0.5919576032078988,8.612070627796776,4.790693240912722,-0.7618597387805625,-3.662568775030284,-0.66666391922734,-1.5017470595217344,0.6061699163087624
3,-6.186717268871656,-1.1237538165880088,1.1179671366931123,-4.18832154871626,1.2081595211595755,6.1685424517777365,-11.188672306342074,1.1143052217895073,3.617546541663331,0.06708405490100984,2.9642557494506905,-4.748652979259676,6.817556945496337,1.4010857154874021,1.529472646410778,-0.8121343238609251,6.444721823352881,1.990051628192094,-0.1923936015618895,-6.183944827458358,0.4009626071976855,2.9981751375992762,0.5921006697513272,-0.3469737276072439,-0.5268368783533572,1.432359721072411,-2.334416694135378,-0.6278821079567944,3.2443252275873635,-2.92747980996759,-1.8405766842322704,0.6902143986369933,3.3130794881644126,0.20695287812587668,-1.5924419243783552,-1.0128544057556943,-0.004073749548559186,-0.44902894218188066
4,34.44922319364965,-0.2899657758462654,-6.238410379114859,6.06251925640696,-16.4950640534772,-12.763620347698428,11.891344331421116,38.08154985333216,-4.90366522643042,1.79699634262975,27.150440039502925,-9.697426138717056,-25.97305489632899,-2.4227195003189346,2.684159045782173,6.0439457911043695,20.15774818417958,19.17146935186689,-0.6014118411827033,-0.994901034280636,-8.969034499807794,-9.279108823570052,8.582837196620707,-8.647085047843708,-3.0141120968148525,-5.772690018278983,-1.4583959282319583,0.16449658745516627,1.4916786750066815,-2.892678914357651,6.9069505138923395,3.337129409005443,6.177903521475087,2.7398641570947717,-2.667994204033251,-0.3966931387375376,1.8971970670609055,-2.130843549629672
5,13.69058049009077,8.856663262264828,-8.962085105890067,-12.36087300764856,-8.356740219118791,4.8342724154392815,-5.33532446818749,0.5896411268923785,2.7084128638517564,1.660437578584456,-5.5494803781709665,-12.846702020965381,-0.08284729353662362,5.915888084028997,-9.43685833041943,2.2904983796117904,-4.595349834283598,-6.039302726852732,-0.24756130629777134,4.127401394336188,-0.5784375930995064,-2.1156828934193057,1.7919240631646636,-7.537786306590021,-4.683715046621897,-2.300877134546842,2.0399604017059967,1.144497732886165,3.7939452368374913,9.412539560417512,1.0481911957841135,4.482857673711923,6.5606810795939,-5.578872151499911,-9.39712499643301,2.67748625126483,2.1475599857270486,3.868949723878722
6,-10.48759724147547,38.75113377486049,7.617723520559818,28.833006577050348,3.1588375811329654,10.711805061951749,-0.3075239731663978,-12.209152551583092,3.299615779828377,38.20127660176607,4.390425025041855,-17.389910449857762,-2.1064976303596756,-10.905350776883756,17.87297302437223,-25.829898101874036,-0.9619832160861752,6.026466428565914,-1.8784177292072037,5.7215875276733925,11.961342635044325,-5.223463610356241,-6.590650981020422,-7.627375255213574,-8.228810208422852,-3.9071061234612676,7.965503366494281,1.33375983205275,2.3443914233150083,-5.262920548386456,-9.208975947632217,0.9041361279710528,0.19299823629913387,-0.9438390975570768,-1.9258391390175564,0.14980187986416538,-4.192499145709144,-0.9604413946601797
7,-7.483336976302545,26.766799059084462,-1.4930115673267998,17.951006756645743,16.09271193081738,-10.426911936834633,-1.4048923676988516,-6.293676258079805,-7.046537843877987,-1.0188531202866065,3.14912780397568,-5.3112087989329035,-1.8134185010095094,-0.8171470383925725,-2.5661558250580847,-0.8010613145368403,-6.302421781979463,0.2727665806516133,4.136591481487486,-9.186460797959219,-3.3076476429919626,2.394235207378939,1.6812952807973818,0.7194895377692153,-7.107895599723038,-3.3271260318252796,-3.2309271006472495,-7.808948631100254,-4.7915372072406095,3.7527053682595053,4.651142477774838,-4.072674368901463,-1.8856953340985634,0.9814056948920075,-3.3730118049175064,-4.625945055530962,1.2338804928997456,0.34894887941643243
8,11.591531125148943,12.070167702629217,-4.310734422129786,-10.097200869453843,5.382781214425264,6.245276086989339,3.234904154158536,0.2323785621957888,-10.336433450566107,-5.801714819333814,-1.9371795014688895,-8.717609478786818,3.9729641725336937,3.938921895436493,-7.941683285239341,-4.794839750920318,-5.408383347404713,0.16305426418275515,-0.38418945446996366,-1.8145125549861212,2.6554417048969627,0.39861274809924024,0.24655727782669667,-4.645396269712528,1.4768792587300195,0.5465480873702601,-1.6760393481890858,-4.854810260670133,2.4715107663705504,2.15742424114572,1.5287823477812874,-1.0951914116941617,6.44709754917846,2.1313078284278997,-1.5166294659087423,0.06074990372267716,-3.4039081968420355,0.7151605384483368
9,18.409259924772282,17.728314268262263,-7.451968833909421,-6.696544403583616,3.506118264298629,-3.1487237153352856,5.918048738774089,-0.4441649051911619,-2.7472528500019755,4.283150289691683,-1.917216678954992,-4.018818059972046,-1.7004910531841224,1.870731134873997,-12.436417395684241,-7.712462619179422,-12.915574054543988,-10.75605016158862,-0.41648028744556786,-0.9245721876905559,-2.1302692081450316,2.6152077651846026,1.1660071419359743,-3.576762840203976,0.033231202178417685,-3.900553188206034,-10.290591718764226,-10.095089544953455,4.7261349241503465,6.665883999621709,10.039036208477654,2.6032222632120288,6.185536705678922,2.0847096824118654,-7.713058883535618,-2.006274544628474,-8.915385604243657,-2.677916923239226
10,-14.626709643046462,31.857762799531944,-5.393034028433497,15.966586881812717,2.6232156089825507,-2.6022560429865274,-7.967440594095855,0.02233343523641383,11.560553447562727,-4.646391139472112,6.6945026592242165,2.2527866990284453,-0.17837959366973266,3.826047428034655,-3.075398728405954,-0.34219239193431333,-1.4783027901924568,-0.9434046671588079,0.9827937024214888,-1.4149829670537233,-3.6320989490245337,6.088445422440613,-1.230167434917656,0.3169990969055318,-4.428568081049886,-9.157637469282673,0.5676664661927289,2.988571276783574,-2.2232052173056127,2.172476346090665,13.095158860953395,-9.128876038168698,-9.156288516411447,-1.214840888568626,-6.681819953595937,5.408053491959266,2.737850009961382,9.41373786492664
11,3.7636916651651964,22.60817705461841,11.405870730091875,-1.728334598701974,18.113186471121615,5.703475670317751,9.924010779191924,2.397527682213669,-8.803908871398182,6.414958110410924,6.959130250961289,-1.258219086271786,-6.18180793652282,-1.3312144313749386,-2.1214860640383337,4.290520473410138,-1.5815195244834932,2.2281771484778687,-14.6285614563978,-17.147897596331894,2.1257127153924986,-3.067735421310897,-1.000741201871894,-3.161754830452609,3.4262655293062485,6.645863320413949,-10.808221475265373,-6.339026777954643,5.881143523813866,4.284111134327846,-7.721595912934481,-3.490441634195709,4.0217317677133355,-6.240382972264672,17.835614595752453,-1.377844095533795,7.0938045291168015,18.37431008772179
12,-5.702375244603964,1.0728859009900806,7.560797883925715,-13.73120266301959,-5.9326948869003155,6.6286239626813,0.3992945348312802,-6.315498603795496,3.482049458535528,14.598033341546012,8.056083728493903,1.8660280311396473,-9.700046148027678,2.195904566835787,-0.00679932845690101,9.41194921688836,3.7479852633138635,-6.128272277049,-0.1465576534596382,-1.1753550260681291,1.4097011166608526,2.195724588296461,0.09099289322872248,-0.3273175860888259,4.210732342362861,0.11731334354032075,-1.3983825424668295,-0.9023169149327507,-3.774495164985934,5.08646170954119,-8.502022309176091,-0.7923321476898613,-1.0847599056929569,-1.0120277172299372,-4.946969383310473,-0.17908306540850372,2.1253837496567205,-4.597365475733486
13,-0.851898870506684,7.743112719315374,-4.010041078932751,-12.934111213956143,2.6532985359583012,7.963898890886953,-0.297958932178354,3.598772113960662,5.3867751420000936,3.7374533981711378,3.603273295577637,2.590877957338783,-3.309916844812837,-5.891311444188749,4.183960604728904,6.008243267152186,-6.036591992960823,3.830231126106163,0.19613557340565685,0.18806663125092038,-2.827388933151043,-0.3803080558019529,-4.974860387561615,5.6511005006366295,0.4467947954516544,-1.28870596620022,-4.58046449910878,2.3309934366238854,-4.18627163395371,3.8211370712951065,-1.5299660038025455,1.55926613973889,-0.9242653457217628,1.4024577353530212,2.888752808025749,2.5858643941960007,4.5233514148763,-2.6357438900355525
14,-2.8890765844752457,1.2626666424913828,-3.5295582612649468,-7.16624370924675,4.114557078118644,0.7157172240471146,-7.184308968459691,-0.1262119916387017,1.7747857113224392,-1.3880485275291874,3.9891875123634186,-0.8671425117836957,4.9936657012527075,-3.0654008165653233,-3.82133609148796,4.044269708621268,3.2511935122997926,0.4633030207064261,1.5318137515778711,-6.499126103173429,-0.16813191615990014,0.4944850480297516,-0.7027074104522281,0.5405473725449635,-2.3952831207955363,5.896121781290689,-0.8091796318218956,-2.5959353333138298,2.217454506126255,-0.8859177274643457,-2.6603954983831595,0.36619478635920044,-0.0875610610606469,-0.5134784249587612,-1.2377789227237286,2.1705229774076518,-2.0072431998923985,-2.554388785470479
15,10.095678977223113,14.012193913577189,-7.76804013613375,-10.321409304365023,-10.53732507064043,12.388511869549362,4.474073842142251,-0.45787474630392977,-4.003979912904402,-2.934438062231159,-6.20800167370587,-1.692752242191085,1.6540692025181474,4.136738602893934,-4.193434612335915,-5.217956877664012,-0.437834972547911,-0.06648907329801593,1.8758080018366872,-0.4390050109181869,5.6735070631344655,0.010192443059324596,0.8946879820511053,-1.9310743515604905,3.958527112512322,1.3470339910968412,1.6221381115192361,1.0174486109369494,1.8120140992832687,2.6213138916292404,3.468588527782125,0.2781737698873559,4.4437626674558555,0.32117830454678614,-1.5199076070891988,-3.1591212297248656,-0.8718521518335395,1.1403891116306404
16,0.8948153011725202,18.125872875980413,-4.823372211038933,-4.346874027898556,4.099374469465113,7.142670107823767,-1.6072914254894015,2.8650051550042077,-7.2859346539744925,-8.382167141485901,-2.67989833622034,1.484478997445744,0.5158577164956818,-5.463636450884119,4.124812545798562,0.24343676900579508,3.8172516609233025,-1.4349470772904094,-5.927756975168698,-7.696081835308945,-1.1354384567624314,-2.6014057194551445,-5.80482212309629,0.10653701695388618,2.5647327788669245,-0.35552821268488016,0.670764663273616,7.459593043201025,-0.45297522349412256,0.08465979492642853,-2.2845851938824544,1.2583510980834922,2.4336079711541347,3.4681361479074786,-2.9280683419518088,-0.08449122230153727,-1.8451981475503545,2.4818421770400296
17,-7.5752877548138295,10.709550159623392,-2.3511792338086424,-2.925585607239409,-0.7786558824004635,9.632786115145514,-0.2774020609682789,-0.13790116785504164,-5.321583507427469,-3.1288769807051113,-1.3571765878134665,0.4908731245883503,4.6685440868124335,-2.100347102930128,-1.087018571233029,2.0732230156645772,1.6934367949517641,2.257235769219915,-4.555653023184414,-5.218725665147243,0.5267923580091025,-0.3355390224118325,-0.13195066399576222,1.597144103217396,4.099104219158715,0.16302190085629745,2.1136255485757562,1.6804495715766472,-1.3109492040902242,-1.8479133250600523,-0.8663986960942311,0.3590992129647977,0.8669160726043196,4.30279197343946,3.1210969966835136,-1.080403000280679,-4.144973625234895,-0.415821073082197
18,44.56645240708883,-0.5563107007955478,-6.415816579892917,9.528840027638962,-5.050560619905076,-10.559683474956243,-28.6579244805378,-17.27004101953845,-3.71467712020259,-1.9466865324048452,-13.827402822973053,11.461042447831659,-4.491094370703791,21.70147768536677,13.236785030699474,3.6028299805773054,-3.564878041512804,11.862810480319403,-13.765058025128614,-3.609383112898744,10.426328059736777,-12.845909120574827,3.89282587056458,-8.344739986734599,10.979113768814113,-7.764723114239468,-10.448109295379181,-10.918297045755704,-12.300405645248542,-9.23283374387623,3.9453812758190265,-0.4089503380124164,1.8101505850264945,-11.398305984376075,-2.726860775207716,9.197607239863109,-0.4098546685636953,-4.363951870484153
19,-2.984685691462251,23.099268112717002,-8.774099436264581,-1.0067622869158295,4.173754908064236,6.627204430589342,-1.2167624730513666,4.917706629432713,-5.4344071917605365,-11.949849799907804,-1.0834239212121695,5.140903482636631,5.662771468311014,-5.366408905278512,0.7393620162053726,3.7860797595069835,-0.06554787022300271,-1.9786549396848316,-6.130940288551129,5.439175089471203,-2.259704108061442,-2.015652721608539,-5.5646224251895005,1.5512281112350395,2.357266415955933,-5.489500177506995,0.6957332731207655,6.415691467324064,2.4378991939425196,-5.329188931586357,2.9314591545587234,1.0690830870000494,-2.86129075880381,1.1797406285861651,0.40967640857773246,1.125963354710595,-8.858202024444802,0.5767549845442294
20,-10.599329417428901,27.918150048421122,-3.612116987316333,8.471747602943868,11.211986796833509,-2.2457530409386637,-9.943343616324634,-0.1873603636641149,6.854865830612785,-7.333081220577089,8.255271515872247,4.244922563846569,-1.1222519475652082,-0.7193911339658773,0.9421643246145203,0.5729305552805497,1.1651413068476006,-1.2965817972700697,-3.943110527742108,-5.209349791550496,-0.3925881782211289,3.6974771460620826,-6.1830477995357125,5.928787318067131,-6.650161961800075,-6.806366366233702,-2.335888282171954,3.779935749244274,3.8401158514860536,-2.3163951067422843,5.4956106926658626,-2.5299896068116636,-6.805697897239117,0.6274915752621808,-3.3286489932860066,0.7736170417103747,5.590131523640007,1.7370808520039196
21,-1.038975260563376,-1.566535356136791,-0.6371699478070374,-6.459215563688025,0.8102645010548912,2.972301075267409,-4.652650867258458,10.386439028420202,0.6691569591159897,-4.487621333639124,7.033655371546143,0.026461762633594246,4.714553517296665,-1.2041122210794515,8.078322119114135,-5.075244221840567,2.1396668707008986,6.562332592669668,-1.670118193974339,-6.785969724941149,3.9452073683079774,1.445186402016432,-1.7523254055753852,0.517130046080727,-0.6227884248251492,4.259517075586325,-2.664460699616255,-1.0309504306293402,2.5694610751189675,-0.6216849452450989,-2.85204584994322,-1.5235131947865708,2.418022645554042,3.1789432682015883,-6.532793309862869,3.888226802463542,-0.019385691886489115,-0.09552900100724766
22,25.786418296883312,-4.86244276121643,2.625543494885662,5.445366437665218,4.459303481936289,-3.97433794358151,14.856367659841062,7.028722455504621,-3.382425968684708,-2.6245846090973064,1.311238411125419,-0.33281937538791584,-6.381042596533799,-6.967528733600373,11.103194534442082,5.8401259439006425,2.9368106733124515,-12.81940800059062,-0.9464849505838311,-2.519035935418171,22.5322368282453,20.838066554411526,10.507212191649218,-4.932164224151801,-10.359679906265374,9.462340917118606,-5.943230218284799,15.744004802042387,-16.057384556611705,1.7773382812220622,6.017994087580258,-10.412589559861177,7.493422413465359,-2.561860070797861,6.007275996144845,5.26848136133977,-7.104929326526546,-3.162219086541361
23,23.348459241937658,24.90299320854903,130.20613869976756,-8.163202379729505,-19.977116836390522,-10.583826179355075,-7.024824827900202,3.4020107859086597,3.7435263279967526,-7.926998679931764,-4.583789862672166,1.7377170114489848,3.1822405344210973,-7.101579372671235,-4.081175230664941,1.7881184729175785,-3.6297795699199344,1.1491479167523018,2.115375123409412,1.4633948871352775,-0.592039535734708,-1.4703924608943344,-1.4638366205829343,-1.0093805228721047,-1.0218900777157702,0.5391381683827242,1.3816305362547583,-0.2258262473074673,-0.4306975319257731,-1.1911770403131803,1.0189249340102453,0.6234760890819364,0.47735787906428917,0.08769672136159878,-0.7811315595466832,-0.335014101401911,-0.3269221941962931,-0.9579866004758442
24,8.083957110673358,-2.8759499695568094,7.171733965740365,-2.0485757573273906,6.513751720147363,22.586019283890472,-7.825442456243103,-11.872961456211947,-4.657029451256703,-6.442339258226321,7.52462870643523,10.328842782756304,-4.12465012621434,0.4560219117349649,6.028930237286424,-2.1715373558170032,11.86259087737613,5.442818631768112,4.197127945752957,-3.1650228560517775,4.5747127236887275,1.6754047998783288,-6.467381453014932,9.271528372294917,-2.0901163351400927,-1.1255896422989413,-6.934457091899379,0.7116667969849957,4.968043191972394,0.14324021931641703,-0.05523259304053262,6.641640485836211,1.5850392386381138,-2.638693084908872,2.336947941172329,-3.0345445577629837,-2.417649473253379,-2.588200037776704
25,32.534163930074314,-17.216691780747627,19.130602316958615,35.97099102970052,29.492214990454833,28.258376440262275,19.260314949670153,30.115372024936327,8.731265454038436,17.490463914255166,-10.823221276792495,28.600287130941126,10.415357626545283,21.166309614281367,-7.241708613995755,6.969257515916345,0.9051487887408702,1.6624633144016554,-4.835406300967788,1.6170369481380684,-8.34248560340124,2.734326607797969,-2.970677231479219,-1.9463734550112246,-5.951276450447005,-2.777162707915412,7.81382081991411,-1.1971797927579042,0.13585911920543425,0.9650753805922488,-1.4513990645376442,-0.4907811286171567,3.3204663326819226,-2.2067639705700977,-4.464266772135811,-0.6082541589636081,-2.8638040717442976,-1.2194442642678942
26,32.11098252275524,-6.013811870995948,0.5527002711305828,2.2024433618935184,10.745751237380247,9.10772595221756,10.998088042690341,5.924613745440041,7.904335803824141,-6.256073051884414,-10.646871507330001,-5.352709636439238,-3.8740453607116154,-0.7801366203816322,20.195823737688716,6.4175740549549705,-18.891603687665214,-11.361455284187622,20.385937355904524,-14.616022329282774,1.247207826675929,-1.6879056229025349,14.773307515950695,-7.719740688729852,3.509345214339809,-0.6310634674659951,1.5532127776497986,1.2377440120961989,5.958110594837194,-11.09789721527723,-3.6836831109657915,10.797487600963475,-9.690511585970688,8.656358610668594,0.49276853453205294,7.589271921398696,1.677061509437865,3.758060314657201
27,47.54787286822679,-4.614092471744398,-3.7791024139258758,19.0152149010322,5.19862591978918,-13.417139679449036,-4.19775975591567,-18.376097979299672,-10.829128267419009,7.997003748228811,-10.316678222460379,-5.673104463773973,5.102410747612694,-7.04552505177379,3.65016871253448,26.817058226179476,1.0531379580437545,22.521242052221492,-0.10978211714749231,7.7779890625846555,7.918762567907647,11.726520467540182,-3.6008175710474255,-3.539968075839657,10.10878618020047,4.871492083630457,0.5576290878076464,9.688815426055287,16.554688619841695,12.222043652880902,2.4037667911948146,-0.39501701289082625,-7.260375978505503,6.416893040774174,-5.811332426912771,-6.164996281716877,4.119306226366414,1.0523019929240363
28,1.7432349196814179,-5.012198512567175,7.326084195172744,3.82524650515428,19.912143280224612,16.317582159799834,-12.140851888200789,5.446346576047004,1.344427447011556,-1.1845153680760965,3.7236458671894077,-12.007133267688214,0.1279668836679384,-3.676367430347005,12.967910189638957,-4.709924963115289,-0.3922539554127682,-4.854923462459315,2.4670930712135215,23.3677671110843,-17.176697970662094,2.5598256373618318,5.985933446818256,-5.778844886309144,13.182257823911645,23.43429611589763,-10.466621640970033,-7.1260458397700805,-7.310485159234281,-3.618042756912195,0.9569552290205883,-10.716876248239487,-0.22504630740048903,-3.6954841716379025,-6.8894048648358135,-10.698872978645792,4.850214970186746,-0.4388880073086508
29,24.35184538194489,0.4877507393715575,-9.467450814505227,-5.217008632884542,-6.9727033881835565,-6.664515687033989,-14.191966990033807,8.140863430732422,-4.0024419059770935,0.8751748506568382,-0.3027610521040287,-4.544856537469198,-6.158782368040866,2.7767993616643674,-9.775853369817698,-3.4198762442962374,4.122045144216016,-2.5699111721298458,3.0881953930264237,4.2455670579155385,-5.818932818941001,8.110278556420546,-2.577665275736282,4.718492989370956,-10.346852398524813,-2.826707761506068,-1.8294824044288218,-1.9352763577321943,-4.872027649463112,-8.581445766575392,-11.158600796475298,2.8790364643957727,-4.713262523007423,4.0122643295659675,-0.3448606362528882,-3.2458371653489673,1.2567798606826721,1.1444731452934096
30,-4.358262215803568,2.5611446716991857,-1.6341484387937903,-9.598343099391217,10.067240830497596,6.981995871245798,-11.042928488648567,1.3521887919667486,5.641442631314762,-6.639654479841574,3.539872764456546,0.5150165581140164,3.0726556288501965,-0.01060412817884901,2.6507477023044093,-3.1453514113291985,0.5533913082067372,7.66583987041367,0.6354981073118602,-4.9065477172383325,-2.04079633766893,2.466929222597585,-3.418730826445599,4.156904316051548,-1.536308688073675,3.2813536305967137,-1.5306478097588228,-0.4893529193190058,3.755187347612862,-1.1490659961932717,1.9300128147103401,2.696475177606052,4.1294559045379415,1.0957927862781545,-1.856949381822443,0.5436965412726763,-2.9015826608847197,-2.798040865165177
31,18.667351247143074,-3.9967212449048777,-5.255851742919927,-12.623659330514554,-8.288718257089084,4.686847900160755,5.280992308147379,-3.0637051362859564,-5.757396771143078,4.661103112273512,2.4243543726238053,5.1265317983792915,3.4101046327345097,-3.7057795364092825,-6.235315752331239,-2.9267398077426927,2.291522407041491,-5.552364346914771,3.1883163586738843,3.3343248046555054,4.0902330038103205,-6.101640516583878,1.664383837658471,1.1663594805262139,-3.8555418505722088,-0.6433248472398055,0.01410407308355216,-0.4945310466649728,-0.9699625931445596,-0.5954847021256315,2.1556832753065844,0.7163300092932382,-4.571998789803912,-6.921069815487998,-6.000973672929373,-4.250671544598044,-2.940831194119896,-5.3936860473498545
32,35.908074405153414,-0.6526296721950287,-7.85845318050681,2.421296590839735,-6.094687781986674,-14.597684931544896,-11.28722811079054,1.6858318276209707,7.444790165691148,-1.1595400867374588,-3.6882766460953014,8.778603723398746,-14.885585044922891,8.147719002977436,5.608210118469633,-9.458286364639548,-2.513773994411365,-19.277010345281376,-11.297599909716245,-6.48407087611611,-8.408248105865729,-19.78405675031673,-6.200715492143151,-6.46528862026118,0.8614579981646818,10.329002702738112,5.814450436541982,9.248898204285116,14.828396458291357,12.215189060595254,-1.7158899260231597,-11.787004807656393,-2.134105364949693,8.72533648962508,6.031013605355752,-3.9057780475813653,-2.3090599338680424,-9.473640173940728
33,-12.24940522842276,9.111909484348779,-3.876395703384275,-0.7350099998215807,-1.6463481192440246,9.80403304744097,-7.697203126354648,-2.2770743688480666,5.613219975934696,-0.03679212046226063,1.9938711690304365,-1.3698886176775993,3.4525068018681995,-0.4011346343231987,-0.20600488743063666,4.99807330050795,-0.2058161329110401,3.9712831541963363,-0.22862963322093868,-2.699471802748833,-1.1815063004942095,1.888697402781313,-0.8954588300206412,-0.28844375839614095,-2.0150729283544866,3.62078512656441,3.0086117023328462,-2.244046781991839,1.4225091881355207,-2.199928711214897,3.644576530532275,0.4767366531138906,0.23247235967089244,-0.556744933203086,6.050550925631035,-1.2466890613263428,-0.1703892657091488,-4.010993928804949
34,3.891822177915127,-7.431585462606085,-2.0318801052232596,-10.092845759950784,-2.651648375177724,14.390307296677882,-5.525552645998237,0.2318090256102443,2.5809965410347013,-3.7464646011929803,4.216493729731034,8.580651382171439,-0.04515800385524796,-3.8358165348152458,6.8013421190400685,-1.1487975535074582,0.01622389523493309,6.461100775572941,5.940536247833879,-0.9161432483519308,0.8065922515048355,-3.1042145949792914,-3.8291891581660327,6.012624820019291,-2.109251721884358,0.07412439100813711,-3.1602085704654757,2.7714662189474684,-0.6944423676074789,-0.48031039215150106,-2.5412693093043033,4.051204002248291,-1.1640891191676324,2.4057211395228277,-1.049215709385031,1.4316906125554452,2.67810921724447,-3.798086340505901
35,-8.53052833322795,-0.12449015974868738,-1.904113508820074,-5.755115906665209,-4.587807679874777,7.432576495715688,-1.5541725854682449,-0.3363209929770199,3.680027229987167,3.8872944332381,-2.644774253642936,-5.072213242000449,0.2565093256200507,-0.07827066351198794,-1.1993227544480813,3.556500077468608,0.7918238871280225,5.313010671247844,3.6390692588047973,-2.533193070752633,0.6003043758109967,2.6817416859265557,0.9254345527865963,-4.084092320183274,-2.322426367955111,2.7725372085128526,3.72297135624997,-2.9179055664124185,-1.288043087101223,4.649985450568691,0.24612653045483124,0.9429080860245774,-0.4917417330527511,-1.9178161765181758,6.691526938835975,1.801120530656171,-0.9651552084715196,-4.630843881539343
36,10.456250463820664,5.246102839675387,-3.43285636972458,-11.316502774046034,2.0724319206342923,10.037093138761627,-4.826754673728987,3.4023848764717965,-2.9781318780125487,-5.799305020550602,-1.8390242828021188,-0.7996962363154183,-0.2953719462031371,-0.5652277661805447,0.40432149029573905,0.8878514161456441,-5.855841426247219,2.1089024617172774,2.562106330374166,5.944910393136977,-3.7014468103173965,1.0063477907616618,-1.987586993792625,-1.1815780665307245,-5.030540706412585,-4.7086442286148,-3.0463573491028946,-4.383124108486239,-0.2878672210500399,2.4736712967616628,-2.0989913933224438,-0.6143981525094561,-4.205129421414915,0.7483057122801992,4.053955343545928,2.311166755538654,1.4316756857488138,-3.6931765314077944
37,-3.9261927576944187,-11.822638247350035,0.38737738844942116,1.05904603870336,4.800685112818808,5.393872602645483,-3.0240486793149834,-1.9868905525247205,2.6060359908594934,-5.028944765741864,4.549113687082266,2.840845606668476,-5.503730247519268,-3.8777714661607585,2.068629522239261,2.158271480380479,-2.263577672965483,0.05566739987240288,2.911554282298249,-0.7010729385798236,1.4476148693047841,0.9745481998124129,-5.621415973785316,-1.7814380105732976,-4.53159705100407,2.305297790686194,-1.3196681921486386,2.2511626428784925,-1.1567530705789004,0.5699812255641,0.27949994428267677,5.546099441505046,-0.2661149793135487,-4.628273062297152,-0.528881791389683,-3.7026731419980763,3.3622810635377145,-4.410929144768064
38,19.816257169827296,11.374536472166874,-8.196354161271028,-23.66417464412534,-0.9297072750857929,9.166134666483018,6.532404035815917,0.3203563207815649,-9.558196163143212,-11.31305343236466,-8.059169763515715,-2.061540860155528,-7.709270861880523,3.7467799556655237,3.077578178273307,-0.8201237117617224,-9.573102402236712,5.057978291877626,2.058781101032033,23.546382113586127,-1.717090984497397,1.8869610580212752,-3.2787076512132125,-4.742279842219508,-11.813780591106482,-12.44318749057337,0.35124589056975697,8.292104447935422,11.104504138265522,-7.444629224963081,-1.8725357502189293,-14.409124711331843,0.15643119204259898,-10.385572480552305,8.555322366872502,2.475843893200392,2.2916752308761428,2.0554570752533894
39,-8.659678226654176,-6.587917788474459,0.8637729072033011,-2.4302748342049805,3.1462824355272927,5.263988552453478,-6.856612182171237,-0.2706471396069843,0.5029772373928397,-0.5250381696772595,-4.4955650939915905,-8.859952747066256,5.003305731304325,-0.044639312050450686,-3.901931345892195,0.9674307844493224,5.344083777748308,0.22867568251402032,1.7012412654097726,-3.146504542522486,1.3771566082860276,0.03962037296163343,3.852400215791919,-2.577809286947981,-2.2692434532593806,2.728672881475366,1.4363001170800946,-0.18505570405510954,2.7474919589631552,0.730954814743295,0.28008532304011813,2.228640476260389,4.6226305242287795,-0.08247305604317853,1.991756102503934,-0.4266897799766799,-0.8355064518779098,0.9430261977692599
40,35.22152013854018,-3.089602393157121,-6.2135805639423705,-10.394120701662992,3.2556085074107033,-7.6901887075688915,0.29926692193264914,-23.725000955319125,-0.8504508542266492,1.9183451712480686,19.331751743918808,30.225635307691192,13.771384261119739,-18.686471868566734,-1.0715997228364451,-13.136212426375614,-0.2802366426833614,0.2175169250927836,-8.423701593789518,3.5331606755405343,-11.587694718947173,7.518557018581204,23.16683894222223,-16.65672484352757,-2.8621135163194786,-7.174948042411336,4.99575966384317,-3.6241311908146785,0.07112576846296587,2.049326543174222,-0.8432436786577541,7.008164000429371,-1.1379478696456584,2.5500450306187803,4.211911698817206,-3.850319502724446,5.342770796664983,1.4749170344481133
41,59.08541603138217,-7.1381858960288564,-1.7990616092292568,6.222852921652336,2.1616146961011062,-0.0963725315081323,44.43217378573881,-31.106424119249073,37.215039301795535,-18.967576803181363,4.131045510846409,-22.149926036043553,12.98923155483282,2.50303367481686,0.12640069664944809,2.137756034227006,12.730388466769266,1.3933663972558912,-5.99793006798312,1.2584889735410216,-5.845098677484104,-6.961113092368758,-8.627080963443404,1.7682732531736316,-3.537649515694153,-2.801332089867261,-4.863316457767272,-4.353949114678025,-4.995575902571291,-1.910275088220381,-3.1250948559841434,-2.1058703175758997,1.084007851308203,3.0336250425415803,0.19660681673237146,1.1265688498134772,-0.607749053781985,-1.4434907791107592
42,31.06229269930799,-5.054086327693833,-6.867950210594107,-5.720279215091611,1.8935617496093877,0.6875644135696146,-21.354562121368815,-10.705296351570471,-0.974514151861853,9.771402975289696,-1.677662895794342,0.84445181054541,5.540094471509809,-7.263078454272579,-1.2675807812443916,7.293200239301603,2.666372374021128,7.247851342341121,11.80522249138278,-2.877288525522223,-13.545612066178187,-20.149004197796927,8.348391823602471,11.867370548905289,-11.42142345157168,7.897110448318734,4.399921761053791,8.595426912253286,-10.737961579589545,2.787958092786532,1.2204881844876476,-8.252365767759457,3.330035377964418,-1.4093461620456538,2.6457237585865006,4.135169478320782,-13.047319606160919,11.08786847624847
43,25.120123824015756,-2.315008620422836,-2.8642080114423947,-1.3857040742900983,-8.358466292452299,7.906537901022663,14.239319137274236,12.423806725250781,-6.329046656337214,9.61865979470971,-1.022127983740919,-3.122660610919525,8.63739897159438,-1.847320930433788,-14.406044336218358,-13.107137355276272,0.5074182847836606,4.45760478597749,5.324373394307249,-4.727958690043815,12.186465122851281,-6.88544427286268,0.23477960461129405,6.795914170690539,13.451021032009908,1.8031668605374036,0.9732753289034739,-5.424794440284034,-2.0921271601102647,-7.662037218680757,12.341176493245037,-10.030376681891799,-9.820901015952492,4.571297372371334,10.12088869790712,-0.929543122183776,12.110930293937354,-2.0552944273884757
44,14.57377706716245,4.689103645513292,-6.59623716948115,-7.682211439152738,-0.6083378730335622,1.379714324082455,4.3208275239799985,4.368202599685885,-7.788141494653294,-0.07788739914911794,-9.920447337940264,-5.999768861129127,1.958430109137023,-2.10317225177259,-7.74189219928474,-4.324932589177692,1.0037660867245954,1.6505145571815116,5.269033219221309,-1.4610334932737228,3.5029302083683707,-0.5176678597055213,-0.6750995351690843,-2.3311406260168672,-0.2551019858049267,0.10059862854061165,-0.7775655773644967,-2.9438458376692695,1.5789846114773025,2.6723559279052935,0.5502071995993482,-1.217426581568552,1.278292556020305,-1.0129963784330092,-0.6338332822858683,1.301564641090108,3.8160140174868076,-3.5085916894438522
45,29.39020576095444,-5.121474405592814,-5.640007547315288,6.53225616487879,-9.75703134649384,-3.005782814514062,-16.989153285616418,-0.8475841882133738,2.477473716842945,0.8466407413145701,-8.745019603891702,-1.6153955897465457,-2.6502291300063296,11.57351338693769,-6.143572096585065,-4.784418159485036,7.242127139338455,-9.146219560411437,-5.627239779287404,2.4497715683144934,9.467511440474278,0.7874459612087593,-2.5532678290647715,6.940876402771897,-7.8086296959298975,3.250822876198912,3.3518388103477577,2.6261956332970473,-12.115961382399291,2.256648700813601,-6.08844766900507,5.128519733239028,-1.029151351644711,7.83675789718025,-0.42117290301915755,-6.78248733877971,14.9499087551926,7.289504478209793
46,37.03912737753892,-6.500287665471161,-10.597129475913368,12.82852042883607,-1.624909372168693,-18.7938172564236,-3.07219391884768,7.554974527068232,2.0439006790137184,-1.8974245893254988,5.230663712118366,-0.5899370688561709,3.049647119407884,-17.063720237273508,13.278175397593573,5.287909439102162,-10.638449320288283,-9.57719995584504,3.572300697330386,0.08292078031816552,-0.15079282627550106,5.230274683046858,-3.797230991225037,22.264041868249134,8.899880564526693,-7.405887431477666,18.31121477449408,-13.118633430733368,4.884517745323347,0.9712438580755922,-2.361407031470499,-4.079035612551619,20.552767320273546,-9.963102471715203,0.5537532057764967,1.248032465943684,5.176422259586729,-1.391180607011112
47,46.02658966915745,1.9183769345561097,-10.475164520095937,1.1248402515515277,-11.391685276307161,-14.818935283023865,0.7124323180429529,-2.5836991444578494,5.891176354155405,9.716671720991394,-2.8317541471140255,-1.3342480319048042,-9.963462478374701,3.05940991329869,-15.441130972682128,-15.101873421186504,-4.703213893463414,2.775373466499571,-2.8398167104140777,-6.667006936350887,-15.67287946649985,20.873550602242226,-11.22297420376174,1.6886295938306084,12.838007441535561,12.108653372644417,-0.11046476909547831,14.315196118523026,0.4928562419735376,-14.133449317884743,0.1724066703097491,11.360464873133646,-0.9089966436780512,-10.422483755374012,1.3005593372167774,4.584734779059858,-6.029463806931653,3.301400990880013
48,25.179410926321943,-7.585496302129206,-3.73447624962203,-5.23752809351611,3.052471532002198,4.042734517168791,-1.428001699161491,-0.5663156133667722,2.7081288955644602,2.0784497436927247,-1.2370568367529255,6.074076215550262,2.5107305164592644,-6.336471873216203,1.0906013337460005,-5.781615110485965,-2.6885612745072907,-5.65108158767731,8.637408161389164,-7.945056178558792,4.785966226363327,-6.538635479638712,1.616357384930265,3.0350881769829012,-3.8497529587393413,2.821383577673667,-1.552697593605215,4.450471168858995,5.503185399770292,-4.130355954160187,7.670426900501631,0.13060202296662687,-1.6285285959265356,-1.61574817725938,-3.088508106256609,-2.3360298109828395,4.267464422032996,-6.398771733949841
49,23.548236248652103,-8.947776906698966,-6.5614578332369415,9.776079797844645,0.22847394464780757,-12.057095395004922,-10.363310960205647,0.8379848545725799,-10.621051563914387,9.168720235100556,-6.257964039491993,0.36952190963241593,9.855005300819343,-10.40929299676693,-9.467637926777144,5.613089399005251,4.689674888869963,1.2664748067315212,4.324731632822668,5.018540691171264,-2.0673531192098205,4.002950599768292,-1.3793562598209632,5.369116835006949,-5.299279716244076,-1.8920362839807756,-0.8920230979709387,-8.9259735282039,-2.184214963932509,-5.065928677841662,-1.3694654909728596,-3.4835897057629603,-5.48616652404734,7.552719345042604,5.78157571621563,-2.1782827673969525,-7.001913037580984,-1.2606432863225796
50,20.10964488963589,-3.7682923299667577,-6.796656844743167,0.4527485046278534,-3.6201937853873414,3.617259982575265,-3.196475905508103,3.5879806278423603,-0.2511883367258454,4.1661259517897795,3.5755457208262973,1.7068885222132035,-0.1346874200347673,-7.402872833753515,2.4659376792345786,1.221198039926963,-5.312193000814187,0.926449745031788,4.16551393786949,1.150055242053844,2.3876766811456367,0.12550903024000154,-0.9722673878062902,0.24342670550559034,-3.2475840451474802,0.5673655477576943,-1.4974099118112534,0.699317618013632,0.3987308491958791,-1.2984707763532697,-0.3996568410273028,0.3771522305098592,-3.9825188339333737,-3.751174841505374,0.07491381961765918,0.6357162066602328,3.691459957925251,-2.830789156563881
51,-6.58978579526031,16.011127199641237,-3.9164641035156316,-19.542085158305824,-4.866003455448154,13.992866515699394,5.360699548007284,-5.041155047995153,2.873926554275896,11.587386028071265,4.876736894053451,6.866080103297982,-7.898853976925463,1.813530952051611,0.9346630762933945,12.247188349705624,-6.996659279764254,2.1794919605596443,0.640326197438476,0.8940782847822482,-4.262117106364403,-1.926277886928368,-6.627875593708774,2.062076547461325,8.166871480810519,-3.3391015606188783,-1.4617457354717986,0.5066012925821294,-7.513810006892149,-0.09744090380046272,-5.484932564019087,-0.3145880759018252,4.927814457173257,5.496653483684768,-0.9941934045389623,-0.35713260200922897,-2.149645235671791,1.810781880640713
52,23.5937561222783,-3.080371431148029,-3.1780310247230474,5.119539153300682,-13.829162686412932,2.9439014834066386,1.6073639060970628,13.386429611067971,5.284442274841547,-10.945732920109137,8.944754451818492,1.7235735037441746,-4.323716412589446,1.2885973040892569,14.23206656237155,-5.853041943548182,2.7341055528926255,-7.280840317915338,4.859707127600698,3.3058188082203435,9.153542376445404,-0.07158825617477621,-2.749172239994226,5.729324745220378,6.492916871035709,-3.12810437984433,0.34055239952364535,-7.1691219631686955,-1.7699361287185864,13.245488345245148,0.3766463199160929,7.499333895028337,-17.133335091300133,-11.6210598841174,0.6840226891390354,-13.779018556334876,-12.923765744336063,13.654866183002696
53,2.7233735713117175,-2.2863217744201654,-2.7899276746024038,-4.235226982250809,-4.697454892899319,3.4386909079804306,2.6879644855891667,9.921013225128895,2.4840769902978304,6.228477845732741,-1.6565810196135582,-5.013655159878609,0.1650121901971633,-1.6643184056784182,-5.058399514737337,-2.169161206875377,-7.719453536759126,3.856573685758373,3.441805122243502,3.658095689099171,-2.4633419936814627,1.4531178243505773,0.5914511939592452,4.1403503155616965,0.9602582608738229,-3.561163576562899,-5.067161369516265,-6.161886148936741,-4.933222781497495,8.259770958277851,-0.9486680874227772,-0.24432284919366978,-4.876381962890628,1.2551698045299426,3.6013835409037096,3.7584737995367945,2.9936177432569595,-2.866771196386822
54,15.037992635816233,11.819598954178868,-4.529848678977359,-20.67554236572623,-6.518777396410554,14.408953019704086,12.388016809823547,-5.205404965829393,-12.39242942021938,-2.534136380727057,6.303818481560483,15.26403777547888,3.3960461619022277,-2.7491378675707283,-3.356388571853091,-3.6617141011211842,3.9632389323883506,-2.1556390739396356,0.10856438268486401,1.7129644997389648,5.804356841110861,2.773380905660781,-6.455737634178824,-3.396685423957386,11.274904839144844,-1.7069726120330007,7.49823057441129,3.5471854221532815,-6.537251422734957,2.99056872223988,-4.180061820078101,-7.331962829671388,4.583243124605222,5.921614122248114,-12.056232460914824,3.9073748971822893,2.183381505185416,7.91576997808688
55,14.811937744185808,-11.641360066404598,-2.278154587685831,-1.4680679552390363,-2.0707071906053804,10.605257122417758,-5.51125711380941,0.5549617275355476,0.026324372117668138,0.284640287041421,-1.6083240666300762,-3.4111536640116933,8.03295415265149,1.2932883332035623,-8.045915147785255,-3.9950526419642407,6.238227010232368,-0.4681075270314776,1.6657889572320117,-0.03279082999741234,7.096545451260303,-6.137122936495783,3.3142992035644925,1.3880976776423284,-4.419212817188986,3.86605324240325,4.513327503679986,4.928709442237096,-0.27824537926187287,5.748757205415645,2.331463224055229,2.681003664315035,-1.8865435304678362,-5.977769158470817,-2.218496561760317,4.142295783715902,5.657840613819575,1.386535166100264
56,-12.81812529256235,-3.511784494558529,-0.1148213602412885,4.153452995051664,-5.653084267952091,-2.2537671585324413,2.4401092559182347,0.45769217770311094,-5.0718626869286165,-4.989197569063271,7.134796378476976,-3.472385717536027,6.912010733442644,6.329527679437348,-1.6430063285414485,2.3458991232756436,-2.5902184752988573,-0.2199438982814051,-7.09463203852755,0.5695562899768002,0.6115340870277125,1.6855511023950265,1.975977910991542,-2.2294595568112876,-0.7329762681660458,4.8297984999107655,6.08826105563874,-0.6586824430295533,-1.3161607734755314,1.8841297608635144,-2.8372491553603214,-1.5848509003582283,-4.868366438187135,-4.365440571422344,2.270169248825134,4.349433346606752,-0.6400673794104192,-0.6596235025134933
57,-12.802066731546983,4.508039761995005,-2.870452763214393,-5.549623592973723,-16.605563708874477,2.3784461017997245,4.423235218473179,0.3644155166802735,7.311843812766594,10.311636508910238,6.368996245062282,1.6408439786023619,0.4346916077947798,4.954742544480158,-0.06424029522017415,10.27597289030342,-0.36628982998029713,-3.6872111963951664,-4.132995138842887,2.5807948708320634,2.6053806264292625,3.051447750583683,6.00967710293043,2.269554921575172,1.3544290734027804,0.021413947271838582,3.6418842761692214,-4.74312440324163,0.41770602889540026,-0.15324856407273524,-2.0486914513985273,-2.0374636053625985,-6.361376455254032,-1.0100540062399945,0.8675813305188567,1.057843903114936,-4.892088387294411,-3.0883087159363907
58,-9.41152324246413,2.4893434060789743,-3.4469705380174167,-2.6831746784518624,-0.6703939076297114,1.5002322507514494,-4.858056942429702,1.082440389551884,0.5635281890437689,-1.8785870787620529,3.30926640736692,-1.3718847207643443,3.562987301242292,-2.5527329940207295,-4.623067885059429,6.177847233115378,0.30538621695476525,-1.1670960765357887,-3.5401515980079648,-5.4619047304738775,-0.6070951456631841,1.9734858973467269,-0.9222463819095701,-1.6679185997335952,-0.7029939443484788,1.5469985705729468,1.5850147693145593,-1.371957912685748,-0.340193850256784,-1.8647258888854947,-0.6439297774820533,-1.4049593837954446,-1.2199102751600224,0.5979719185089298,-0.5072594709342808,0.38671599462346085,-1.243439852079338,-1.95378662985029
59,-7.084717531476316,1.8028533298224887,-2.5717315612729443,-9.296142231714729,-3.844552754613943,4.492189086802851,-3.1881341759146515,0.197390869125268,-0.3640616774385943,-0.4680439539054378,4.422826146874442,-1.207129840646219,1.3013635184588366,-0.28247855938769467,3.109762440253523,8.705201958835238,-1.4343430216761115,-2.080368508131415,-3.190397096098684,-4.245517404396666,-1.63190397725328,2.087189734179806,-0.3577047410474681,-0.0877384038490076,0.5208107721923206,1.434894546269751,3.6335696565494957,0.4058789546219027,-3.2765879691147566,-3.1798278453318893,-3.6459842446354784,-0.4430849674583953,-3.1377796676215257,3.1736375373787293,-0.47909381754184543,0.1872208015616823,2.6069177503871583,-2.6128465529755074
60,-12.073998630645274,33.64320055963091,-3.4049613927329236,3.2036593611578863,33.37722595347602,-23.502702511911234,-7.385638429730484,-0.1827410055859351,20.147426774205584,-8.59914902872573,16.520275050762805,6.528950907441961,-5.005099012254346,13.03106465567885,-20.65379409523131,0.21328009988542593,0.24642444879558545,4.775949014471737,22.570980681059254,10.094060504945375,15.938923666005458,-6.910053771562284,7.614038361113393,-2.2567399756747495,12.544117820439293,0.7106576667104372,5.45992333497144,6.391863415264158,-1.1138050458514621,-1.1235642061251123,-11.83749595113246,-0.42094725972080815,3.1647903707870175,-0.26552118928378077,4.314609198699264,-2.2134466143467906,-2.435349170740463,-3.020422438671059
61,-18.08292058886707,2.7472438749507955,-5.58249963172497,-2.0783756254993673,-12.104239614681656,-4.002071109936185,1.0039725005085018,5.7973241633722,10.478651680013499,7.589132660342728,1.0095974585871563,0.5741900960330821,6.377764712733539,0.9574565880707198,-0.8548576754264547,2.9194853502239293,-3.1651370255822022,0.13335958918241203,-3.1400103749540196,3.131528216663629,1.795689659834113,-0.5873864458631989,3.0560243440323687,1.2959599282871839,3.325215582087477,0.9151875553350204,-2.692147753056337,1.5340351694866947,-0.1232160141466025,2.5821305882690004,1.2366937658938695,1.8290415655114967,-1.838209960976729,0.6291111934483973,1.7427711469480678,1.4259003162433945,-1.249131983979755,-2.5173571388539324
62,-22.674376678993656,-1.0460236646001237,-4.34738226669497,10.332612346875633,-26.610196416007323,-0.08968964647044403,0.6197438460624863,-0.18909694116797382,8.27616868216416,-4.759351445816631,-3.9447851423015927,9.360626450212955,3.174456812743183,9.028315419891927,3.1903845964504938,-3.370924054791593,2.618329639623611,3.2367641677291674,2.6584850550150376,1.9992143192368708,2.641516691183221,4.8989099494990604,5.754782911556867,-0.9873095175948039,-0.8492753355500308,1.4305489604830994,-4.535314952325695,-0.5326367278114741,6.864707745475035,0.1364205838091036,0.03842570456881478,-3.6883712299973785,5.670786910119189,3.528698269901414,1.2794849854911663,-2.7511575729623674,-2.097676529736537,9.446139134430991
63,-13.943665037657881,-16.287838485226224,0.8960294001223676,9.693958191258638,-3.4411397777263097,-6.61891128117844,1.6337515894457246,2.6691539205934025,-6.750813565590466,-2.6793132388835015,6.888209294812306,-3.849020155762737,7.131676576264791,-0.6605398652523701,-3.098078195797898,0.21720131077163224,-4.6295260272371035,-2.5465340575729303,-3.1158680198775515,-2.992923933466537,4.449485682273566,-3.817659687943819,0.379181480954755,-2.087669372550636,0.8790825507861011,-0.12072748087643836,-3.047630305362093,0.9834470046521637,1.454996554534759,-3.5765309262354807,-5.016306443453297,-1.251113681351032,1.1039863721049394,1.4116146719022717,-5.409629261301801,-0.8954377049650526,-2.654392376464984,-0.6106397595413344
64,-15.492883451400928,-10.852360080335881,0.7476061862542429,-1.0333713654054102,-7.393095224003385,0.864522976038007,-3.7989112569357397,-4.55330288660038,3.8743991100405806,2.8852573384342826,-0.19069524780518776,2.300264139909005,-2.284516765431362,1.738254485975674,-1.425008885710024,6.924845483189001,10.118648038367663,-7.124142979011516,4.560179000612019,-4.370052182394123,1.0012303074022146,1.9498139085612296,1.0301220451685715,-4.957139328220656,1.2687132126668803,-1.6809573481792701,2.6261482707726964,-4.327144399115294,6.30719493301443,-8.893233663673612,-0.7553307463309976,-6.747585895018365,-1.1749245336498162,-3.9683773027517297,-3.096634502045842,-2.1678504587377807,2.2611328664713426,5.911015249178263
65,-12.010597209382512,-9.649360070273033,5.636190314106904,-3.016279042053395,-8.009676434461152,0.9897470171733086,-4.584383747690021,-6.527547549276348,8.809692295480644,6.927343514732466,9.23614981253779,1.2069398091768986,-4.089958755822654,6.930413278231701,2.876781710902155,-0.9229074217696728,0.7037312485592305,-2.0494935340690263,-2.3100622779514506,-2.761872564642592,1.1338818875784922,9.100763799324389,4.991137447046588,4.452356622600375,-2.1810401749953123,3.1796909408160356,-5.437784611478273,-5.464508240558475,5.747175296448696,5.3015595432201925,-4.561004294151014,-1.1088236918301286,0.6634803158624063,2.825409792677595,0.14495507155779286,6.433644224783714,-1.2736893477675801,-1.7660593949917578
66,-15.776487380490199,-20.583960180636836,2.098200853411368,-8.73508594265762,2.9092577840708294,-9.9358430425227,2.373236728208586,2.3535426847153795,8.163128412741939,6.1608992538603875,-11.05188222136794,-1.1991101509141002,-0.43033932165448285,-1.564378806422446,1.408657577217826,-6.624579667084154,-5.105494900366545,7.426159037162324,3.1518572095433446,-4.377857497187566,-3.7665431222944243,1.9165533393480283,3.3855285209711306,2.8627970052405427,-1.0329524706453812,-2.6714524636061796,-5.24837869721283,-1.2537094340803576,3.8235000076780032,-1.9342152157840613,-0.7085055505750539,-7.523641962732695,1.7473637663050445,6.427172633634069,-7.034085835185103,1.5509372188652601,-5.121952007887082,9.611638240386577
67,-21.445656016274793,8.636797200687683,-4.407421553518377,1.3526437404911684,-3.451971973736227,-3.633578718718244,0.39506720556091246,1.5681012637136587,9.001886405442532,6.367681111659161,-7.428499782858436,-1.9015401082553622,2.6653748917281592,-1.638100264631118,-0.34628843345105004,3.4574900115655365,-1.2628851098845735,3.1214901933904144,0.6348826007961597,-0.490358825054194,-2.0923809854621505,0.6330833954335047,2.005093190528748,-2.1067794997345346,1.1022410668770481,-1.287055704066508,-0.47071881669379645,-2.7116636269832703,-0.29215581284124004,-2.6006144596557714,4.234358164883673,-0.871335483756869,0.43107263295344,0.8534775891071277,5.679279535142368,-3.148578332293123,-2.9954507462277893,0.07576472801995748
68,-17.430161484267135,20.722721174042846,-7.01973674747179,4.4537397489357256,3.7130159814083785,-8.711545653418744,0.7644761344299486,2.7204042990474813,5.981258239340021,-3.616827114488032,1.6766387515368635,5.208024419212778,-1.0513781251196601,-0.39843098831490453,-0.7740239011360999,3.980742555789506,-0.6560765576917281,-0.27371083460397166,2.2734684091524584,-3.5247715370429993,-0.4750672151334324,1.4077070984412001,-3.461188969929844,-1.8090580033007315,-0.9044778485335362,3.624009349307869,1.1703225047574817,-3.5982191688655147,-2.669697820438006,-3.249937607012078,3.9408742865511694,-2.39288549046517,-1.5371844566467634,0.5159396225344318,-3.4025796303040994,-0.44969358363016626,1.881460481125921,-0.6113564919202411
69,-6.243544447661409,-11.938511985336095,15.044500575361518,-11.971268830103021,17.614415388647373,-2.960079907601796,13.534026142805388,-6.279794016727675,-8.870537068242601,5.180859072502054,-10.56582652114916,-6.710953634262784,-11.882014572792912,6.0046004058334255,-1.5570337214899486,-7.770710580683783,4.54427177609156,4.845290085372392,-6.942850029944647,-6.313628893512446,-1.168754956880639,1.1028854646088853,21.751595983051082,20.455131822432506,3.50425438055131,-12.392936139564412,-5.462262040837296,8.252349642486385,3.8323404545610065,1.9111864136870895,-8.185553635863503,-3.6681984842904383,-4.802160836465481,-5.263770289072484,-8.38066958137312,-7.099191896963516,-2.139228080270898,-4.883428416954404
70,-12.133206306243286,-2.1036550718784226,-3.3850407256937793,-17.178659753217378,1.3905091904185274,-18.18663450999115,14.48492209398471,4.522212237864068,-7.65122692233823,1.1433047977088249,-4.973887415326966,9.126420644174738,-0.5437964745315386,-2.143902007025565,4.464640568508236,-2.8076981595083392,8.675708172767278,4.474977941950744,2.8556896753509924,-2.7510638745521767,3.546064380630601,0.4857765675806801,-5.465442539360712,-2.5644747076622876,-1.8374486812347686,10.970094241191964,2.961837800742069,-13.470637142285721,3.8187127969960204,-1.6928741307532353,-7.499481892479825,-7.324312972380257,-9.510838994942304,1.240241256777957,-8.871329659160402,9.360905759677784,-6.704788002968891,-1.926639553069922
71,-18.928735528864195,-5.389720833963386,-1.0705553397236205,-0.14980665497150764,-1.4249524569085308,-1.1391084643585305,-0.6631265138336764,3.500881274837459,3.2947122818111314,0.7818099065293254,-4.426704699897273,-6.761974914858168,1.2579622475570815,-2.92314068053628,-1.7567655007343688,5.597046394984304,-1.4306667642434858,-2.1920062536031093,-6.062132620977611,0.9688969865213527,-2.7810598698102362,-0.6505722141207367,3.0362655412197963,-3.222514856307017,2.542082032297454,-3.433141043083536,4.87345773055039,2.6110834326999948,-2.2460972778777837,-0.7970233044159624,-2.512029756562724,0.2560219262961291,-3.9221110509253214,-2.473558051797862,2.8476908574109947,1.0158354626390789,1.8087706173238378,-3.043370759042649
72,-20.017732359586272,-13.693283886126537,3.4041404323736435,-4.8967856033329396,8.868259885705706,-9.543271177318562,7.4824393683221295,-2.505051506447008,-0.21842149909730446,-6.967874834058177,-19.82470896040865,5.440729612843594,-13.638125383825837,-1.2678243257817003,9.061241286192963,-14.967863262421783,6.282458882780467,14.046083058617752,12.3262942886033,-5.9740935385282175,-10.03614061150088,5.726249529613252,-8.881796525395062,-8.295921891709796,2.9184017632628314,-4.036797070403104,11.337349102305057,-1.5926840313635595,-12.634985019860753,15.05433446574937,-0.14082456162914186,-1.1751189103783521,-2.4690338420823905,-0.609262892343274,5.8917595191947845,3.690651891178697,3.372172130274503,-0.7052298647249777
73,-15.724573818776584,-9.088994334115831,-0.795444877660437,-2.464384035541814,-2.392878091971262,-0.5322237243489331,-1.3686927434992626,-1.9785348853481945,5.508816457512054,7.857288683149924,-4.453986917144378,-0.21075454505685476,2.0612888781942287,-3.9266392519189117,-1.6780964145345587,1.615449481916554,0.9900259562745435,-0.5813883152292938,1.9094741997089224,-2.557108998127198,-0.28104404281482787,-0.9716074855041894,-1.1009270217744598,-0.46912612136400844,1.1778965359492977,-0.4418023169907946,-1.7755805500482245,0.10340822283694187,-0.9684302989167651,-0.7412981749696557,3.6838411089406646,-0.6115151921021834,1.9130553868119695,-0.49360216217290187,1.9590209820042508,-2.762580885412316,-0.05880001825568601,-0.6148560992090154
74,-7.918004599530947,-13.785408653278399,4.471190076957896,3.058411462446532,11.430634556927286,-2.533491495784895,1.7219599374345949,-3.7805879108848046,-12.030353495796028,-8.198251722056543,-4.285652786341718,-1.7589954848834264,-4.567050927912465,-1.7884657444753995,-3.307439491245004,2.1462130760120948,4.1292647390700745,-4.9483610443389034,-0.7591067465782118,-4.321420466902237,-2.326419855374918,0.03254007287904262,-2.3329664718542,-3.061475738555382,-1.3276624459269644,-1.9676859122793,1.037212636834187,-0.9709229518990705,-0.1789484603166558,-3.323171006451183,-4.39543595979357,-0.1422360770142708,-0.91604841082045,-4.636267303698223,0.5245152477374115,-5.596607532007232,-0.8989582214420444,-1.4589530138556641
75,-20.918940901982893,-12.644209485093397,-2.5085245351974725,4.340738391517534,-11.415830710472136,0.4293737240939788,2.8385783708414696,5.639889979383603,8.160249787662504,3.3278813293517047,-5.10157493056133,-2.3986724243771826,2.360001061288231,-3.299043867602688,3.8092680955122082,0.547154022816858,-9.791936323724055,4.120628172692068,-1.7092322773341755,5.756371004305202,-0.9003902245435306,-3.103622301944128,2.7453410858799185,-0.6182934216375782,3.9567595305397183,-5.391193925805732,-2.5638922890808606,7.8914098740760314,-5.391487067035252,3.4825704415880123,1.2498509067594459,3.489577087108601,2.831738622168416,4.094341159663662,1.833404231909382,-2.398477707510332,-0.6277823526632557,1.1339673074209728
76,-16.034010294880595,-3.7010011034445798,-1.2996798814247705,-1.6441964109984437,-0.830918079832583,-0.21222549052289,-6.125810034364072,1.875782569689508,8.007393760546748,-3.06846925627252,1.7904108483311938,-3.239850213023941,-0.5500232332628419,2.358110146783007,0.028836901096492895,6.938913796773753,-1.7155517668523559,-2.366303239034328,-6.462529886648914,1.7755520282882986,-1.84172314139113,1.2767937017713975,0.961756818958724,-0.1709085840839327,-1.9480218486948866,-2.388457659485138,2.103036988170208,1.174654788936049,2.2966251905597144,-1.4653147509736,-2.7701545896179325,1.5639866401622171,-3.9375893690450194,-1.0463718451711157,-0.32281652395972105,0.7099661075192052,2.736970243556931,-1.8126896745456729
77,-16.244282285941715,-17.86972007838591,0.9861789178609126,1.5262642171190344,1.4484290296460993,-3.9935640083604325,-1.9503687837025008,-1.0575520247171315,3.0292827506638393,-0.39871939155014563,0.0199503623999715,2.116545745416767,-1.2194393921267683,-2.6789683820925685,-0.326183978241544,0.1695033451312348,-1.9394070817112476,1.6693293821940478,1.1458220318954353,-2.300013670949682,-1.4127999727701765,-1.1071150866920043,-2.040492903445984,-1.4519073760683903,-0.937451514900977,0.26556387158489586,-1.900004211784629,-1.2258670127399696,-0.04423660838660538,-0.6178366860313994,-0.1673089234871019,-2.529420706211533,1.193857464370335,-1.3905688601135069,-0.313553774338448,-0.8269980471496063,0.9931662189456545,4.507205222900884
78,-25.016399482578407,41.554789164182026,-8.627622439457422,29.73211915217794,-24.952208243293438,-3.822699812570578,22.093671039692943,-9.506593781240142,-10.857870479784143,-5.879434081822817,-10.849394207890025,15.684226672971374,-3.251893741069324,5.351934397746234,4.757015289828629,-1.0020732708184164,3.4086648787404106,-1.6596710580209242,10.795558591340745,7.436676102550851,-9.933598874589173,-3.47505684882067,9.091536621845753,12.611745088478488,-5.085836734120236,11.718176717082772,-9.42146422748506,0.9946490120244543,3.5674379925438098,0.3108139559494122,-4.643326911986245,3.357195501264102,3.0753848743929515,-2.58294577038304,-1.7734799123540337,4.8307337734789,10.489612183245901,-2.3136225287703627
79,-16.40320039798409,20.61453049476888,-3.1697312359160126,23.748758700340865,-7.846413352487433,-0.3746251901759424,1.2517629940899724,-2.882995754715139,-12.003890023648346,-8.2842573233265,0.5814669310116497,-0.5021330419039638,7.732523638288582,-1.1163936647880228,1.1969241964981412,-1.559429925712895,1.541802751965846,-0.43015144943217964,-4.0542677873577535,-8.771501911007064,-5.26272009335504,0.4804038923986139,2.777686787214181,3.5404765415753316,-1.0572439987005364,1.1894083785097367,3.617448682704375,2.406334010418699,-2.771164092934036,-0.04729412402852129,0.5874696794906773,-1.5991959212463833,-3.652600061100943,-1.361253722443674,-0.6884256629666046,-0.32556560976477034,-0.24071803539948766,-3.102730573466869
80,-13.208553928420608,11.852054235013531,-4.083244415199855,-10.146764435583467,2.125721436237466,-6.468295301328872,9.906986530903568,-1.0873709488814356,6.341872151423834,8.947289416286303,-2.528066539244201,6.587986880769204,-8.277157874997403,-4.1809388172714845,-0.015101939748250415,9.140244602828409,-2.082597384975721,-4.705935279618489,-3.2507434347469912,3.363643152047543,0.006763591381949263,-0.46600653109683354,-4.7497455917594,1.7305465082859788,-0.22110971268197963,0.14568921425380077,-4.668997996642461,-0.704640165474328,-1.86674375219824,1.8448486282992516,0.46508889973189954,3.354648327967467,-0.9545336589389053,-3.0956352854570435,1.2500488929980575,0.8060627657804009,-0.7182065232558865,-3.073365280955329
81,-15.3296973024244,-0.2249601103362554,-1.7443371279357829,-4.4776516720261474,7.355472951684192,-7.566650608376038,-2.5884338190810694,2.7962203394278116,7.375629347926987,-5.844981115437533,-3.8924597573563666,1.2269077356749165,0.7646794380771869,0.9620356991164825,3.3320935848165205,-5.4223937491604115,1.0000227738195444,3.7099939957585404,-2.999745238418822,1.3943829070747897,2.267823620440789,3.8793952874667967,-0.9206047530858802,-0.6206169775573329,-3.128917011203476,5.687507363202156,2.526605413956108,-1.5131110775153913,-0.85729502841078,0.8329763486115928,5.911915579701672,1.5602828574250678,1.5145187237337836,0.47605965803001604,-2.1641191630264984,-1.3070693757815308,0.17441864616974498,-3.526839369472816
82,-11.040471759776171,-9.657403172092874,2.281603315307567,-1.2303469342466735,-0.7407060793793979,4.763788859953865,-6.781000368457594,2.214901301314176,-1.0872643249291736,-1.144472457778588,3.42347557372972,-6.885834263273864,3.2698374699941373,1.4853842565748323,1.290960810185759,-0.47629240640267223,3.539609962913613,0.6259701610157962,-2.9124370333379828,-2.3789673930757447,-1.163734479258804,1.4226947706845372,0.32358023907456995,-0.5766176536935752,0.83359140344013,1.1417471820475544,5.731683001148559,0.6657138764132419,2.0482040024208588,-1.2880140620304743,-3.6258682434249496,-1.7943718119628291,-0.6316002787485981,-2.138270912860453,-1.5024273278763571,6.46920709903192,4.821069073161881,0.792410395148628
83,-3.7964040345931584,-20.38955546139385,18.62323935111237,14.363721933837752,8.176510418894772,17.682480547561834,-5.075038877396885,-24.003460407864715,-10.618546902331905,3.746409268407127,12.211801876026982,-4.2203695575439255,-25.563066554616476,6.049808451291783,-3.5764303703820475,0.9604793010132604,8.797124322388195,-13.130695777652832,4.058879978455111,11.067590208569776,-1.781614654160241,2.6824520869346697,-0.17511847732591024,5.475722509354718,6.79520423604235,-3.3534934664107796,6.810939045915419,-4.165222726877672,3.8326263537126475,-1.5937262943630686,14.938072420188586,1.4416152597121028,-1.3415066519314136,10.413380076831494,1.999095263301395,14.166794906425086,-2.6356692996295337,2.58161626308991
84,-20.80390531421497,-12.491620027896033,-1.9389289829425351,-0.5567204874559208,-6.010540857349131,-6.092077594041861,-2.748018686106215,1.1219339086992823,16.390346230213492,7.366304655081115,-8.372457701237586,5.86187686605994,2.8384476643462486,-4.030222960675877,-3.1270932743301514,-0.41406164109992394,7.494632352783483,-3.2049135241368325,2.830284927019062,3.8363262491853556,4.800735400118029,-1.7640279977628932,1.0154016877911924,-3.1202645079938383,-0.6255658119163316,-2.9776250442842747,-7.220054037730441,1.8777179340323216,6.900604650959519,-1.5629222167967398,5.775357114571145,0.5027094139401934,4.830483519400813,-2.4130495548744713,1.764546180669758,-1.8125535958961028,-1.4940034699963425,5.3246429463411555
85,-14.370676889853332,-22.91492505764924,-0.3514739306136656,14.277422040856472,-8.40744914858579,-7.745005427338336,12.051937560960495,-0.596066702667043,-13.28933605036255,-5.694284966321937,15.141261803695988,4.789130920839492,4.984329993086972,-1.161155964160769,-3.3153274842256093,-0.7508661688889056,-16.46731847565615,6.396437725208983,-0.7488519420845928,2.826551515563056,5.512056681837009,-8.396786961802405,-10.14359217341517,-2.114037436655459,-2.538985204509493,3.582041160844914,-2.0936155701757473,4.255408880621541,-2.6709344373224067,-1.0287989890937448,-2.588938184633398,1.4198211658754665,-1.598717149263173,-1.1656382699133023,-5.394819242579417,0.6152480002787919,-3.100249917441459,-2.8869497455838786
86,-18.01851485108963,18.854775382236635,-3.838177894020622,3.9420040984394027,-9.57356965787676,7.6600473394335955,10.83742504162144,-9.034972480866443,-8.16642427479592,4.475941531088488,-10.022342284868634,2.3624015970953534,-2.528676293634966,-1.4682027638106205,-2.359504541062078,7.916388964401606,7.890979443802367,-6.091576351637154,1.2317379925335765,0.2538944296690009,-1.083633649341682,-3.4230858324798885,2.4217001634541067,-2.2083620398317145,4.879013843263762,1.3179762445964949,3.064515124165844,-1.1396024025270313,-1.1319624412284024,-2.122503823507101,0.37777811502713554,5.591750698136858,3.4678846664105296,-1.209811429393032,6.132744926101088,-6.266552888693851,-3.2309831070897315,-4.511093108187476
87,-17.708280877296247,0.2599357940786571,-3.1648867460063244,-7.32655220245188,2.6267108419520784,-9.861379872939828,5.206110046491317,0.42009800343739884,0.8757863591392431,5.151678837041572,-10.702569047954853,5.317197246779368,-0.8383848576639376,-8.347540576998515,0.06321398660035021,5.412357142723978,13.115918656551125,-8.95788582642496,2.4781894013388204,2.129539109927146,0.03375605972174556,-4.0918692307566875,-5.320714583279615,-5.077929085795029,0.4359674773302536,-1.5545740970200042,-0.12031119043503632,-4.165976134736805,2.03159063874484,-6.2946580203046905,2.120374621375578,0.21519834974509616,-1.6929306696837672,-4.79128049950572,0.26757434668676566,-0.8474045232366967,-1.5211576428914575,-0.656066337973038
88,-14.188667244449633,-17.604777817550378,1.2754110872562001,1.2826188387130106,-2.62349778636792,-1.4869266140261042,0.4376789853002253,-1.2991579278553043,-1.6104946034871306,-2.8912022571869898,0.5745557622005975,2.070848425788621,3.4139290223357195,-0.3332337327092174,-0.11487582472117819,-5.912624053659945,1.661422394108505,2.187969251205793,2.7502712448541637,-0.46306963276427426,6.201572647503195,-0.14868158868551645,-1.1732247025022235,-3.0170361221357114,-1.6522912723161505,0.907525979243292,-1.0368858849718692,1.1880819836239442,2.2256528940761955,-2.8719307189480054,2.260562253342301,-1.0423072312364994,6.918547670901912,1.3119844758590786,-2.369211199365669,-2.71518259142887,1.3452484204352757,0.5812640140168343
89,-8.540706232782885,8.428370474198577,-1.31559983054325,-23.900860029123862,20.06961093644405,-17.5557515156156,14.446237186466343,0.4620045162066543,-4.34163001840106,0.5006815996777758,-7.6652194223859444,2.8262094808767575,-7.895900368710887,2.9088978214034498,6.207064442686891,3.3374092799226958,-4.817237083562899,3.9855212378035816,-14.452381740829397,12.894440673974975,8.914873669041159,-8.089520059058907,1.1896508458313682,7.440035184539456,-11.068546583325766,13.874290796107466,11.336072901805053,-6.108114881489956,-1.4285310062263803,-6.621966264457914,9.918889914452611,15.542646543410008,1.2197974694968312,6.319590012607234,-1.8382189296771352,-2.628518500035896,1.3294994902802926,9.042209846196224
90,-14.765719528458138,-17.072290569666098,-0.5882895217096957,4.023293843280322,-4.870957518687174,3.8608085910451653,0.45971535293743,-2.1256785709911403,1.6240021933190432,-2.857443175363138,-1.6398292153076892,3.36235278254087,-3.804296710479835,-1.0159777690643943,1.6444113840696997,-2.032499842602767,-5.60871470230022,6.001473876822359,4.851437474459745,0.5135126291132828,2.701854485617393,-1.1268681243212662,-4.139606769845107,-2.782272536956354,-1.713466367280302,-1.0025349980163452,-2.101100896504458,1.5011668957635513,-0.9541111591357891,-1.579367582309835,0.5168731373562018,3.1718037134761605,4.9067765955502765,1.505971871569645,2.1801944576633154,-7.246163299596963,1.317237345996557,-2.1416913480087607
91,-5.048468660996548,-12.491445877786562,2.375413308521214,12.473065607128932,11.040501580436397,-9.404711351276832,-3.138984388739277,10.226161566868637,-6.399593731371884,-1.2364930615054328,-4.564814845163205,2.8809084331361117,7.972653048626085,-13.106549712241042,-3.6948716484399444,-6.398096714560713,10.734035923508376,-7.15476178014405,0.10755674070687282,12.099349812568308,4.002589509853502,-4.719126053665097,-4.299264004264485,0.9144678415803197,4.209392758257414,-3.680694965983096,-16.03602273011826,0.24993095423801281,2.774185194004283,9.441756762034977,-3.5290554871953073,8.923145381529455,1.6675703291094635,0.9977810598864132,5.201506863181467,15.182782224003416,-1.8753049269957336,0.6279901316078029
92,-13.854752980333817,-14.472667542319728,0.8624737587404654,2.5181043181211495,-1.6549345392000694,3.670113970988957,-3.2874960706283973,-1.039685368760019,3.4836329596905653,-7.3550577554680014,2.1257648705560976,4.058778727550147,-1.9075626807092387,0.11920109133553236,0.4803096463042987,-1.4733691269547098,3.0544628460947942,-0.2821311027046345,1.48943617279301,0.47479323923587213,0.6352855099002676,0.3173093496456133,-2.32150365058919,-2.3684789575994505,-0.27607454629075057,-0.3636752244828023,0.5857420922677461,-0.8987787382475172,5.273152031975297,-2.4750828986094318,0.37092065473812885,0.32969506213036864,0.6166768704808904,-3.918654159827214,0.13888715509930372,-1.3262626967515214,1.0897759313195294,0.7777515190848209
93,-17.001806768851452,-22.365496070543468,6.923770139677666,3.525945950367897,2.2077031606808992,-10.863903018638165,3.7222754485177845,-5.632978330513096,-6.9072696134763305,1.4726965201390092,-0.6123146596674063,-6.294791350384838,-3.5621877171837406,1.091522605983239,-5.2603093447108025,-1.346980399952225,-2.0676041712781448,-5.201900211265054,-0.6819663164391787,-2.2463091139062765,-0.3479852385305473,-0.7040500258124276,1.3263060319113678,-1.448877478480751,-1.7039815454302727,-2.9222981622404247,0.17713813505169415,0.7576261738721923,-1.0918587964140367,0.1698143251349557,-4.6188748046542605,-1.847066865505628,2.328718407904261,0.6401566897661091,-2.623258571113693,1.2035198698236726,6.410867216989736,3.331314118776538
94,-15.691331603011589,-15.489681062791073,1.0354391836163293,0.36528481598646617,-2.3501509131518388,1.7118808325856252,-4.82978145812665,-1.9172148594153078,4.714552130371631,-1.4587309460313072,-1.587571326483841,0.10764045301793165,0.7660122481010705,-1.033228275968528,-0.783804002824918,-1.8133898615848338,4.19363578452457,0.21184681216740703,1.6789688350129879,-3.0460840273724137,1.7606234982075688,1.601242004313153,-1.4590346910362233,-1.7699017420430432,-1.7327140185233842,-0.059144322626663304,-0.6507980773909517,0.7716449307503405,3.349751371283591,-1.463253225017857,1.012230817702833,-0.18991362463083858,3.4629376871065016,-0.42268043839920866,-0.6066118321514355,-1.6256043551527943,1.7246095757762359,1.0527206578033086
95,-10.153845162944833,-4.177956551875975,0.05993979174531573,-6.5689865767002615,4.545847072418606,-7.918939524979276,-3.047180341912031,2.467001652098025,9.770033768682529,5.403027649350646,0.20722909983559556,-4.537825602972365,-0.8868993817017732,1.3944089880239745,-2.0797864308344316,-0.9097861845161046,-2.940338217347996,-2.027023241011409,-5.522294390607219,3.4854417381713088,-0.6344070502460105,4.151025466364393,1.5200079673131976,-1.3048424942109489,-4.7471619768172175,2.3202438234289406,2.0636989173293614,-1.8019396058240638,-0.8111907711878155,9.464810786536567,0.8282295969195445,2.032886199979701,-2.883734103560412,-6.227066681674269,-2.5418970524188063,7.965060892871545,4.725265258088303,-1.624866985799717
96,-16.884418109969918,-19.27047670596407,0.8507888384082194,2.6418234859338874,-8.326322559297509,1.3151430575488856,0.7806228010754156,0.07362598396297781,3.2509092778179642,-5.471163519062712,1.8630010641909662,1.9086434012081732,-3.9743037817445424,4.985293528448626,2.3674923016833715,-2.2502013596298456,-7.882708111785448,2.884153950203286,0.8674341105501001,2.8305300741112536,0.5409473062337723,-0.38270889645456285,-1.6805224844324123,-2.81442951783176,-0.21796559141453228,-1.8987075015833872,3.0901124845192394,2.145305017057601,-0.5543672300950653,-3.815730156312183,-1.1698250617621522,-2.305871113997162,1.5969164985563806,2.2938286886408923,-2.9473006285800145,-3.3915207536491736,4.460249060969617,4.458037528219458
97,-8.831949831718774,-27.953181860626405,7.114277163524768,12.610694868360158,4.284438937535274,-7.100711263590926,8.164020418423906,-10.39736732813098,-12.426419582871352,4.619678291341778,13.951309104066546,1.9547542587030482,-7.051725982113328,-1.366869735257549,-9.226121667145552,6.818056493000405,-18.826173391110224,-3.6868741856236715,4.430547405767939,-3.0543035416291957,-3.7829683928915685,-6.156832457767729,-9.75709381727204,-2.3162276224738365,-7.112758615728934,0.0151356287710942,-8.481741117681622,0.5981070232189525,-4.112442985197991,-0.004541470593113134,0.4175431377816654,-0.41165953264674443,-2.062613583997292,-1.305906433575619,1.213955153902467,-3.032794418684695,0.6377516455255006,2.179785921562481
98,-2.012925421257552,2.306135559850752,8.567488183412436,-23.121020657878077,6.6520452529496765,-24.338487482894788,3.838990362011467,1.2091791421028397,-19.529048517271573,16.130474933453492,14.61814082421146,-7.600612634119601,29.397523115082585,34.06163431842862,22.124437321517895,-0.26605790104579047,7.3651698918214406,-8.783802187503142,12.291957625115682,0.4216154327746078,-9.186689634480881,2.6576709244773173,-7.098213394517861,-0.03312992885714339,0.8586477501112073,-6.086497748855301,-2.7383402291607863,7.172268782964252,0.31087663523678166,0.729984154818483,5.404889702673163,3.962196638749817,1.8517104738127477,0.7281050291126706,5.616461957496597,-1.7237683534787964,2.760313458812549,-0.21178569263415098
99,-17.17449640696913,-18.384944707675935,5.067316917663993,7.070893396552979,-3.912846999310559,2.4746984887096177,8.28762436306914,-5.907461289433565,-13.64426337882231,-9.534494234939093,3.642627195103221,-7.60457832039806,0.28655637485030927,9.984050152720439,-3.8730495750312395,-2.1308441574341,-1.8858615327448889,3.5183065271513434,-5.314855612237,3.267432508752458,0.284791748320511,-0.5370252247583228,7.336533667317446,0.20456337749941825,0.7795304461560079,3.2651687113495944,12.857469443901259,-1.5789219637912475,1.5488209007791562,-1.8555992565366934,-2.9993169197353566,-0.7611187865545457,-1.640193056022368,-4.173068664774649,5.033346088518611,-0.4260429967713827,-7.392798053822761,0.17881914527307075
100,-8.92120591727233,-1.5498031123301852,0.8196100392036363,8.431458684988165,10.248670682793804,2.632880001878638,-4.749260523324154,5.196639523245263,-6.1492623078368345,-11.740757672482083,-5.76773322430275,-3.2908109406692043,3.09007778646789,-3.6705782964724514,0.8707235916016549,-2.930105177890133,5.67614734765125,-3.465609376525748,-0.9083490451983309,2.4494868122733564,-2.7490307885880934,-0.6100506107036958,-0.7280565777596585,-3.3673835134477814,4.201685007126596,-2.415818460783444,-0.030831727452329566,-0.7105840186164221,0.5945440753641744,-2.074891568301344,-1.2343996658478227,2.8381762541237787,1.386253607977996,1.3880971815614787,1.9069918968838053,0.7272453003103154,-2.7242216294139308,0.39283925524885666
101,-3.263943644759683,4.5089896350751175,2.698929495009595,-7.053885567382171,17.270917280221063,0.12680228423543874,-4.587034231149172,6.395908882134815,1.5612633409801422,-3.4360030262963672,-2.4873998795796224,-4.312577462664898,0.8825893798709591,-3.6783864647977174,-1.3107683290296792,-0.2867359569577945,1.6650784772822607,0.3247409823911931,-10.972680381578648,0.015651999190280763,-0.8864151654076295,-0.0851518845891,2.549404507464563,4.889223655492069,-2.8275892784007968,0.20795650426062307,0.0034757426470810593,2.2490297996350006,3.4786192585972753,-1.3389809082646686,2.8456264368269437,2.924005792674005,-3.078686734459785,-4.46137847348006,1.1703059595237186,0.5194359444070173,3.4518574586606676,-4.6065835772150905
102,-11.532322148649474,-15.369966063695685,6.486321758908445,2.5567529751571274,8.560138709675005,1.1108943893150642,-1.7902247431160927,-9.635973525486175,-2.5384362792960355,0.49815603180763135,-0.2238785403495344,0.8124790468472114,-7.261199110779026,-0.94856632551482,-1.1945464921287494,-3.553600447786592,2.628646162447794,-1.7110360079615716,1.1172727197705852,-3.8615544492240557,1.1967845692833743,0.3130217565134219,-4.271307542441957,0.8603823690772479,1.071906882389555,-3.5352619334292603,-1.653982319104298,0.9767580310578887,-2.6422364799062894,0.5568509948596747,3.897681155889545,2.1702316758610922,3.6568082660796195,0.10107211748711442,0.6508924690621927,-7.568174831643519,1.1025041159486362,-3.4178230058501935
103,-10.807119010800974,-9.059911060615494,1.2676635168285286,5.463194961244536,3.580728528198427,1.982177071658624,-1.4736691403048257,10.435913211090282,1.3295280768154416,-1.6578291610996243,1.7469354892816618,-3.9162345721815743,8.019134580910901,-7.120532553012268,0.09941331955328275,-4.297943392681285,-2.864268969696909,-2.1625490647627683,-10.187365963064769,6.940926887903779,-2.4037692012103133,-9.728222131400821,4.390209842359294,4.187216670311715,11.126044630845309,-1.1629529942240346,-1.9342667627282433,8.23460290265094,-0.9844365552687442,-1.1203271475062664,-3.7159801420918055,3.743708783440158,-1.9549802127839522,2.190382015777463,-1.6845888651523953,8.899568044848552,1.6124722241275702,5.65815372795096
104,-15.312391152665086,-7.14665094811756,0.766370473899036,9.875621399245247,-6.27413576872274,3.837788503513706,-4.793555812781351,1.3179353150546786,-0.5084256330611712,-3.5474201019309097,3.6365168160596326,-6.090548760501385,6.795057385077783,2.063199372477455,-3.2664259224398227,2.888578487914814,-0.3497416763166592,-0.8599228303314235,-4.304110587270923,0.9870099144535438,0.25341396208619915,1.1005581823912958,1.9771261385468337,-3.3906336459200537,-0.08887379087358732,0.2624611960684862,5.563543673069878,0.7547691344417307,-1.3039562701133407,1.2589971251677334,1.2139883962595446,0.5036626124965609,-1.4438873572463047,-1.8479277159858376,2.1598936544503093,1.7654901219334385,-0.6235099541604654,-2.0657699050929756
105,-17.0104763750845,4.048042048289236,1.4377374625919481,-2.353124140708901,1.2202276338965348,-3.420044800532961,2.979730312798041,2.3286899708025244,4.0911276767401965,2.831668092928529,-1.0849514715962132,-0.3267856158639289,0.051501229904248186,-1.348808496067186,3.8312855857493378,-3.5618713343150024,-2.670325078967526,-0.7005765905948818,-9.653596619956664,-1.1772922090363183,0.061237453655251795,-0.051980239391137995,2.449334938104709,6.188390865967373,7.432430550528167,-4.874917710635471,1.259318309709923,6.201538094161058,-6.0888917872632735,0.35571938936993314,8.527148897916483,-2.9206752737157413,1.3006810724495121,5.122139020228988,-2.7909505137137085,-6.386167186948145,-0.6540433289106476,-3.4603825971590245
106,-12.8813110937887,-6.00866882784572,0.9383163331691768,-0.9867574133928487,-5.389627891441737,5.016503374360887,-0.30732809510335546,-3.361408879718846,4.045716797865546,-6.368900646051153,5.691267119683397,2.0849398107198134,1.1002588374226465,10.06895392889085,1.1149070120763198,-9.835816727892553,-10.973285335834634,13.766703791113589,-3.291739205738132,1.7417116918495132,-1.4407730294704946,5.722631346909536,4.2712856161006885,9.510272605901125,-0.16398894720254065,5.00791853205396,0.7559502007815786,-3.805140704975721,3.6015802624175763,3.805026172417568,4.4591192699619215,-0.5124040302471228,1.9360398831952692,5.348888257959652,9.248099207973961,1.4158227204433804,-5.459597597579052,-3.718495249202306
107,-22.83639668564252,-4.657942497252042,-2.330985301082282,-2.350991130679759,-3.8684613111001527,-4.169356641787147,2.444285297455797,-0.7707275756018386,3.966594169136136,4.6489021933940275,-9.234602303613924,-1.0155933951155152,-1.5951054923360737,-5.629217986084088,0.8762597711329732,6.896719906155193,2.405515222164764,-4.288152990736715,-1.1427827121372955,1.2685889357443665,-4.691627293911031,-2.9561703438242164,-0.6527450646875927,-2.8670640683595803,3.8209993680927505,-7.087000460225752,1.918667679905905,3.057550244166764,-3.1532768112073395,-3.810151100148676,1.8847963119270448,-0.34935068535097125,-0.9063871053081938,-0.5959521198490649,2.7477934419666177,-2.9430406815540078,0.9862737650720016,2.1057896201303294
