,0,1,2,3,4,5,6,7,8,9,10,11,12,13,14,15,16,17,18,19,20,21,22,23,24,25,26,27,28,29,30,31,32,33,34,35,36,37,38,39,40,41,42,43,44,45,46,47,48,49,50,51,52,53,54,55,56,57,58,59,60,61,62,63
CFD-LF-200-N.jpg,20.069169549391443,31.6003726270835,40.156211499918584,11.816924468771559,16.902439318961413,10.779341732064495,7.990153174337119,12.280644927421532,14.503066310664396,15.445206808055334,16.17756918465721,7.288455479299324,1.1449112895298845,16.135783464096786,17.330144685261278,10.044284574485832,64.64176023013805,6.230370741252602,19.70504839972852,21.933743688377092,20.22947716215989,14.054271597691992,20.27976983038344,19.162748383482853,6.247070874438615,63.631207805944186,12.191640164266573,4.929937867919038,17.800020972783535,18.59008063615433,8.311222734780001,251.16183331241945,21.174022776625897,32.491951845736274,11.81071686697708,15.377589439864542,14.769658824166388,19.07686049409914,8.030904154502906,27.745951607606578,2.5523506845649018,17.033396057518466,11.158736633652719,15.921223125399722,8.126645444489942,19.46306657304391,12.025312048743885,14.388890942292553,16.898843591459624,24.915559375334926,5.934705822516384,20.99664812264382,11.723947994286558,13.959755599607442,13.973821099783706,9.688837294971952,11.752927408882712,17.378915732780506,18.8954386684547,33.00388199174409,14.404994880461624,55.56791207122697,18.01798600385355,20.229814575510503
CFD-LF-201-N.jpg,15.850928066230061,39.47796152293501,47.06164359095182,9.340414440432772,15.867042654794725,3.8200430117609283,6.41920908098458,7.902041685692336,11.80869590803893,16.497178148359257,14.058776294923035,4.853685483554133,1.216036146884423,16.882894977480998,8.101382331941657,8.9385576080519,70.22594503046616,4.296830963537605,24.19148251403073,11.793881228655442,19.397903028456852,10.29281276610219,21.737605229556163,17.071870592134122,6.48128470994977,79.43810720877052,9.798602253798816,2.060484390398155,9.856771949818834,12.26573202735982,6.882909461332316,302.4515968893051,7.798957852327754,37.54441841803307,10.165626224647134,11.54002397202017,4.288229563027592,18.58659612648997,7.674364033391537,9.190042357532455,1.6273132416763287,15.738422993509984,9.151196705137037,8.017380802127134,6.954043169958934,15.07362165470484,8.21285746010182,11.13097457225406,10.348666827321201,24.537075677015274,6.205064322060712,15.416644273879367,8.699565833728174,8.956993808005866,12.43618262646873,9.363062852191693,10.517403264322118,14.895952370230997,14.982567218896738,29.555434938083636,10.660859671019836,18.665518233684434,14.679690184423281,18.190954600296894
CFD-LF-202-N.jpg,18.596988104679383,34.71309593354877,43.37059634854249,10.926941490434562,16.202895965160177,4.942712445732097,6.785760085979913,10.930504200197234,14.48296508370787,14.480903719047147,15.247067572389211,5.848536651696308,1.1347617130757461,14.84371519374215,13.881491529787962,9.803294064503516,67.33994128918441,5.441143391453732,20.823930219362836,20.361967154651136,18.723847733182733,13.112690755777294,18.68928618892987,17.683914710944567,5.823007022901094,70.54376914269322,10.428541849650934,4.907397030856596,14.401849260244267,19.22362244312238,7.561418226443122,276.59659860435903,18.19787786160156,34.37392233180717,10.404717740362239,13.45771944790197,7.6949177348418445,18.554179241188816,7.453195282116732,19.563332874728225,1.8797093896511277,15.829153798800911,9.880632080615568,13.45482305314437,6.770947223261048,16.859064349469882,10.97084792179343,12.975367485556268,14.364171926478608,23.214764216197274,5.29594374148143,18.2279522843672,11.340831139916375,12.419326782695787,12.259386481066253,8.949494145735914,10.923952936256015,15.38876536638388,16.61601294592921,31.65480186059306,12.516192488846302,42.935356377397085,15.557733164823434,18.83914726089368
CFD-LF-203-N.jpg,16.003670390441716,39.6889120230908,47.82963908692909,9.429499545370998,15.920834210809387,2.635170278528453,6.078072135260485,8.577815949549478,12.167456576699268,15.918338423857435,14.287762395275534,4.458775260439529,1.344208381017575,16.11782016056903,8.34475118177527,8.160084451884043,74.21353769891573,4.379199877473982,22.356027701135478,15.302129434625682,18.839394778119548,10.734917369606425,21.164650217738366,16.427271229794666,6.24262701962155,80.56589487094934,9.68732167170288,4.951483926824021,9.60590905830744,17.33109273108991,6.9687995101991635,308.70232004187386,9.280655091826219,37.18845718474708,10.176686662186901,11.46088614335583,3.531720850224089,19.18304679953619,7.534740088326971,8.991381238394046,1.4871056470427513,14.917516195253299,8.757400537475739,8.108109983120219,6.399217245678153,14.334638792820089,9.816202149699128,11.551393646221817,11.001179350048247,23.460781253700272,6.040734127420327,14.861256389500934,9.782287019916408,10.441266695752013,11.590193633232753,9.009951467890552,9.876635820522004,13.779067965692422,14.581559043695107,35.1752737445872,10.566120646465736,19.527234794975886,14.141638108128824,18.137142920198407
CFD-LF-204-N.jpg,14.929250160723981,39.73953584898251,47.449225113326825,9.217013312001804,15.700272222936608,3.422223091813883,5.929650136563859,8.4855500176467,11.004271596284674,16.297197724811834,14.215184662193511,4.455479978066121,1.443598690387503,16.391496851896406,8.152805831694943,7.203066252509657,74.32535150098467,4.083829437772154,21.823492199932083,14.953379804388755,18.516515296093328,10.031079355958726,21.91040143171267,15.580032213164579,6.222556994746754,80.47374344042238,9.710253091159572,5.680850580786367,8.978418345377799,17.378732466895006,6.691136289636511,306.81715583843794,8.832694523205758,36.55859315060721,10.270985845611216,10.571650496846164,4.551565992222429,19.032029129078314,7.574061471103793,9.197705254310026,1.575114650478823,14.752188357171764,8.477992974384152,7.96206645446542,6.3120484849338885,13.853901241767595,9.885085473251078,11.015196284835467,10.383378832886704,23.268566690705484,6.362992574894838,13.630333141998712,9.314448073199873,10.07168518447695,11.41165477566882,8.8693197404878,9.31375080234744,13.020671656432476,13.745625533115437,36.59439124112262,9.748017737262987,19.06381149301709,13.758058388092037,17.578576814755085
CFD-LF-205-N.jpg,16.41872852038098,40.63051720456608,47.38752471736816,9.813988530716731,16.24292677929815,3.852858307404914,6.47758126284754,8.933054333396806,11.204047977014406,17.02142372613481,14.7865856850439,4.928226056634787,1.4993857361640002,17.34156124348968,8.580993426030583,7.675226940920432,72.52403063449667,4.6816312889722935,22.468060305610546,14.81348481697799,19.781679234512588,10.962551449746849,23.00714523008845,16.90330081022872,6.731441150992692,81.04065399128429,10.192385144738424,5.221985410565715,10.196406110116204,16.742563323865582,7.2165387412601465,302.55690286782976,8.791253944419976,36.96795660851176,10.59469152247172,11.973626978199439,4.395741091814838,19.477496994413407,8.053248874441309,8.442684694563042,1.7688461035798595,15.514672214525268,9.192254767977403,8.405282894408982,7.015597132795903,15.114701991875261,9.99640712777642,11.816974230229436,11.575515606043544,24.68674266676547,6.9390734351815935,15.70495785203672,9.526635665851598,10.688930936698798,12.185441894381311,9.716235830680063,10.098956586625272,14.412609491497278,15.258845232828932,34.46036540521237,11.05373419156804,17.153187255757594,14.799408693636924,18.581948996856525
CFD-LF-206-N.jpg,22.457023787060965,26.395336498020438,33.573264169958726,14.825211028287505,16.780808679898488,18.70103552148556,8.875803244289123,14.309172910615583,12.999199711149844,15.884510947383522,19.054131331045788,9.975425497023062,1.1962660653023667,16.59107591496568,26.459483837502727,10.398677926783495,52.367178683423994,7.652437733670421,17.93583950167581,24.399106175871864,21.9920118967955,16.091569223834384,21.41659119481171,20.562128892335306,6.384099374728642,51.333256043301304,13.870681365599086,3.502444079888234,24.00811748954109,14.662146482989668,9.296527619851393,204.69814437849695,33.6089781045353,27.808169281638786,13.15409377867496,16.775602933792136,26.778649336006254,18.815336176637935,9.503134352833921,46.72465974118855,3.792076712891926,19.566238344758656,12.318753712423316,24.073189828356572,9.27734243823542,22.44024859647901,11.744909233767041,16.05756201789915,19.728170197217118,25.902914050136744,7.257997847758964,23.526445464130695,10.959000797843684,15.190646992397628,15.51711398791207,10.206491098540752,12.336489575613308,19.385467956844025,20.187018915109824,25.859727404487785,15.827059848064186,93.26506235543995,19.45186233132595,19.993808450503394
CFD-LF-207-N.jpg,18.007125259449523,31.143932237041795,36.63294908303897,10.873391739496657,15.209351701901605,11.886468457275459,6.937451464036193,13.372311915954924,13.469763115275299,14.888444138982164,14.721241124453051,7.270575180788595,1.462266372156814,15.403262086057909,19.623188171615322,9.140609750579104,58.18470655837303,5.803727933501751,17.857082029547403,27.84874994701846,19.18349788262751,13.139303472603443,20.265086543114325,16.909138608406113,5.971928661468656,62.396658202680776,10.600039887261026,7.2787471062029185,18.519825055075653,21.669629933171173,7.133381367757874,229.34898342190036,29.56555060634677,28.71228811211916,10.077767129444602,13.224510454453352,17.202617352869368,16.46174443901305,7.804031825301592,33.11881751991002,2.5738625986328882,15.936965560525113,10.038672841545159,18.592716855855244,7.364981990401266,17.566053232690678,12.431133518111595,12.186075890689496,17.277307515157915,23.45161783002728,6.231661085183857,18.45802850286151,11.880436571677244,14.42665638458055,12.417831068073593,9.073206030741709,10.427521521620848,15.642132217970877,16.41461797690254,30.504422898859865,12.380132606387262,69.78368829863207,15.553762352902428,17.611332759019984
CFD-LF-208-N.jpg,15.455028375208007,40.193961587154895,47.91004555752888,9.313373082258611,15.94784365101582,2.5645962965535714,6.159797611432679,8.137685521116138,11.177115653470462,16.374609676249264,14.210441070046912,4.369850215694079,1.5935359795355684,16.605137410015196,7.148777903850566,7.544312319721865,73.72096972498919,4.1532410741397605,22.277599171578544,13.628211588908536,18.85895457704984,10.184632736809993,21.878771013706775,15.9884506662261,6.384768038448987,81.44352038752119,9.717575557831953,4.729958901674206,8.743051951298519,16.015113571228706,6.815930146496501,308.91902634180724,7.0007258633131455,37.09618232798453,10.223538333605928,11.06729441764527,3.089536012719357,19.056875660067558,7.676358922959332,7.030695767977575,1.4719555366513937,14.958661148296098,8.805161111786775,7.126069984045379,6.580301891350394,14.420222973944595,9.328973331506784,11.165430181768748,10.146090648623483,23.682208866994632,6.375104853007004,14.443861604794119,9.123873961974786,9.683966590658219,11.669749463840366,9.033157963945179,9.71846017960877,13.557546811246038,14.336476760671404,34.897784095888305,10.198495484373,14.543831590026123,14.186470285771362,17.968462537794746
CFD-LF-209-N.jpg,17.128503429408813,36.2824292695841,42.15975619058528,10.320403883442738,15.418915118790192,8.519563972276435,6.580994776959377,9.97603341082927,11.621019842867545,16.340188858029567,14.786289249468425,5.561526432197882,1.430431240120646,16.477777619367586,13.021450725317534,8.05845091682241,65.34203670407605,5.0911310210973095,20.7056496303032,19.208757622057885,19.663651924946805,11.759319332665266,22.16062625668401,17.165171830982032,6.296770806083983,72.07214048898147,10.40612455749497,5.833451918256529,12.857965890757683,17.731161047162235,7.4514081548291795,269.2686256452758,16.519351653606815,32.82536289968578,10.586696730675984,12.593285574886606,10.370273119421338,18.33520009963208,7.979046082358132,19.83863456706648,1.934458028724015,15.483574524420856,9.28168411633892,11.964436452731857,7.130096794574698,15.70284774383751,10.532015798794882,12.561494747901689,13.115882078953366,23.85251758157095,6.585680904305969,16.577000116301008,9.884137808989106,11.866124691108446,12.315492548938538,9.406311183898577,9.959202555848085,14.828431497121882,15.49788544421816,32.353058436268356,11.687533142314201,40.29474330535016,14.975862060868947,17.818354211869703
CFD-LF-210-N.jpg,18.160972225709642,34.65194519514128,42.995846592614335,10.644834237499875,15.795408564377682,6.0587927139487725,7.0609286676399465,9.442880386596235,11.785102840506458,15.039729122578583,15.108594896433974,5.855578625829515,1.1658587417516582,15.492574057768678,12.958821067972613,8.679545096610553,63.72656828103402,5.362440616097919,21.185857485177955,14.970818989970768,19.164674341403618,12.237800194657341,19.32710149061922,17.971204874804243,6.024398129839771,69.65984576856016,10.774091225176246,2.9961725800492376,13.409645265864555,13.71453971490537,7.836706985418367,273.28904115674277,15.948742114325833,34.033941075510505,10.877518614723195,13.512504254343055,8.369015812699217,18.658033749752093,7.716316779538792,18.615819140393537,2.0459202279710795,15.79040367721119,9.86946967971447,12.156902846080198,7.26007273260071,16.69053533018272,9.126007935180738,13.204393303031885,13.001196080946473,23.48421215508917,5.569371405941118,17.93795330063333,9.011136461059712,10.963286445469581,12.799211554933393,9.201204816756885,10.691398099217176,15.579496792988015,16.62271443111804,27.95744090159756,12.57374337904526,39.68997109966348,15.925827135276096,18.61102798876854
CFD-LF-211-N.jpg,14.106762596806963,41.74376529526519,50.364831760389684,8.01206232830395,15.22800591601503,2.110257508600254,5.1726274228684055,6.970582242742685,11.691207862346271,16.57856352456686,12.793359861523863,3.7162986412883154,1.2751860272000326,16.463331196419432,6.242958802871801,8.057385540343715,78.17829412001313,3.744376848682842,23.702418700829316,12.142764820443759,18.71146299531719,9.278619947940069,22.329738182345363,15.756621284756633,6.314616101708675,84.83058689558898,8.079915666127725,3.819321156859253,7.489241793113808,15.190570145786612,6.266978793853255,327.76044705716834,5.728160261134356,39.06716415178766,8.934310432594764,9.89534131351357,2.719227232171427,18.75022061636947,7.242390251057092,6.097214040412373,1.224778534536997,13.92527392847055,7.5986923038007985,6.248342814058783,5.847811708491259,11.788916084186022,8.51353909157909,10.000590439528887,8.862166488207567,23.302581156795245,6.29014110290971,12.502115375569034,8.885715004822599,8.854648419771681,10.707123008351155,9.006951964520823,9.29843006679718,12.90704452654,12.885285463921514,36.14820761581686,9.03667838845048,12.396412565504743,12.227458616780421,17.20697024677481
CFD-LF-212-N.jpg,14.594944611426362,41.05184799385468,48.728598985647125,8.461723024356393,15.712590459350803,2.536262361472948,5.696813266211133,8.104386418667618,11.1450319097963,16.420376337813874,13.25298617396335,4.070001572403642,1.1548163553067883,16.644382390774382,6.62031053999743,7.505275440610213,76.13769996845834,3.879929737176637,22.913793915286377,14.029959797233756,18.847815650379836,9.63578389229417,22.326735006792326,15.511060594116,6.3635236209462835,83.02711698859491,8.803320016708684,5.51435621612324,8.237337112787289,17.164466132500152,6.312972319648573,315.41472201799616,6.84649241109716,37.66553256839035,9.415524362095832,10.333541008292778,2.858600448261666,18.485519670015343,7.38026236541087,6.241416205557025,1.385982207553381,14.37980834289088,8.284258857541372,6.6316536359146845,6.259250304727917,13.313894487098953,9.594409776082065,10.1678754932022,9.901904699168398,23.669269872702806,6.24005137481406,13.477983746081305,9.35685149022694,9.692271011482392,11.1302399927262,8.951397730591136,9.447367890196263,13.147972127183326,13.575424900250237,36.710277197966874,9.487748992342766,12.848366407494593,13.224506166111441,17.553157237367895
CFD-LF-213-N.jpg,14.964969389090713,39.67131157662828,46.71774252088668,9.076015934645085,15.193619344992284,4.650194687146351,5.659366915814291,7.989578630616924,11.671683402682122,16.418272903395835,13.780495475413401,4.219895488765193,1.512723849474557,16.28635390069988,8.35116681803733,8.04376918425319,72.63984964742166,4.010050575214447,22.534029600592994,15.202853679308628,18.906834832179996,9.977016103099343,22.326820804986674,15.860937528996443,6.201490653190209,80.27271177819978,9.202629808367085,4.735983531037405,8.921290561711839,16.159747715791145,6.582873229547974,302.4855482825292,9.42940701510548,36.246824701128666,9.774679275543182,10.571874866080922,5.170946737998451,18.543128983301173,7.645553075515413,10.29180634821461,1.3407521656160812,14.68541215398653,8.211989789093163,7.961206957353374,6.188811420989715,13.375004658590152,9.310592129048464,10.878361057961117,10.203385683592666,23.373696850068104,6.384385948116316,13.627811241084805,9.195714091403381,9.827629806259432,11.202271981218566,8.921555787076038,9.350166900152916,13.206915128588847,13.475815926225884,34.469443303712275,9.710656479432258,20.58444372246194,13.208521016717803,17.105476620379594
CFD-LF-214-N.jpg,15.68060435428657,40.42872229257179,46.5815494048511,9.234471346102584,15.673440807442566,3.333792028786515,6.051697255278687,8.647925385834391,12.821167575830371,16.359865807229284,13.96906770552076,4.169556684245454,1.285570437472898,16.53211212451959,7.621287553498702,8.916003484308913,71.47948929119013,4.178463650883974,23.167496444741786,16.353006828792527,19.160214201560272,10.460341345532488,21.991445803583886,16.511933157715248,6.377666132294637,81.22018542474288,9.458908386382676,4.677428472664787,9.419030777216124,17.277305497670884,6.71285140507276,299.06499894234895,9.061013052815557,36.539539364657756,9.936595615429557,11.32202249487306,2.8639577143345676,18.590590210817396,7.536142341009453,7.4121860050805966,1.2963006425196333,15.173683053038168,8.741454068658937,7.51926022741055,6.519064864618894,14.32279005059818,9.722483815561757,11.051010108112456,10.963681875561466,23.90624430764298,6.2608526394285535,14.937032429718801,10.045702936099271,10.308609202126997,11.757711336299081,9.128233616549847,10.10393843175582,14.224731269758195,14.557620443324131,32.64067971966721,10.43648979810366,15.573468116593158,14.03107255957997,17.877677969354778
CFD-LF-215-N.jpg,16.112529926579946,38.33163445614731,44.80247289828252,10.115914764375146,15.4112882966301,2.38965491378295,6.134750832767093,8.508492711938297,10.682672978817171,15.343880985818217,14.861742667850269,4.31338665688013,1.8355941746160578,15.55795777497272,7.556982517406364,7.185200927549218,67.76263804532996,4.38941673808155,20.816342026115827,15.647377356557515,18.008534667725385,10.753270818219919,20.12103779444546,15.645043046523137,6.074246526248577,78.43978351554881,9.916015493661838,5.437214318411342,9.032387124119108,16.7483725992895,7.12538098794502,287.769332330434,9.587863432903351,34.54883345973242,10.563018618707488,11.565873533449306,1.9633570515642143,18.858232585203652,7.641694446141851,6.305586115307143,1.4136278880281197,14.69136834086741,8.772602457945158,7.740735280838895,6.514762796377241,14.679916545961348,9.520243641229321,11.85298693679096,10.613076817603634,22.469478066695846,5.902946018543491,15.115879975768918,9.074946781237578,10.143005998426815,11.223297028612864,8.795789279893699,9.390191233707402,13.167024751943394,14.521199090737133,32.06251032498715,10.681284278643684,15.353936091691436,14.151000129647567,17.64705265209801
CFD-LF-216-N.jpg,16.543720816626756,40.060669415501955,45.8004899287229,10.635067742996213,15.78320057487872,3.500447005503312,6.295036927992571,7.937569109692977,11.30254021622787,16.658620520492427,15.554753989118451,4.236906821603266,1.3004469265145657,16.611421562660883,7.2404246835551245,8.172503703927777,69.68209545252303,4.347976594903787,22.63985418533545,13.868853899653839,19.32727949822331,10.947147020397171,22.149664080029112,16.782607980026764,6.351986716524913,79.87883433928043,10.30650141172269,4.3182935582524955,8.512189680052925,15.505893806432141,7.451148691273838,295.96861454221295,7.668220665340303,35.97092829265291,11.045099822675443,11.78692106191278,2.6607512604095973,19.437453629913485,8.15480800648992,6.352000735788036,1.438153352058384,15.806702607386146,8.958224616819168,7.1524453401940935,6.8528493939786355,15.036432362309471,9.059829737474056,12.290307303215258,9.917571382737263,23.88963562983019,6.398918690034741,15.44167939572873,9.011483155168374,9.584353030535418,12.010256986983705,9.291004575572849,10.01125604489893,14.101489110005193,14.857119689435681,31.0468882641426,10.883226662105644,14.010563727347085,14.541580020920469,18.000282328724932
CFD-LF-217-N.jpg,15.879967401452761,39.321869234610304,46.23462833759416,9.719632409745827,15.837981971807848,3.730077975946336,6.2384818966774205,8.396237281987405,12.362723838818278,16.126333317338972,14.538717273111356,4.365930067507012,1.5125590215617677,16.332668323729397,7.802508679327878,8.52196474049308,71.65934826052695,4.228430612029672,22.575394322105556,15.14238904416977,18.88421897166076,10.53931845304062,21.576686816209836,16.387072343498644,6.26829759536571,79.41586095848233,9.921950864964652,4.378045409023928,9.276375660415008,16.3256311657576,6.934438326806768,298.4635643844721,8.377947370266916,36.29819082160901,10.442984767744022,11.454410325771445,3.782306251223603,18.8621104588668,7.674050720415389,8.586393388856573,1.3756022051537151,15.242635118391375,8.930276581551583,7.585043050823329,6.659240981627776,14.83246460417523,9.438026290483434,11.485838477609072,10.560917590283587,23.573581367159115,6.189579680427934,15.107860837602152,9.638377777064974,9.888622919507371,11.899761871215578,8.999292154134384,10.025394722861499,14.059339224179134,14.71604521692955,33.2609346983295,10.572851488353063,17.448825769767886,14.43182013726589,18.016936377175533
CFD-LF-218-N.jpg,14.862933189570738,39.95606194388469,48.15057519992664,9.008499718015202,15.544950971110815,3.226348550831638,5.639347601709752,7.619058494104194,12.038747532953678,16.30358897328477,13.84787093856246,4.064591933055026,1.2342950733614924,16.178399806573296,7.294448459906413,8.306348309197347,75.37963808205083,3.9181808328691976,23.096516479694102,12.945022263077126,18.648807197303764,9.904504327377309,21.797762759700145,15.976715559318034,6.1284916202954,80.91870601678906,9.1789710251463,3.86051526485422,8.189779781247609,15.419490799872674,6.529017824809393,313.6478594301805,7.112680607327445,37.64575991026133,9.8344178897179,10.406990910928972,3.707304960786132,18.95522650371232,7.440661167020895,8.016278677625635,1.3149749017576717,14.809782864949998,8.206274116901225,7.242191734826501,6.0637462855464,13.245574277200218,8.843131911114384,10.745543438477657,9.516596473003583,23.211946159560824,6.15886997935295,13.459017423343873,9.118232476438589,9.207601056043986,11.312060416497621,8.787289772099847,9.580190453475831,13.304690024374784,13.538277476049522,35.2337219508992,9.558038067347038,16.309589391953207,13.212967512495958,17.378637057881118
CFD-LF-219-N.jpg,15.547466504531295,41.01368573354431,48.100018233124985,9.193175077743648,15.456634077439215,3.9031453194828436,5.682289646770354,7.882565982541193,11.920601175332974,16.88354832753107,13.865427330873398,4.10467251705431,1.412193739480857,16.90282999329392,7.745847345151041,8.436529336806045,74.23859129294074,4.176694909405267,23.50194605649152,14.007143905282387,19.615162792144584,10.358880297919944,23.0124250080051,16.576830800907207,6.506503064850055,82.44403840152532,8.926665903082442,4.078561952311191,8.824103616884843,15.496233363799176,6.816269898824263,311.12462697051734,7.949213229723236,37.502139897739376,9.62810771640364,10.923448366877428,4.281059952990903,18.8819727628689,7.808644297713894,8.504564325834508,1.3930725003069988,14.900855135252195,8.234194470560285,7.50543388621157,6.413384075134747,13.286018486502961,8.882685877686564,11.120207246784975,9.89442820957332,23.86149856124824,6.67749838004045,14.072593703541111,9.277941311641278,9.693787295261412,11.380818037339665,9.241834247401947,9.747664727034506,13.76810325153008,13.83284655546684,34.171358414103004,10.021519222670966,16.882692053441282,13.178537312343868,17.45804502413316
CFD-LF-220-N.jpg,14.703845012503585,42.28628119061762,47.533230593697965,9.079608637800355,15.255093045057539,3.30415948880872,5.90177717746883,7.407732157281372,10.403700969341134,17.47758048278418,13.924918363096516,4.01497479607853,1.1424685141281938,17.357111095524022,6.346787730013306,8.137590348646306,69.7854525150199,3.765973786613785,24.45614044132823,12.178730245948085,19.43762002984354,9.465815301261705,23.349662760716306,16.28720542868274,6.527674852823482,84.05241510962084,9.358514675621967,3.3513834557133104,7.827831908073324,13.261050231043814,6.662265642084019,306.9139298773204,6.212457679863663,37.399992154634674,10.01251202030048,10.50065640733537,2.177120754415673,18.40837507644414,7.668339876749384,5.428008582682957,1.3943810291753576,15.340058635073305,8.385349512022708,6.495896425771726,6.555919837744132,13.674014213355377,7.995014583612958,10.636109319007398,9.031287092260532,24.282884633486937,6.582370701990784,13.754348079781451,8.063135200672205,8.431978111588919,11.916919638804869,9.267473148354801,9.745999363184211,13.949649282410974,13.687198208307917,28.750488025933976,9.649195489290108,11.752756823869944,13.53676932404407,17.157295604798307
CFD-LF-221-N.jpg,15.732063039426325,40.343721995168714,47.14563826978761,9.571562218338451,15.793700767507865,4.346484347228769,6.082744806923556,8.382922159023202,13.259039270809177,16.88233231441403,14.376128422122505,4.328466490377928,1.2385143971644408,16.860736863566764,8.372417553281648,9.581402151793721,72.89125720878388,4.107506718939142,24.33251256115523,15.297555533428415,19.511655801566846,10.543332660745364,22.572300746641655,16.95766937856774,6.386464504095524,81.37104686816302,9.704937173192311,3.4428510151694205,9.324329080836424,15.513259650296556,6.836742124837414,304.7511580155649,9.053599158943422,37.439028475397656,10.1633349348962,11.133367326714655,4.53179120577513,18.92003262859926,7.7801990534445595,9.516712681871747,1.4073996939367468,15.695516867779329,8.76138252500838,8.106547121371365,6.552552955785507,14.389948623153328,9.06944384250127,11.367755170038732,10.481278975276224,24.15369323246378,6.280782150159731,14.623849934695183,9.812430548156453,9.782969994535812,12.134434070030693,9.125291851623137,10.308296819471716,14.41248267447001,14.281121184220549,32.196450851683636,10.234477041526793,18.98328259633379,14.051946295854131,17.716821061518537
CFD-LF-222-N.jpg,18.036568520357832,32.71680579825551,39.048032069200566,10.840114788673771,15.472848260394185,8.697086287137925,6.956481351635709,10.997649935492593,15.038369573328444,14.852153257812535,15.153674497903438,5.919797535960762,1.2742652415775466,15.200773452925205,15.240482733474465,10.473050723632808,62.2666227824354,5.3352932904999015,20.41937878952844,22.3799652631884,18.899468395724767,12.584409422947365,19.390031918429838,17.72003881291698,5.8607623829121085,65.52579502116862,10.897389969747806,4.4564678136328215,14.92056903370409,18.69306336757454,7.535854903467912,248.5952798085577,20.370737239408392,31.632766593624517,10.898036467440056,13.537633453498175,11.741695674785475,18.007722571268275,7.575699089579367,23.881890754530513,2.0809597097862453,15.905329752222835,9.77624895486907,13.913428674051087,7.216748997996732,16.842254229015268,10.878974739145558,13.0708208983495,14.561695353770379,22.805554822229244,5.55892137889391,18.15335268944345,11.46867314775086,12.709148463836458,12.672281140249819,8.863240632520927,10.91352321091791,15.696247959574233,16.566071062360365,29.25996050502088,12.607361100833241,49.432397769222376,15.831437657224917,18.157005875644614
CFD-LF-223-N.jpg,15.426407506156057,39.644726989809286,47.240395439263345,9.242333741906117,15.527504877566255,4.398856629896671,5.984255771636898,7.986695688109778,11.508952413001383,16.44562877972329,13.986233190519911,4.4911576978172105,1.33497669913376,16.540152595319952,8.463078817636564,8.199061097743522,72.36067623343813,4.222210357473196,23.070708107753248,13.52207135194491,19.182414424213658,10.162585695804577,22.326943426551857,16.386162019340674,6.324588153944614,80.02931780104552,9.439681519638707,3.6849536174814435,9.447571775451902,14.529349915440342,6.719564524602456,305.0158833765344,8.95567930762226,36.88973504977006,9.958777578436527,11.045071619569338,5.186913760573774,18.691742869701038,7.7072712868019675,10.332572226082949,1.4977513342177078,15.098465892618133,8.600490681649772,8.130487698585279,6.465405612016109,14.039030613309386,8.820599214799586,11.058334750689362,10.323347373887522,23.708949822187066,6.413494125547598,14.433926365926876,8.863965912181849,9.599231318789844,11.719422013081886,9.055474733988822,9.818223760103063,13.959336535569175,14.195186579352,33.15970803217188,10.173357334001018,20.773838707484657,13.835157310183883,17.655979682038637
CFD-LF-224-N.jpg,18.854391488134954,30.548488942542907,37.16409341674503,11.667396546339697,15.654661434802064,13.542548721801722,7.180831737082353,13.112188424028894,14.953012381619132,15.64754176627937,15.787251084666385,7.344233588731315,1.2080601463088414,15.700874238571227,20.516180447644285,10.503876649383491,60.577581086365285,5.946842668856,19.14717849085882,26.68133333399868,19.91779298542842,13.744546990037412,20.731689370214422,18.347357190010964,5.893973225755259,61.34506373412608,11.57459843145061,5.782697970896059,18.731440451393517,20.269714543238944,7.784190562323546,233.40114605758927,27.84288270264384,29.964840847130493,11.135060348672132,13.926499538958709,18.565195172599857,17.96416515201848,8.064017793160984,34.65846621906397,2.518325808855758,16.83907631202601,10.18415292011151,18.726902962447863,7.447175884064155,17.902884786007736,12.205351283221995,13.644142572637957,17.15818424392949,23.73687080846035,6.051691798158424,18.963835440221484,12.13380977749701,14.643152110957498,13.32220319538717,9.147498687743495,10.953219393246549,16.510592072961582,16.9467885312945,31.46312123399444,13.036538328539475,70.11654105468187,16.275594624445407,18.2492283439253
CFD-LF-225-N.jpg,17.711576268807462,38.62996240977105,46.635150642644454,10.294369335952737,17.017699103118503,3.959455315899745,7.004191612347405,9.657667779720065,14.17459551610138,16.450875900289248,15.199678671280187,5.116317283929675,1.3416182858096104,16.991117219703316,9.094244113754439,9.631225323006666,74.12176146497475,4.931692328006184,22.85630516224061,16.6963955542353,20.00462886071954,11.916961264516802,21.464275120054573,17.830979009838394,6.64689753982822,78.12985691602213,10.812102442271698,4.581057381079407,11.101483975838851,17.993758587082326,7.590584691574118,298.0017047676006,8.74141746288586,37.34200509952094,11.027986360777392,13.151932637505375,4.677642476886906,19.85825526407903,8.011847955049122,9.691656303351474,1.7972079026355403,15.949821068516847,9.87228796283693,8.667236971590498,7.446644139899463,16.431473507946215,10.856875319767694,12.693479007741672,12.653345204548843,24.9653582118846,6.046839166037193,17.399545654470376,11.196569757560406,11.586196275164815,12.846764012537149,9.777223024597408,11.104366288255195,15.450429475518794,16.613367725630546,35.34256965130014,12.172521080512896,18.931577531162326,15.956399277710279,19.562584968586094
CFD-LF-226-N.jpg,19.411559604137437,30.371528431928507,37.316983335219355,11.914481852169752,16.328947329595838,9.996844880279316,7.597507473718293,13.604065207561373,16.772446559389284,14.169687514180586,16.138977176136795,7.10067146359343,0.95982914067964,14.779953842638749,19.38441973009767,11.572937367520503,59.47840942759055,6.021165289592986,19.6057245558477,28.126034604244133,19.121886826174368,14.040258288626411,18.420257846058323,18.347630628173796,5.705353753223808,61.8612913193926,11.63578369616197,5.67662536951699,18.975782821302978,21.681838427981532,7.575485628125274,234.13234446050447,28.231414265148413,30.3213232151415,11.221211726459488,14.48519852366928,14.134216137552913,17.748348696912252,7.4271482051354925,31.093247275284554,2.380280358805419,17.123580023333933,10.881790124956455,18.13812749447213,7.445388603428668,19.21250957068904,12.607101175164903,13.321736758517229,17.7897556942103,23.351111916746774,5.127023042553985,20.222738616189883,13.176554221076337,14.713848834157071,13.456882795320743,8.580479052995301,11.788785723833918,17.057963099240382,18.016720236572187,28.894479127034156,13.555802305319883,66.10057581983963,17.155025071798875,19.068753257705662
CFD-LF-227-N.jpg,14.493702543754491,40.28955210335505,48.6925300617035,8.494416426618972,15.474276343154143,2.4204473198570873,5.4551230764892,7.755484993934836,11.244700124449862,16.063358594729518,13.264757592468618,3.925624372279307,1.295417040004989,16.080558060404396,6.777759947926899,7.3643572839388,77.13831064167162,3.8564274440595536,22.30744769425566,14.005750015892364,18.326908624113884,9.607553417342405,21.636499715948474,15.18763265390916,6.14134877971888,82.1605089576119,8.654873989365653,5.513498345694365,7.909770079662106,17.36052688466366,6.316776410420544,316.91463792147067,7.014862762478404,37.51640017550559,9.362886421269575,10.171930879813011,3.283008807834133,18.636663762482517,7.3268922797356115,7.002899627157603,1.3616184170504293,14.020057911894341,7.995802520699466,6.669058311582134,5.976739968735385,12.805372096956898,9.495212537543884,10.313606815891962,9.558888161332495,22.86393324893006,6.020968153199943,13.063435476151538,9.301109103293797,9.579995849705242,10.69089886134405,8.734456608532536,9.15900432950418,12.620853985710264,13.22703735896075,38.03279151350298,9.324162865079565,14.6222236890878,12.83039116345902,17.282425853047503
CFD-LF-228-N.jpg,13.554728161622604,41.47513281872938,48.758152039269014,7.260500142755871,14.836669416020431,1.27360269329178,5.07125589864874,7.9920356387069935,9.111960777246669,15.985751442930246,11.869041280381438,3.8168850496634947,1.5847481660377376,16.213558178373056,5.983248535775323,5.587936456329475,75.42181926785744,3.807648338738007,21.811082330534155,15.014480810593433,17.967416890623042,8.998262834230946,21.873114766740734,14.343670703811043,6.30389078141135,84.55925637152764,7.570927205244887,7.442493585849772,7.697301932676501,18.61143088976767,5.898835958296442,314.7372878390526,7.567800580288702,36.586629175042916,8.242438183221324,9.576734058652193,2.2292335194473782,17.525231377017324,7.084683957460398,5.121453440083222,1.3933462210996517,12.787338834126452,7.500613501608462,6.157941804208664,5.817150527783177,11.640343135864265,9.898391270608528,9.207696157058864,9.900786812704684,22.818522197910113,6.332396127940191,12.295328930051811,8.759909878759313,9.844633968677062,9.884094312371287,8.91274564568166,8.43217791127616,11.843699014448674,12.593049303880342,38.22994217567136,8.779226262024984,11.870157691917372,11.868191530983848,16.741066815869107
CFD-LF-229-N.jpg,13.528252139812269,40.14595314784652,48.710035578991146,7.772787306986973,15.186453993782063,0.8658041918991201,4.95194132082023,7.94826070103843,10.178363501138234,15.440721096470359,12.55896470616144,3.6253321905721667,1.7561259699678904,15.550476264300618,5.298229093204267,5.676137720101349,79.0435849623826,3.7025329284910447,20.999584658935603,15.028031195648138,17.381153442771577,9.110340020969767,20.931905713551547,13.811752732315728,6.039456683830079,82.28934055012924,7.987259959260641,8.249210623803915,6.719854839348082,20.72690083842834,5.906070902103461,317.6132787859723,5.576524096390836,36.59828590361398,8.784189588180624,9.35086697968298,1.627729027693597,18.32280123851034,7.117594540879732,4.128895881246628,1.3318423192798277,12.776247894238177,7.3807276732695755,5.629781239897094,5.5263188207949385,11.613389412383073,10.513327787469892,9.55152565867305,9.278806871696545,21.766941643281417,6.110127187817778,11.768397302357883,9.58206404596971,10.109820814252052,9.606142650739995,8.483947303423799,8.176303868277037,11.171191698685051,12.232324963745576,42.800292856772714,8.54863078277962,9.391039492135953,11.792077983533536,16.729651991968108
CFD-LF-230-N.jpg,18.430810372464535,29.754076921294637,39.29480518147139,11.059889991189786,16.755158086185585,0.8389921019385967,7.30742972144075,12.488559418673892,10.453180210057251,11.825770893717367,15.84258748278763,6.44675982732662,1.507484606767729,12.587086180347518,11.630320762120762,5.002903194469638,64.85908473565894,6.0144298976932875,15.682155065871633,22.461421160506706,15.23210066260903,13.113797833778948,15.341352156271958,14.528320311120835,5.067148633034238,61.58794476177926,11.358209428623644,12.880193200797182,14.007501506675462,27.735195643839912,7.5204468162882385,246.82457790446315,16.738920608766456,29.78817570181736,11.432198775106,13.897202096485096,2.4060661705978195,18.783788619746517,6.558506497271343,10.637931414705829,2.6752063043926944,13.728491386176534,10.376957500559856,11.93058793873607,6.740858559930586,18.07434717453042,14.245787889890881,13.023702764559337,15.463496216760808,19.70618750541756,4.397621906371383,18.68585124121782,11.841944535857136,14.431142839369107,10.928141385254483,7.621411073777103,9.599102182484563,12.929949020046257,17.32641276651346,41.833093601898454,13.028659460160345,30.68097046026675,16.666124613876026,19.575261169639464
CFD-LF-231-N.jpg,16.893434353855234,37.22407344957812,45.01560048102766,10.063551269923051,15.815319263901946,4.371950543431532,6.503043762699532,9.798284763462867,8.819529174291885,15.662025505526744,14.926876519765106,5.291572997375178,2.2621229873193256,16.090264765437627,10.010686620783028,5.327508127504226,69.62724893526602,5.156306500324495,19.79638552626925,17.055184427015032,18.894578701981025,11.409654294728059,20.77037107712044,15.974227427730066,6.423646557800696,76.2414593469424,10.252676146136114,8.189329023475638,11.261046863766863,19.001247524877783,7.472036449650269,285.1518022414435,11.864261474633205,33.55298502521075,10.624389939247726,12.391025464005924,6.212166200309983,19.045349464929966,8.098625580057067,11.856988551922212,2.0050557919506047,14.485346122447648,9.126953125951815,9.552966266214177,7.090728915192552,15.221093301208125,11.13408672778923,12.416838132139006,12.341364625920376,23.232156935052313,6.337920335009493,16.108284673740854,9.191338954076743,12.130631572048998,11.43375715109067,9.365679828714171,9.244691459047466,13.54642475316864,15.400203123799471,38.07755207143752,11.499320324569137,24.621288115984274,14.736195259968683,18.297509061259323
CFD-LF-232-N.jpg,15.660017035778004,37.36037289985518,46.17919905457544,9.546870617454928,15.97257335367078,2.6185367848636223,6.379185415446677,9.50415775399478,7.308571632858247,15.290633080365184,14.579649967313102,5.149119776072235,2.0015642767277906,15.791406947293506,8.687952924330306,4.115378146267101,71.353343365493,4.757793024109263,19.59714369372196,15.234807721867787,17.80884429803938,10.522731908414707,19.606030142307162,14.911564112164564,6.188371636512654,77.16331201043498,10.171421891170713,8.966908314136422,9.930511548116147,19.115405126183166,7.013890915208173,294.3976969923064,9.55531856118718,34.00977029976802,10.594514325795677,11.436310223127924,4.252104002176974,18.968080919578657,7.66095662942098,9.266095797563974,2.05031519332691,14.22543411845655,8.984648567977795,8.623594550635044,6.821539195073883,14.929345382071023,11.148807886362489,11.457887423363733,11.576574582979855,22.748505071968516,5.724811020996231,14.896219942253676,8.651201398931539,11.222848866125082,11.172303790716889,8.907843151583712,8.78202600827962,12.654192759227174,14.642544308758094,39.896684549795225,10.606040402881003,20.099756744009568,14.478053535900212,18.051973060279494
CFD-LF-233-N.jpg,17.751247544044734,33.43049996683454,43.27749629717214,10.323929315349753,16.708674544297168,4.176907603756634,6.873409985159163,11.120558892256147,13.807969044060066,14.077164955124095,15.065734023177802,5.613707852989675,1.3123012445023645,14.724989107537187,11.31587421012762,8.069460917034956,72.76250591678176,5.281868107559881,18.589728726870593,20.22299789901578,17.75249995514323,12.45393515025427,17.90068600431669,16.234975221560322,5.78910876639703,68.50083851228749,10.856033477359345,8.026616141396666,12.774209710664818,23.247319271659705,7.333680092957885,276.97304728355175,13.473189169176312,33.831632629774894,10.897140792156428,13.22759984034097,6.463493921387731,19.167506880878843,7.142218824574304,14.903605033111953,1.9659959046186153,14.665337882597447,9.784771488476082,11.12603509701653,6.828936088557459,16.636904562870992,12.553004217433877,12.703199624931214,13.951854700116293,22.13657802398844,5.016650274527058,17.551029280238495,12.16193699741609,13.108549816131815,11.761501879173828,8.57133853893382,10.243634595309398,14.12527036498959,16.539825122791274,40.75600989893844,12.299897188838685,31.805180672259183,15.814902130219782,19.26399183879744
CFD-LF-234-N.jpg,19.260026405586824,29.992433061460712,37.64338920034788,11.893453952969214,15.210022286832396,12.228069724938571,7.2401854152677165,11.950528902184914,9.594121809491687,15.129850090507771,16.092970100404905,7.3406086510720865,1.4156291233262817,15.181829917499272,19.4410023595229,6.981410553978521,57.018314687608225,6.320593909313546,17.758187906444192,21.614388616326472,19.603740736261265,13.660299100307867,19.63166620638679,17.78370833692939,5.852324371217854,61.149694620595994,11.373133685403594,6.36022280586963,17.774739343228116,16.665298191518094,8.156826045026774,234.5374270433617,25.714727760632332,28.53815984790901,11.11093019782411,14.152299277595487,17.547675391453037,17.739285090840802,8.30112668383351,32.86249237275108,2.6708958829805516,16.209981577728676,10.206794066913247,18.031525125793582,7.53584982620624,17.85520611939137,11.094954040854496,13.88622115783979,16.140178734411684,23.397029187080655,5.678767296102501,19.095006005702498,9.273392127737123,13.544036814143492,12.69667563974419,9.260422885325653,10.101433419926883,15.655246565610227,16.950768290873977,30.445324047784588,13.254465539863675,66.98999176758024,16.099250559023893,17.96236911560801
CFD-LF-235-N.jpg,16.08319592681281,35.90597462246141,44.91367958836009,8.924090620273445,15.895014243488786,3.8554739856805025,6.411672952805095,10.24222666838198,10.182619848062892,14.66965614336383,13.548352190949693,5.328786301980899,1.4404758228177956,15.292191051154449,10.442156820992194,5.857363326515117,71.54797116118158,4.891832249768895,19.471441535710962,18.41212156961633,17.793349795274516,11.065010420638327,19.22421364647803,15.446118062875847,5.9768944430318385,73.46118578196644,9.745178103501605,8.84880589293993,11.61765950716312,21.43732436453123,6.885189974186669,286.4896843490899,13.157500793186863,33.81731035892005,9.907018342285836,11.978871989904366,6.092804465830749,18.253244027949762,7.016991647640754,13.808931121011074,1.9737988631777812,13.8330162568493,9.078406357241448,10.17441659037746,6.666336423053397,15.022734498357453,11.849959553770569,11.421618557962463,13.028430043775542,22.575901533838728,5.429967774703834,15.677410184871405,10.196456596715619,12.16436258578799,11.193918456486486,8.776320533661679,9.304404718145651,13.31293006663446,15.180058880513997,39.86335366536811,11.113390172845374,29.824452038006193,14.641700241566227,18.289060870636305
CFD-LF-236-N.jpg,15.600588123007007,37.98365494330967,46.00584694962074,9.031378271210254,15.662770303536732,1.9290657857675295,5.948216068901961,9.26776859636611,10.32598640419702,14.875564833242272,13.783098503328356,4.284577054851683,2.3754184020270963,15.538772885701459,7.123152866514105,5.6553559721086994,74.74666130091646,4.422249435938358,19.44294971680656,17.675868511876466,17.583660473109802,10.507448450775641,19.92923685247542,14.648679569071962,6.2251429558123625,78.32672820279994,9.239819144138743,8.972485170641745,8.841640276638957,21.833520097638438,6.808239910767915,296.1253788764137,9.082211590132069,34.432097089140406,9.851633816520916,11.351040466630959,3.1768347684624225,18.630217553386036,7.435144997564173,6.593513774224949,1.6194189566774686,13.251683199946882,8.511825115586529,7.050828335083883,6.50670450580917,13.94302270604756,11.5016060704303,11.270533540808211,11.418706236531298,22.194571853013073,6.06261829407075,14.680565751249764,10.200838449665307,11.589067057385382,10.414428270385692,8.989895894477332,8.779633918632182,12.269118718892615,14.39006218744373,41.87122325849962,10.496350902734367,14.653258416884844,13.734366618337381,17.84970369172159
CFD-LF-237-N.jpg,19.737750853426704,31.180352969257633,39.6961554175919,12.425251490933041,16.437592496710582,8.2330018886738,7.39551248629991,12.396357736757562,12.204727732358448,14.340055098751282,16.99827510183285,6.916032436767971,1.4293400324371464,14.805719269099242,16.3947213977624,7.945404308497352,63.332160052052835,6.173871064977512,18.0606151953374,22.465732238600232,19.082729044903726,14.019356744775516,17.836222635485573,17.36721508216044,5.852434591464177,63.97389566078746,11.771505184565749,7.411943789446199,16.442281401663312,20.740212407278502,8.070937936833932,249.6093087553959,21.101446201306725,30.71065253107357,11.637421861895579,14.363854044234042,12.089976668404178,18.84927104304637,8.116722756596722,24.943602641957412,2.4217983257236035,16.524281920185693,10.583800091204763,15.731594241658412,7.456669631203261,18.617007503812843,12.312806811439685,13.960295016923682,15.802330059684191,23.069190544146945,4.866307483296734,19.639957041865124,11.329679005629055,14.020051138195784,12.587008833843319,8.957557257730588,10.651909464636429,15.5478430471819,17.569371549926082,34.618651707271795,13.442861299903004,52.01919268850209,16.647816380396797,19.128972744007893
CFD-LF-238-N.jpg,16.783173979555816,35.07154331095734,44.88035109537423,10.519393724753469,17.111502990847672,0.5415832685551378,6.6886138895707905,10.923971481421697,11.734628619120114,13.880819662811907,15.864537425093324,5.156765286343996,1.900814571380449,14.214410346567872,8.076688943901194,5.850689707363704,76.60640864232698,4.962950621779987,18.303492988861873,19.936067438566504,16.13726588594668,11.814573849677892,18.025291564889795,14.474188266083246,5.568297229175614,72.70360019818668,11.234845693360086,11.555924934979792,10.057310706348995,26.969122453577274,7.268579361295061,288.664165544585,9.596237101972848,34.24844427900365,11.608888462141907,12.269482358757939,1.1649666550582303,20.2033124344111,6.983965595211829,5.099078989953007,2.037689655568621,13.904210065997548,9.506237926272549,8.415763116382271,6.402383079538651,16.163129702946932,13.372766022749806,12.583897938799797,12.739870027167074,20.587030438867835,5.249923967283394,15.940979558104953,11.911973851304667,12.9552527787443,10.936938909303851,7.981480278172892,9.268404393500532,12.18888131630778,15.635820232422331,47.08781981618115,11.393805565204405,14.956009095198503,15.559551173658347,19.19397984951561
CFD-LF-239-N.jpg,13.976920715632387,38.988387124599114,47.75520081884434,8.10583375117264,15.790149609171916,2.0606817828529342,5.474545492817628,9.217206664051092,10.365206463135927,15.292687529119426,13.037170572990993,4.055098819680487,1.7488048069086402,15.693246088745173,6.244689524739776,5.259416280002499,79.98390828079914,3.9411505037664476,20.441302126302023,17.54863172799393,17.253069805897823,9.535585575399098,20.736931335344632,13.808030055540053,6.098488929330712,80.02495197114672,8.786431800964888,10.212404540690061,7.84643991903238,23.713259848423316,6.089844242894454,310.4386858857636,7.262400634095609,35.700292956379805,9.414140872921609,10.012740578703173,3.1415617971251035,18.563508699004828,6.999422592664499,6.26030139000142,1.5446244210152702,12.948123009326602,7.954917166427512,6.470800144603234,6.007920847166411,12.807368582233368,12.045908413016372,9.96261540064125,10.691058787910745,22.084253599456208,6.065956654812611,12.792275485470393,10.555729878738187,11.30753466154375,10.06825417155407,8.602572148294191,8.367244575439349,11.605302549970492,13.179223581038151,46.49175896988267,9.207170273805731,13.166875519768373,12.857871623446082,17.455515539496353
CFD-LF-240-N.jpg,13.8075679502128,38.85648806905626,48.70343502199296,7.767739251627211,15.187365001303913,1.1036396045463484,5.140800387222266,7.356478060013911,8.239720778826063,14.887658682708837,12.490097269864291,3.6781970809851727,1.7996047930091106,15.20414160318763,5.010773181577322,4.328275723688124,78.32253146379098,3.8489526158640617,20.082720689774295,12.008500517745993,17.00443583675684,9.089601735864784,20.30936609302191,13.524255193003729,5.964395174282224,79.70963120175946,7.953035029759975,8.288515618734111,6.617955407918887,19.116756638831564,6.032413762149803,316.80548347163307,4.635815236840411,35.83555270051102,8.744639576911066,9.672943092503095,1.9251571627463242,18.124548633272845,6.995213738010961,4.330226058686242,1.4046642534773797,12.440418012735995,7.58045386172129,5.304039530200071,5.683962326588457,11.962249480906578,9.962654735188579,9.695523081367243,8.954005787968434,21.493111202716637,5.953453328698186,12.317556568288971,8.477467907131448,9.479101368455378,9.438968703067001,8.427451459833701,8.010850065982632,11.101844088540874,12.687579344966679,43.86150547201456,8.882063543127627,9.45490489693772,12.066286095743523,16.946791293688726
CFD-LF-241-N.jpg,16.44666408618368,35.36050953032634,44.25114581452556,9.200246255784842,16.071908291666567,3.220728786299314,6.402140066553106,10.809657128443716,10.059006600373435,14.326835983098729,13.820628048156564,5.134220030964608,1.723785550046085,15.00036932919228,9.720959054613225,5.136776456039764,72.42128162838434,5.0292450971010485,18.919992565303893,19.90760863549551,17.594369038755943,11.423557614295849,18.890936069212774,15.051920213816778,5.947960219354636,72.67716153550593,9.778604877831139,10.828390768462464,11.303557873356075,24.22703090496005,6.978764757290079,281.60187416208424,12.707601039404315,32.84679848265006,9.959653232850691,12.246225448429813,5.0350244901290315,18.39131513449936,7.142741773470854,11.659091834597794,1.921748454084564,13.39941041885842,9.115610120717937,9.53880816875667,6.635187356257028,15.179111501207332,12.879193505779508,11.707633649224144,13.506341771510423,22.05058851551766,5.468333658479999,16.03330801623548,10.819984151016296,13.088310937167915,10.8804467160974,8.722664019337554,9.055864387515538,13.017063445542886,15.424812638682814,43.23270909586857,11.375709821144298,25.34268347172979,14.653337708087543,18.395674055081685
CFD-LF-242-N.jpg,16.536101108220315,33.210270710145515,41.058828883957474,9.610331538402384,15.924712332413112,3.106677189207403,6.371650949457888,12.423781633557043,13.626808047614166,13.138391431906527,14.017147416785853,5.502138344967905,1.1605407768190477,13.60386368096227,12.83720355869594,7.589226211520976,67.10181598689725,5.092855403296607,18.21515556678238,25.999985806543584,16.354652773787873,11.957353278906655,17.432812655951924,14.731193429786874,5.3101609095164335,68.16426969962954,9.702037164834815,10.77500156768745,13.86937222408062,27.35506540589089,6.360284871334146,262.4249354107662,20.46811427825608,31.258676398206354,9.71148743976397,12.05893804481828,5.04635355268826,17.241737148662725,6.317013376398067,16.755141709697178,1.8058618019209203,13.856626966156835,9.382317879442446,12.849009893617204,6.081824012252304,16.01933513174299,13.445349824060958,10.998624029903429,15.072798161198413,20.632131562675752,4.925670029317969,16.50850727163999,12.80270796686462,13.880936700058388,10.83492166340281,7.596971895250228,9.709935414718585,13.3724753583665,15.506123540622754,38.56528289731692,11.222118603377437,40.78448505726482,14.69574326636657,18.04554011776321
CFD-LF-243-N.jpg,17.298111186121655,34.522125207253524,43.06995538989161,9.942137902256277,16.042103417636174,6.5402537660610305,6.689002904616746,11.564719968609042,10.08977581981548,14.611795685061002,14.34395457440227,6.348495676509332,1.2896436335939476,15.252222722547861,13.694395246345321,6.09237098497872,68.49038412103938,5.490597894937347,18.87392705196232,20.968758864104046,18.380800322215524,12.157009109131854,19.49378821430122,15.82435244938171,5.992546414051485,70.44780269398042,9.833385966013765,9.01581452708461,14.380470296685175,21.62225605245461,6.928304474581061,273.2283988771889,18.437143110234185,32.37402347169403,9.744971073558673,12.500295017763962,10.473832239259073,17.44821076560409,7.337563298613235,21.098988497366935,2.337865381570885,14.67398921350654,9.726948242758375,13.535849665971687,6.912975411651429,16.52658664194121,12.104165104097849,11.466618279229175,14.650930093604613,23.281302332530053,5.5605057555560276,17.128983247124147,10.405929989783136,12.802450969250403,11.479997902989806,8.94773144904944,9.748939749039947,14.124694781627968,15.897914665248969,38.257042723698945,11.64905746404868,44.77951512693271,15.032489910627934,18.34403957337395
CFD-LF-244-N.jpg,17.55783335034075,34.20331491462082,40.60778309412987,10.578264600379935,15.36408508609985,8.325207872986223,6.4795479778946845,11.711798497911648,11.141834449719125,15.168357464713841,14.803161157554072,6.371480676172983,1.470331329969352,15.573869064075032,15.480761889759119,7.609832837491068,63.112751927622355,5.557510077519157,18.90212920458978,22.898129029294218,19.11279726960062,12.542151639716135,20.350806808888517,16.42424739741694,6.104996180395518,69.61363412684533,9.949075367771819,7.177460307408628,15.196937516567473,19.625582485678915,7.105970904471326,257.7969929877341,22.315995773195397,31.087946782273786,9.843411202285301,12.482469197520654,12.701635635827373,17.060180506989127,7.8626459533888,24.806916926244135,2.300765652458165,15.383915502479423,9.497368699059066,15.159265701267607,6.980209780909086,16.312397419354447,11.339707784945674,11.789927632716005,14.877537765931303,23.318960828138206,6.029245047630624,17.191345034196868,10.416622777480445,12.844467027062949,11.792278591236954,9.13826564456736,9.908411216604932,14.654189869348668,15.598285878573103,32.29748038191239,11.626787938407446,52.266266595299015,14.589152971162028,17.49017274221857
CFD-LF-245-N.jpg,18.894737362309847,28.779186644664076,36.161083816292006,11.46849807613881,15.509055078656257,13.171146860736426,7.324793281824153,13.207871911482712,10.352821484736728,14.553009611727656,15.60219357846654,7.750877703313136,1.1822088918879115,14.986686057798096,19.72411832500698,6.698461556574626,58.81811130259124,6.377077724166305,17.083192653526975,25.181876322825033,19.14825099940015,13.614977152822705,19.826962723601337,16.81003110240361,5.779302515799178,58.268393030535066,11.196085207880301,9.032486101777568,18.575627027571258,21.12810723412169,7.635933757729339,225.79431240434036,27.551201752034178,27.42280627580862,10.777076126860303,14.042800276555663,18.985699495146815,16.982542266627316,7.9161564375322,34.75643849571958,2.823326525483824,15.784976622917718,10.436799912302748,18.580489419797455,7.538923524323838,18.391063115811356,12.876501392126464,13.06247349974773,17.221765861319668,23.166522036089766,5.983712367501261,19.366261022935184,10.684645298362664,14.566266541355004,12.477995432717002,8.944532377467484,10.07368726838512,15.566039064454808,17.190594552804082,35.17988573526429,13.182640501140018,70.70791252909171,16.303234025814014,18.139657645719424
CFD-LF-246-N.jpg,19.57363650547186,27.638614777784973,37.07388323018825,12.198514197319295,16.243867796411255,12.157911073547735,7.850200938577064,12.405069087177031,12.505865498084209,14.412834292099582,16.750534733147383,7.407046296376003,1.5328439834334042,14.81429880381427,19.011408760971438,8.145960526257559,61.36118244614015,6.30973841314684,17.06202617065912,22.68520185128965,18.87203102859868,13.862249723323194,18.299191030955217,17.84071503079684,5.654174665180442,56.82911862937225,12.716616360424027,7.0663251137472,17.706230353027088,19.805889384105935,8.43003911463507,232.25311801228102,23.927385340219633,28.919099130102598,12.461051933667552,15.01217724829057,16.82965862202073,19.10413325891761,7.910117173873301,31.57589864764126,2.6866237855764648,16.342973404983297,10.763665728921389,17.172368450130676,7.826014511123578,19.005888231130132,12.687707256746707,14.743944815506717,16.595054243709086,22.73927761417961,5.2249510032697986,19.973236636353693,11.215447545114534,14.404174897455068,13.358211104381219,8.907697091650409,10.59648756100321,15.974573489883795,18.07617306025795,35.92115215050432,14.067888774110209,63.60021038023679,17.682558769832973,19.20584382243901
CFD-LF-247-N.jpg,13.846390629379075,39.08066034622317,48.530218663720305,7.962452933610992,15.095169295290157,1.8565058309658506,5.198550464108366,7.070090552485175,8.303412191598316,15.329207084979224,12.702432567300631,3.7917017511858924,1.7842016271226422,15.606670110483181,5.564579404137995,4.8238018199998045,76.61824954762622,3.8064803814908075,20.614877674188133,11.490002273255246,17.536845828130918,9.0252978557463,20.822204647010505,13.978869021068949,6.081518479425262,80.13032434910134,8.134476789594355,6.92142300736854,6.829372366606401,17.07198743554122,6.122816759049691,315.3817204887936,5.252581982628077,35.96586725028702,8.911754893336198,9.678048898774788,2.8461117968557175,18.123880983339813,7.244306840805565,5.693038115643169,1.4082917071325343,12.955407210883484,7.617712627019204,5.70406677690097,5.878242417688425,12.078276164816664,9.331736151253144,9.773184955090686,8.604937830852874,21.97494519829194,6.129020049579131,12.318228104151785,8.09224501321786,9.03655742355759,9.851379989591434,8.635703302272526,8.154867223498698,11.498776157669917,12.613094535773282,41.044448404421445,8.873654165333708,11.935457903269336,12.137243793496852,16.77341149957157
CFD-LF-248-N.jpg,17.098649542816744,35.65052959604197,46.15353503059446,9.95807395128614,16.456696176339577,2.8238409540297615,6.412273805753269,9.620471588390872,13.011399420909584,13.792209330374005,14.557649482604667,4.71226829595713,3.3788097578478617,14.733015527098786,8.87864125549154,7.669503912324922,74.59635452025009,4.792417705434431,18.667062049078854,17.505171511105466,17.186239756582594,11.615012980640595,17.52342648381202,15.058938751973056,6.148600251818403,75.55877919617282,9.811728390561813,6.338585928633954,10.613245474582666,20.02315081433721,7.258731530331567,295.15257879538336,9.665809058922827,35.16968884997513,10.31054646211643,12.529604474762074,3.759266690335626,19.23825261836078,7.482092166093489,9.27862925872139,1.6817464210375597,13.500374415851368,9.155044967984265,8.641072861195129,6.815919497362765,15.337388226471969,11.09417324972503,12.228767532247952,12.294937502762377,21.681222559063343,5.409003762678423,16.48243285206857,11.002585799846685,11.751667708062271,10.613903114503268,9.008038875744521,9.474335447055934,12.710235417042432,15.607629208973423,40.716047117113,11.580234330812734,19.65831077385727,14.696267149407579,18.853351345316064
CFD-LF-249-N.jpg,18.1539794365639,33.751595955886714,41.18787460720089,10.624194378378963,16.140441654620655,9.499493717562231,7.2147769319977595,10.96585745725998,14.476830043361941,15.627318666683855,15.055742684745809,6.195344507747106,1.2496090385711238,16.09906895052492,14.685079635410185,9.938679199372965,66.62324272459658,5.424013314948047,20.605975885554788,20.918167159134136,19.60207967892199,12.561626642461919,21.03168899761287,17.965729206559313,6.163738872845693,67.5862266596143,11.205381397650891,4.994257644923316,14.687542813301457,18.611204230028196,7.65593957681475,262.2666709948954,18.270662448604174,33.14411902065984,11.053118458124025,13.697061779109966,12.239718164736642,18.572965010678708,7.801315581264468,23.255670531786212,2.126431632067115,15.981110684906266,10.079210294600058,13.34921928548803,7.469581949423757,17.27806854335774,11.31384956519825,13.23024514522932,14.550243172519282,23.97784403941656,6.080260139527851,18.239471411858734,11.39621270500297,12.79695008831082,13.070265866689235,9.273392705350155,10.96743764342088,15.900882049192845,16.885892746763062,33.42663068738493,12.741351014684424,46.592720126248516,16.3838677782974,18.81808606861278
CFD-LF-250-N.jpg,19.842343039473292,32.80826513534079,41.20731747257081,12.067826209108734,16.938212990586774,6.740548659271646,7.525049897465467,12.355055201345193,15.778249812531595,14.658601155317934,16.653909360078206,6.471822352556492,1.4633485423014927,15.16276425581407,15.434638573172174,10.273066184456443,66.78563929426754,5.939364134203951,19.7106429134669,23.47522886904439,19.208491882238043,14.003341179683197,18.237018563265245,18.29800592764573,5.951226128272389,66.95117156910271,11.99623398797715,6.053549495315992,15.9352230927705,21.688735336107463,8.096567276136163,260.16458142778305,19.313101711067638,33.13104251496807,11.85407538509367,14.757301809661785,9.597227402270786,19.5334464201908,7.932235851428324,21.52588230459351,2.2187091479297254,16.681062756752482,10.665068860512347,14.463749840332918,7.494628586899014,18.634727334382717,12.478487847688873,14.249155942991802,15.797970223872227,23.36357428444661,5.188099558082378,19.883051163633354,12.716760999218106,14.32424589303947,13.100294171059765,9.017317333085625,11.452764814574335,16.06561565163429,17.958507237969886,34.03088857991352,13.761039509165352,45.35456957094542,17.14724479643307,19.80744948047237
CFD-LF-251-N.jpg,16.10858638244099,37.96450451620576,44.49079391411437,9.523291220614682,15.57873146125675,4.655216785318252,6.151469538731752,9.543527633283164,13.602857081341314,15.869681862924988,14.143785302759486,4.6864230682784145,1.362649861852073,16.08264044667202,9.524155056847103,9.114384100833322,71.03484004764279,4.430587072701702,21.941249641030907,18.884369319374912,18.908713671043206,11.056160348635618,21.456752408334776,16.51769342390958,6.204086862396902,76.80058276535152,9.73095675053524,5.453523156432404,10.69935206546833,18.952695382500604,6.902616236674866,285.7728113179851,12.197079866216399,35.1955767979947,10.112421274102621,11.726484857152135,5.743550858683101,18.527012287274392,7.52249782795071,11.606262260390748,1.5030141809045894,14.967285240728323,8.846749194801788,9.189077675570639,6.534020837692916,14.647040027478823,10.686979973150004,11.550262582678425,12.169261882351284,23.500152155796744,6.183920486551164,15.389405395486392,10.810895428849962,11.375514853375664,11.717966627006179,9.103511093262902,10.03456543830796,14.168786321227957,14.81917871960067,34.39371083405912,10.838709077901179,23.664663150528806,14.282467247059389,17.89570138929768
CFD-LF-252-N.jpg,18.22597118318366,36.14799426499281,43.44373278357522,11.74871420893374,16.83383951216404,4.023257493991191,6.951667818745906,10.375151178358854,14.208192808964593,15.584709917944119,16.74029255620078,5.2773800988538175,1.3284079592463522,15.780119688541014,10.028722369330056,9.122321213776726,72.1514820594742,5.099115432544174,20.618312694651447,19.31466006001841,19.025936695979908,12.693645651772385,20.200218939233977,17.13311771443173,6.10701024377433,73.15072152015577,11.674574960522682,6.417504203860999,11.207266186176305,21.113361421328072,7.879604326208581,279.88802324281056,10.957208207307136,34.90411849036588,12.04183685023169,13.13693090793451,5.228860893244594,20.478045565675473,8.239586834243692,10.745112414833821,1.835596343745033,16.24422015583176,9.85852895952299,9.887497787209993,7.059364158290733,16.954693150283692,11.868971858003441,13.756989390675123,12.870408266618234,23.43219320977829,5.850335170053824,17.237078798121694,11.769908774876075,12.49639420405123,12.461720821495186,9.108561680818806,10.569903610489801,14.533722865457019,16.274725476373106,37.01167027480017,12.176742076700938,22.46087629654996,16.06266242360259,19.126738679807037
CFD-LF-253-N.jpg,17.474339255175735,37.24951046262794,43.921557854099866,10.85928806793883,16.080504035542727,3.731644486811259,6.651835447889073,9.460482061430765,14.288351614534266,15.351078490526115,15.534882262542164,4.915960666627329,2.35240990832764,15.842594270969501,9.326016272848818,9.04902690493535,69.68468719564096,4.862181932497318,21.3253058547021,17.941816679227856,18.58110161626127,11.828482351479671,20.535755254851527,16.70303174813708,6.341286678677219,74.9506392504079,10.55596593162223,4.757978000233546,10.941134751935927,18.720138815879032,7.579445481886886,281.52650546545294,10.435908255201161,35.050457666155275,11.130008431437796,12.849704295335627,4.3038511081148485,19.449996781139873,7.880207637933437,9.704187784125086,1.7725882792674754,15.207873367331446,9.366875664296867,9.06453192417631,7.06271671495066,15.951391824874529,10.534526238779534,12.93686382880622,12.108806765963186,22.972143916774908,6.558792821641706,16.900603078556966,11.029133160598576,11.517636931213854,11.857011802720823,9.31755563911466,10.3610965298187,14.273349810723092,15.87901633360681,33.420466048261076,11.877442556527818,21.133410410979305,15.285703622835822,18.67105694554719
CFD-LF-254-N.jpg,14.89280895093083,38.927659979864316,46.639876361423156,8.856065142679988,15.453057432389516,2.5369198783063234,5.8739902205395955,8.301609811106072,13.554176611242559,15.569756069671712,13.46899539800729,4.0704612364318065,1.4251515367828613,15.778761834124749,7.928453117152272,9.136619941349265,73.26478419833215,3.8917741402579775,22.697170864890463,15.905070775978764,17.929001939126614,9.99494643729211,20.562439007540853,15.92015477526655,6.0879556523565155,79.33032872531223,9.361140958768523,4.174607214016593,9.147623331473703,17.19822580172628,6.510903021114895,302.6138228392015,9.139435179217372,36.82010937411616,9.878423786611648,10.863120749009516,3.043360930767115,18.63347288970693,7.052476741136847,8.377890593315563,1.3509695594952138,14.464229303964519,8.37495087142422,7.440713341896094,6.196146003989567,13.691106274188853,9.618757875151552,10.827128547342074,10.681229920285084,22.83924802502009,5.8621205296570835,14.22807216437828,10.238649932611187,9.940981963772341,11.37645985239259,8.727752173133476,9.878257908365672,13.548079158896366,13.966871403559225,33.81475346367296,9.989681362565868,18.085343555441572,13.683071468491107,17.630285923519498
CFD-LF-255-N.jpg,16.060232480839417,38.843947005491586,46.56007599178939,9.475015493054585,16.153632436920557,2.8561798736004027,6.0136069303012585,9.402381802306211,16.691245247212557,15.659305173812308,14.153372228284585,3.962319289291205,1.2870938141589119,15.705225765465448,7.86209856734162,10.919450418719824,75.33686321991917,4.100553855492688,23.851365392092184,19.018072175878583,18.59902757144419,11.055575556602276,20.56990064833312,16.776074838512148,5.983091311525232,79.05421978387001,9.602049461672824,4.8648293588102005,9.63048257768969,20.451351574102382,6.698228804038527,300.44304297359577,9.579707016434273,37.190828244372604,10.050121513728115,11.590299271659484,1.8722347076590249,19.14988279300837,7.075980120623301,7.678195288041619,1.1721625730748126,15.208090399274345,8.801053250588925,7.796905805647245,6.137641936940485,14.50283508814636,10.80356341175413,11.450522641903467,11.789898510780887,23.132143068127927,5.804993798027328,15.223216614361059,12.130151433143492,11.266980169763865,11.764428042823315,8.701584511465551,10.566957200470807,14.42661555973535,14.80047846293375,35.74576980301134,10.662379218176914,15.655453012282106,14.212143576635066,18.30622296381566
