,0,1,2,3,4,5,6,7,8,9,10,11,12,13,14,15,16,17,18,19,20,21,22,23,24,25,26,27,28,29,30,31,32,33
0,26.29565604872645,5.354410184409835,-25.375402650888535,-15.923848452142012,-1.5957608148461528,-31.15182568557347,5.358709143605091,-6.982115621546043,22.62092371128589,-23.947271431728854,0.3269625517981053,-22.89140614716517,16.577589961583072,1.1279812739229007,34.865989108118555,6.228327000990094,6.222019050540706,17.633105541039086,-4.487123561300676,35.51321929388082,23.444601139607943,-15.639680030469776,23.908938173310222,-2.8400934089290337,5.251600140938064,7.317931300463597,14.097610323196669,8.46481308012269,15.046444400580517,-6.3692097168062,5.9474721139984394,-3.328143905579942,-9.368926168415157,-6.81413376890818
1,-7.499839158069764,-3.681234247353036,-5.851175035403372,14.45129385712354,3.5437042103704357,0.10068065425372352,0.2639885496972182,-1.4452450798224379,4.878319389800648,11.754161816432562,3.8297727005325726,-8.96327004831251,-1.4540801142370607,7.916931827251996,-0.8415638815380269,1.399042755463527,-5.737110950776499,7.154005007261981,10.099314772952106,-5.510589358274772,0.5924768139851896,0.9293118286862885,-2.349651424308077,7.898486275974941,-10.163390844715254,1.5912217803220015,3.9054339362805326,10.26634221319402,-4.232541105671891,6.216184921470881,3.974189483342869,-7.304339366327323,-19.429133172611625,-2.6678278641636033
2,16.351471020744913,-34.395012497140904,12.00268482492383,24.78124429298559,5.4874905666975735,5.5273479732698405,-12.508578492921469,-22.740766052024103,-29.33505900328739,8.357144540532728,-30.419994188449625,23.258939261112737,21.17860763094915,9.602387058649427,1.8151113240481187,-12.641015812424728,-18.367645803828815,-17.74922016190473,-5.106577263915043,24.783838048670226,18.949333019484445,-15.147859350142504,-6.694573799257619,-38.191551549305856,-4.294483435916363,17.645786937113694,1.9098969636580703,0.7155868609777286,-8.128187792148097,4.50504750856875,2.2866617913841334,-3.1241666456688315,7.703549075597875,0.9495006652953217
3,-14.686931614354313,12.725331644211282,-6.509415986110527,-7.130729994523507,-17.669246955476897,6.794925970314995,6.239869277104169,2.78950089414886,-11.324324710280536,11.00268956406026,-7.176369415212698,3.132767952565852,-2.9572907268971034,-4.761251375626197,2.7821714164022686,-13.215506664515516,0.5766778752920682,-24.350226379451176,-0.8559812040285663,4.822383588771307,-11.579382268303592,-15.0316805636065,-29.13292058570005,13.57716729576753,-6.650580200926276,-0.7716031441501692,15.277450075446202,36.08420787928281,21.57560952717002,-8.553275256991189,18.69861458854989,12.679558133213463,-18.531970160850705,0.3293022244281059
4,-19.14067229900787,17.44482344467835,-6.91956193146974,-9.292330255697866,-15.88109700703583,0.5068093993882163,-7.394226649395427,2.7864522719449,-2.0348304261148162,8.23518531328233,1.6381317019637098,1.239056533644268,-5.3057432394358335,0.06447589229653689,4.320326424902129,-7.106044810566703,-1.8529935449704837,-3.715181143161132,-10.418727774577658,6.681927605535653,-10.906701732292536,-1.1904145498637106,1.2543789198535553,-1.7007831599221988,5.539448799397556,-3.77316849473901,3.1005003738104455,-4.81304285280764,0.6155296668966248,4.054863208184672,0.03564168600391672,0.017145791229352447,35.50144943310361,-19.09209195580711
5,-13.925673598805927,-5.854222992319915,-12.237518362598864,26.1228428666851,6.72633743655158,7.1945828389688256,14.218119014438486,3.9650276261038355,10.99511731826707,-3.2027141286149905,15.154830274738567,11.868432886214988,-12.662512131289343,4.21068599499954,14.550632850843494,14.093257611237803,5.351634432801127,11.81266558683059,-0.1741621010103599,-3.5079597216460785,24.909715262062704,10.77090517743072,-31.16090944660366,18.991925311302097,-2.8571823682609434,49.74691881513225,-11.725550098525977,-0.7537756470818334,-4.354278631714897,-19.228084207367818,-7.806308705617048,-3.6820692691918917,12.263419337421883,-8.265729830571546
6,37.86683879904585,69.9439080356513,59.83283193783178,55.54346533520886,-23.81132175259283,-22.393649761729367,4.334291982485348,-13.687782510369086,-0.2502568919937431,-14.302923715921352,5.041986834889028,-1.8301241664693837,0.23091740433568808,-5.634690226012846,-9.85126503413775,-7.786619155396622,12.078183630986864,2.4820446441185076,-1.7424511715789675,-3.4622327986549024,1.1236965620163633,2.063179567062429,0.7001410902715628,-1.4818003023998534,-1.5784451188810245,1.1942718562885017,-0.8186261579798588,1.8499311609443494,-0.3741733188805417,-1.4086752251853945,-0.0015242482934441914,-0.9761431316801485,-1.275269152442285,0.6804204769208949
7,29.63439585664263,-14.781771589653129,18.343347546896645,-26.979738751069082,-22.357069348603865,60.091824984175425,-5.709943943677444,-33.99200208105945,4.236970579063112,-27.105550331977092,47.000026563705646,-5.93744197229738,1.9085399229489615,9.40075345499547,19.892495989191804,-13.999735879540548,1.2470255962815497,-3.652325837933917,0.1348712739333744,-0.9206529923623122,0.39642774601287867,5.068747792245347,-13.306185634873756,-6.258984886521749,1.52205986732716,-8.432975059862056,-5.908689277804082,-4.721503945198931,1.7515838414581215,-0.10540613766839474,1.8095529938006798,-4.278573671221229,-1.4138238031242332,2.4632450972923765
8,-16.178567178953287,4.728577869000848,1.099494811353209,-7.408461881196872,-7.666443166577996,-7.929943398897425,-8.060828741187363,-1.2316219897579936,-0.7443626952685408,-0.29806462448899385,7.0890333098544165,-3.8675809692040755,-1.2118264233781164,3.517222083896579,-1.9118480138382665,-5.969147038644646,-2.0635754411502907,2.4862684655228087,-3.437343728706885,-3.365906365940475,0.9656917591051829,5.258495313077502,8.294357700455278,-7.964523150692418,7.907275125178154,-3.767703829233956,4.588307737065682,-6.973446151146143,-3.078077114006353,0.0039331508615678135,6.567342026421864,9.797026886909764,10.98846748250352,-10.858997628545131
9,5.987353932983856,-14.3079166740219,-0.020092799848932225,2.418991316575167,13.699231974658428,0.03392384315895186,-5.617163672940444,-1.2164906527433617,9.295837196028636,-16.785515194748076,2.3474550327974684,8.884271858142831,0.9677035672068266,-6.199870806208482,-18.302030291583097,-3.314779806875615,-0.1810564765253138,0.7535345627335576,3.1535731107343237,7.075858500861504,-1.0480550653516933,1.4048131222524676,-10.702021532901155,-0.3233315559194948,-8.78350867881803,-5.278416128199435,0.4941473843265907,-0.7307058018454476,-11.955103553981862,0.5995103075550129,-2.064230795168089,10.579902414993933,-19.563822159513908,-4.958838886646879
10,6.849382262933779,-11.2024286414481,-3.864561240450165,2.1549289849459594,14.377818427095582,-5.791956989385175,-4.669689870401269,6.163697017167536,-0.09314686197755404,-14.140353559138688,-3.4078452334737714,6.44529952713428,3.309955527937244,-1.131093908877669,-11.86590645515964,-2.1062467524116344,-0.3542971537276849,0.6822184270843559,-6.83887943453972,1.504625634674434,-6.185760088681239,6.532432402699751,-4.178457644345398,1.196258217237166,-4.312214126061679,-5.1976442467108175,-6.512909668779814,-7.3981909614487815,-4.681962823746901,0.0370539357000918,3.7956783097140017,7.871696652119405,-13.009448053114149,0.7782710013868313
11,-8.81533572066162,0.669066106047015,-11.356043914856587,19.31572539159482,-6.8861830043183625,-0.7935782479435564,-3.2687540436820686,3.52614999600963,-0.8475256549132462,16.313036402631468,0.6297870368283174,1.2625390810103017,-6.068729955670529,3.485329694803792,17.776649732113935,3.8431097486105155,10.278007364410955,-7.856844308663478,-0.928877978208258,14.821290453815452,3.384356515767622,-9.285002206102906,-2.4882741697915773,6.932036870354287,-11.112390333615311,-13.742996374300738,-22.013785855898174,-6.502400412357884,16.577523176385572,3.5795906070037664,-5.257555461158453,3.7023080416595437,-2.7836523959996184,39.29400733591783
12,-14.200053069869947,-0.988755475788356,-8.561900561576493,14.87703802069521,0.47018382637013756,2.895909958356112,-12.524251347562211,2.4758694466949325,3.835900176983951,11.754115172813759,13.769641359158957,10.934538933175084,10.286684814668238,-7.3025642602426535,9.482879742750816,-0.3325577532941758,8.651279334986738,2.3770236478399527,2.0650627961205608,6.271674796333949,-0.604680994445783,3.6848584152519965,15.896710220834247,7.987784096869479,-16.28645304864352,-13.960605170898274,6.7226970061017886,-18.85499218651687,-14.352098991416048,19.434959096923293,-13.3726113143896,-23.99397671869315,-9.031139934570858,8.832533517157962
13,-16.586190333572993,9.827430088047418,-2.951774606826895,-8.802359898696931,-10.41886075289736,-7.105464125866771,-9.057121455737493,1.73911857532589,-4.087847301777107,-3.278599410960825,-6.4507265515268095,-3.2260483168195764,-1.7302683775510148,-0.2084330243896298,2.840736824141307,-6.049238607714662,1.3264203639603174,3.2119693789105805,-9.622770252262544,-1.551339332646596,1.9707731694517387,0.7642673640459862,-4.772505482304477,-7.912833610185526,12.787113733113229,-7.200427502835722,-3.1124255131844736,-1.4262117259121532,1.5793686554659165,-0.2686751701177915,-2.0700102483235896,9.563752108359456,7.10513657624534,-9.003469935874387
14,-14.458441508116113,-5.932696994779389,5.060828797055341,1.9415391004057208,-1.552350571120111,-3.776037249454592,-8.592275042231483,-9.047346469248946,3.050845041902939,0.34625150757195516,1.4027735147781117,-0.08918977339564055,2.1188192747315995,1.8170228222652254,-1.2228638302451476,5.012679682032156,3.5058434015084483,4.373114523269818,1.829642510765613,2.7284697822690047,5.4217955469550905,-0.13683166134465596,-0.7151302138750144,-0.6116413670346711,2.1093663109952616,-2.8764258461690857,-1.011470828363742,-2.707738112158954,-0.45092440299783254,0.10144349226739968,-2.565911066717059,7.941639897640471,-9.558997521449434,-8.03220323018738
15,-10.968873554207939,-13.66890126935245,19.20397191166792,0.6189848120961429,11.19673993956618,-6.790778063189648,-0.42576399507796625,12.397868393340167,4.52740193841673,6.661367108909688,10.668329654774931,5.623939705348665,8.98195064859802,-2.9315105585472665,0.0039046312172793807,-17.337252408120108,-12.162529031318169,1.2058747344614695,7.38367342198488,-7.76813429540373,-5.38981055992041,8.330189952669214,10.672464070541606,5.093445228891247,4.08151833489573,12.094765591673603,7.311954318140998,11.399672803344071,10.49199191818105,10.334381350793237,-2.4392368914100166,-11.545198562779268,-3.0312540264426273,-13.770074006471923
16,-19.67995404706945,-18.57109106103091,62.67662361245084,-26.314993018475754,21.927612182095935,0.08951944869842296,53.18900338936824,11.625052579288916,16.491949713641294,11.766040640005365,-17.66506759206412,-1.8076450085972815,5.952884397552814,-4.746579075500175,25.775948559316014,-7.408737760137971,18.354214970621715,-6.712367003497237,-26.115406118230865,0.8918416264067904,2.864173579655641,11.536842991685514,2.1192856803421094,-0.32236533101013387,-11.062816858360119,-3.1798600453261336,-2.778853785986157,-2.5079213058708225,-6.323982661070049,3.3687543168606537,5.929357798476185,2.496343661495479,0.7284838165521406,4.8838565934978835
17,-11.64204947180381,-3.4577340763473035,10.73075695499945,-9.663802739746943,-4.059092834384975,-8.934670931542724,-2.8007968679897055,-0.7092747231077488,2.5757397122600842,-2.3030523713904785,-4.319649345119632,-3.119818191244771,-8.191272118730506,0.18588445307451487,-1.6172059530067169,0.9415760202016752,-2.428324306446492,7.899324495089502,-2.1286155570742844,-0.7004239796380127,1.4603782323237704,-5.9627080901171805,-2.634112247758222,-6.084203741886827,8.008562403021836,-6.4035555575966825,-3.381368179318536,1.3696677329652371,1.2945822271572722,-0.9098130968292727,2.9871827986687705,5.854579793574773,4.96608486675865,-6.689619820481279
18,-15.393258814155365,15.458464489514826,-9.349009931048872,-2.974264757633975,-12.981036938460154,1.5204793296313266,-0.6394678735516283,6.101486223344834,-4.08850089613582,5.399855905022488,-0.2493719258420573,1.7951043450210133,4.5001830783094166,1.189073992774539,8.55449506244188,-3.4381688712260687,3.0460488922522653,-9.36735916867287,-5.422473805800541,3.0751649559976846,0.5794458662755495,-1.6300986136243434,-9.257909481419055,2.90209615499311,0.8888904478281304,-6.1058572884099185,-2.4818498015794646,3.030195539441846,5.920505804441923,3.1367918712911322,-0.061486921108074855,1.8240355851556853,8.86708192786133,2.4828781003040015
19,-13.983791707489765,-3.6767103908352863,-7.145514409007938,22.60924700079703,1.8761691736424662,7.377178099740377,0.09478604560537839,2.873308480580837,4.982124815917519,10.043039507645856,0.4192064413004064,11.409864224276472,12.465099937683567,-8.740496200816379,9.4318372865828,5.88245504741312,9.254122773484644,3.3487060748413993,6.000627597790765,0.5219090921518676,9.084472126238675,-14.916810008343157,-5.270757843042235,2.853841757389315,-5.041670178671,-43.30150799307022,-13.950155848957106,12.447473761920495,-18.774222566702168,-25.914584714277773,7.580700571433431,-18.44069166255246,-0.5356450166163285,-29.47089892703312
20,-18.579111949474726,-20.546993286951743,30.812822227030573,5.253365363031563,14.669736521888662,-16.598848872899985,-9.113944897286265,4.563944410547243,6.10309521155524,11.1776743886392,26.936462165124507,-2.7599716255725046,-13.55317983528909,11.414786462500212,5.453462566246804,-1.0708197882353474,-21.849251404795552,39.24038049380814,13.904758639409518,-5.035795153020765,-28.150650442009784,-25.861580099567632,-5.2706463999119535,-21.051261052939907,-8.968146623701085,1.037829215087335,18.263040089568,1.2220818101046298,4.4464414591461665,-18.847437727682156,0.9008293104048293,2.749932764895887,2.2553580235732436,13.400129603331777
21,-16.907709908804467,-5.391037383250746,6.452958802281941,0.6958945613018788,-0.9766682888971495,-4.3197093601346745,-11.366959869035334,-1.1006604493807164,1.320727928061376,0.0388961736442464,1.403415692016718,3.064622462486345,4.339463662273781,-0.9928555673326638,2.498400780839999,-3.268343251902782,-0.30297851460131364,3.239734361446076,-6.537147206611009,-4.193874523772305,-2.002646673146175,6.2232071775488045,5.315217562291032,1.9484971266905236,3.8350359140231256,6.056440177893979,5.4415181057699495,-5.098578251184647,-3.7164630063322646,9.612942407395039,-3.6969584956867605,-5.86906900413388,3.160835964212772,-8.739559797824965
22,12.861293932348325,-8.292337574161612,-1.8314937581071336,-12.058255467689749,6.74651486934031,-21.67895725897723,-4.782921446966931,17.041055922977655,17.18518531674401,-33.59282722649659,0.5733552980832459,19.864153479283225,0.307312750893298,-0.4058147859712925,-29.99549811521716,-0.009425262667048684,-2.8894630919599726,-0.6619540111484135,-13.62775269388793,32.72679017770774,-20.14387764123418,7.235657345337151,-28.423743127256582,12.328738340347702,-4.145947763972737,-5.577438237220188,-0.25351737758323684,-14.573415170243134,5.2034888305643925,2.54974890050624,17.88857793068895,-20.114430640966226,8.600420474022924,2.0185817504399455
23,-14.294766978848207,1.9712352382237666,-4.93972351426441,3.6115121545328326,-4.052577593770001,-0.19502495160329358,-7.664964657691758,-2.751212768604,-0.5520994850214448,5.058972977165623,2.424959233812798,2.55850306251357,6.675537955910887,0.8451215201746368,2.7343076750169377,1.6005716220031094,1.600475767479491,1.0894269417680202,-2.2769576260742097,-0.0941482622359548,-0.5652820243844948,4.603330100313053,0.17166614143741224,-2.8879392670702098,4.829472157605533,-3.9240049880653656,-6.53603398114987,4.469763688797157,1.063772868353067,0.500517265772844,-2.1007893506846393,-2.5140562879553627,1.9907805212431497,-0.02367395928169036
24,33.0727541815019,-1.0445052226892844,-8.907167799278342,-9.265618111660476,-15.210943909319699,-9.449140072875112,3.8181406114891785,16.70851228375913,26.983894346120945,11.920085796528545,-1.5830847581425425,18.51247759855489,16.351076236177384,69.16964106972259,-10.468342051755721,8.705509277229627,10.08043663015825,-11.48499561368996,-11.182467598374776,-31.754653045448855,4.999946627820638,-14.667480400594213,1.8929346192195475,1.5146381171392453,5.104486322340071,-1.8464619158071676,6.2487707619151225,-0.524757174640164,-6.7828020477058235,0.07550024694810523,0.8646292916256723,0.22079591028882092,-1.2185278094384813,3.179151927732864
25,-7.332746115650757,21.628665236842828,-16.292302962854116,14.946257009869747,-10.026681046165441,31.612320402408862,53.20719228095116,9.177971962850515,-14.870714982519992,4.462294964467163,4.506779583317055,-5.532173457497633,-9.303665994984176,27.724311492870257,-14.844026599937845,-6.016158536507569,-30.030978466118974,8.259883821957455,3.6331141170060803,34.75229432338574,-13.58889764905809,-4.518214123756649,23.51974906965175,9.694888152705476,-6.518495982912395,2.053764526599042,-4.049365465024054,-9.411363296808618,-6.481270218624104,2.022013699848627,1.2216906051880623,7.285047385251252,1.7163844640795465,-6.117975449697436
26,34.867150559069835,-1.919750887270864,-9.33643182725265,-9.257299548405314,-25.379916133700945,14.35783999752159,2.278976674547578,-5.2292018218769805,48.05655070746793,45.892253484687686,-5.83505473557718,-4.306264257761775,-0.9854722655138441,-39.3101986723769,-25.557062114720125,-1.9097632480211322,-24.522387622056083,8.192259567505298,-22.925332267377808,-2.0554620363357214,7.116628937487069,-5.008852578449115,-2.0873262502185304,-7.08054227775193,-4.3789047578408,5.894316630752682,-2.4601825387368215,-7.14694150545611,6.551522442167665,-4.918163750611013,-11.5681488471442,1.1680624217810842,-6.080882179982595,-1.7869818144171767
27,-19.152539075926807,8.423409230806353,-0.9666756760393895,2.648108098839421,-5.975714107376053,-2.8601888110839555,-9.898378765504338,5.075276341187465,1.602292953252201,8.316121930180483,6.944216250758435,-2.1221829911726275,6.412249099512782,1.5464679792558442,8.291815652011389,-5.071920039422058,0.46396654004644156,-4.849595106423447,-2.7978235125554867,4.274782505254137,-3.1721594187450926,3.3576419675806113,0.5779845867132916,2.713410274273414,3.8476437853662864,1.8027407204197434,1.806356748496719,-4.2153785785983695,2.968654697090409,10.21333407577397,-3.3636468697138953,-2.4973391545805663,0.7581684288324924,1.2658500448686085
28,-15.16437456668443,-2.126621967506932,-2.8687885368681405,14.202012281373598,-3.525859768565024,-3.8224975325834394,-10.78776934113149,-0.3230804646160809,1.3039032448238894,9.159701446510729,4.703399252526468,-0.9284119762282841,0.3313054734356985,3.4209676149608175,8.327337514190466,2.965046841175866,1.5809764055966973,0.7193788970024161,-1.1035090864446102,1.3643773236170424,2.4358977257681955,1.9560576649475472,-2.3010826350090836,4.043494138574172,-0.10442446758093656,2.3599395835301773,-5.635016271027975,-4.053530833867652,5.116583851367778,5.510519129582194,-1.8811944312035793,1.7334363458007482,-2.605968297690472,5.719767060732348
29,-19.03342250755713,1.6818263634301551,-2.8572029321824606,6.621338894368739,-6.25046890704537,-4.845279235736911,-15.314661130461978,-1.500220932382182,0.8944769952298651,3.0298016580574636,-0.9613157437676783,-1.4788771387475705,1.7742203154732574,1.8270611125881584,6.487508005130507,-1.4443163529876288,1.6539818139296718,-4.099512502447471,-8.751471954696767,2.3973519698998706,-2.0139477959323298,2.749674856030023,-4.942694015971571,4.183493334400815,7.40049723492759,6.289158360521256,2.754880748825538,-10.268372379443296,9.894176286982407,4.715820189678801,-3.13877896345802,6.592406781851542,2.8158875431792056,-0.5206055772226305
30,23.442115012061016,1.8325683610823607,-4.581947920654917,-16.71777911998812,23.601862809053433,-14.884903788686527,17.596853134518334,6.404016510195072,-47.77030595282302,31.81219432419695,46.94946840081787,-9.916211458410508,25.622911954750755,-8.834644099312149,-26.906716917137565,20.701765881765382,24.647972929366354,-0.17188056392756046,-7.190517546013746,7.0269908284038,6.875243655176565,2.798284334786121,-6.1991228674853485,-9.065083915909357,7.9695171570024925,1.3012404594136007,-0.9711128270650154,-2.0236687660519768,7.70516998886672,-3.361818996730111,-1.3743862380563192,3.1383041295649248,0.6920520898999143,-1.530059644732062
31,-11.896856167725849,2.4948036955545043,-5.190489557773628,-3.2782412563116825,0.3308534762787272,-1.1601505704074073,0.7332763448604622,5.734270324931969,-0.35983052179758823,-12.87110495231887,-7.000306858713261,-3.078759266499664,9.891810396508724,0.598768306110621,-9.627042169505426,-0.36086221260457646,-18.43286009717295,8.841088898261688,-9.182754958510666,-9.564587985342083,-2.3870601210579796,16.762578908203437,13.208129623353352,-13.307366358029393,21.755480144727414,-2.458451801912795,-34.841644940703205,24.477023256070733,10.606688743408853,-18.784423410997253,2.4459546171092756,-22.546674480929827,9.588881955999458,26.706933492884783
32,-15.886154361287296,10.117066161892524,4.5190281052560435,-11.24292036751848,-5.976464050614036,4.381933659984526,1.2776421004310996,2.2019280022274974,-7.4575832647020945,-1.5513300771145233,-0.2372860508895853,-8.663439376067533,4.065279563122926,1.4432129671881746,-7.4026316407791635,2.1442644216719287,-14.368078656394484,5.934616806636008,4.691963476377554,-10.680621039750397,6.455094423727567,4.144442562699733,-2.4392242453744406,-3.1504767954124517,12.462680782461607,15.348225583194111,-8.713235093637214,14.12383903748724,0.24839228378597822,36.855341101653195,14.8260605831392,-20.83493680753199,-23.48061067332906,-7.358828590222325
33,15.531728968919866,-4.032466933762081,-15.087474729300418,-0.7706404540059932,0.4079762312838798,-4.600765634027388,11.466173127481705,-3.116529816906454,-15.067337373592242,-9.151524111567397,-19.189943585707468,-18.17817024118856,-3.021321939493699,1.9813414727520042,9.093003872196357,-1.37708953541848,9.630747202871154,-14.849809532010685,4.1357461346052995,-24.314640940426965,-30.310405312006743,-4.873901900953321,1.900666088105342,-16.95823834386439,-27.18918309556379,9.022585239568219,-14.48588355505041,-22.81652027106339,31.941301491611327,-10.5223988567599,-12.109665346323798,-20.23476608962913,-5.947843899505735,-21.673660808249576
34,33.54157641731421,3.467676941322442,8.990681203126663,-9.7061892435507,5.9830664174017585,30.99226809324066,-35.39573823403811,58.199143520104755,-10.525062609032357,8.183668235758237,-20.001641729403588,-19.46588416869663,-12.95091168416969,3.6248678750682406,-2.6334104885491003,-31.54723395175249,30.48260876433219,20.34727300563335,12.142762713702169,12.143892119589443,6.360613558390206,-1.9939703389082388,1.714792117702881,1.1300553907085633,0.4830667317450128,9.299238301492752,-4.1706308680759125,3.3827565209828574,-5.530476829981804,-3.459733182502028,-3.3028241687929536,-1.317660364474275,0.8757928781240208,0.5909776295380333
35,4.347107088216998,-9.797360962995054,-11.642767930404178,9.616317750259235,3.151281153566439,-8.445762511085773,0.23075758147530556,-9.48534194722396,-3.1018127260376063,3.5705035413248805,0.7962965582965911,-9.739533873494391,-2.706833471680465,1.6804538586914206,3.882718865341169,2.1617794487611994,1.2416219204381558,1.417898795366641,7.314444613947184,-2.0567674702243917,-2.5614345557041482,4.184014860274713,-3.4343297452330295,4.6657321950999355,-9.078638461292543,3.87393247476695,-1.5431339161074915,1.042126070464748,-3.54180410581148,7.1225483541341665,8.875408893331622,-5.665956078709394,-4.175720488121687,3.2906650663634727
36,-19.217916266207446,1.8305914210507963,30.075199654915206,-35.22299537571699,-13.032031491042696,-1.5039512228074718,3.2588810995821937,-10.141586230289642,12.519091508155105,-1.734150380103795,-12.719474367117876,-1.3971841794533209,-19.454192668339996,2.0138530334584623,-25.968533749153078,33.91101884990366,10.133655175607494,-11.847017737422014,49.25374340688984,13.083514114514486,19.432027773243767,-15.797265450674935,2.405640181895513,-4.483221769225592,-6.998338140725066,0.8881613179316521,-13.033168177502379,-1.610419989100964,4.03936355875808,4.135058599060446,-4.902558157542821,-4.779599735422121,7.600910458080871,0.05158593088696034
37,21.572727710583116,-12.012514616548682,19.17665199195731,17.247563704210894,1.7881949154479762,14.839064271157605,-21.64428908717251,33.840727899387225,-5.913830042813989,-11.509046645476415,0.5721334981718518,-26.66742753425212,-10.032014831549494,-1.762063738378892,13.186886582810827,57.60031603562296,-28.520798797826338,-24.980217238506604,-17.697357882727925,1.273541452596599,-3.4839012117692154,12.464257431833067,4.722704172248665,-0.3334886050786671,-7.806836183988431,-6.957931455669262,9.858610407811433,11.23489036611955,-4.086235964652791,1.663306441489391,-2.884760103250248,6.607407132666455,3.182317377700094,-4.307400998158965
38,7.241776420139754,-16.373607370228324,-2.0931994128876363,1.8262690313710286,11.952026879752344,-27.062750040267407,11.244517642079709,5.729158483677652,-6.334028635712066,-11.815123544866461,11.777565802532632,-35.23858716125832,-15.661304385783016,-10.280149232581074,-2.4103798044505034,-31.28413322227172,-22.755043797332625,-34.40043857629441,3.5657384139948456,-14.711206386272972,17.515930317521725,-31.23485020396766,-5.65946748035475,20.252838046724477,16.78153748387507,-3.6020979444018715,-3.2935465021603205,-11.943116632613107,-18.541838673438505,-1.5804911338885306,-8.592542282717414,-5.5101798143400815,4.73810395049841,6.7121080118871514
39,-15.766095158001404,3.419570413981708,-3.515065000633783,-5.102976448207343,-4.310786593966089,-6.412704782796498,-8.888776925177275,-6.457682001821128,-3.0459874517474055,-3.4451755657410974,1.4381928695382762,-0.7139399796679513,-3.8247575213272365,3.7621377953895756,-3.0601138167456634,3.2462502262979847,1.3686205660518862,4.95578160482359,-0.20406263188769994,-5.097264131624983,5.164623261631165,2.74692541184715,3.3528461364950215,-4.898138449188388,0.36045976864310125,0.3003326122808431,-2.4090140484316658,-2.5060451253194764,-3.3957114424270034,2.4315170636232697,-2.145672127367416,6.833100175995407,-4.236605160163311,-0.5654938366838278
40,-14.745068647646505,5.406193538854761,-2.9671196650723832,-3.361730941133557,-2.8225424982517153,1.4530110537643488,-10.262226766195912,-6.966943235381766,-3.0915517575442575,-2.778071400854329,-5.985345230573533,1.685787682236047,-3.045106067149503,-0.6229810437738826,-0.23995083944255904,5.232598717511564,9.586947825772256,-2.2362469302600716,-2.7397758704532253,-0.760584230172662,-1.5147175451300547,-3.917972746416183,-2.431938481750134,-1.7569443825439752,-0.03313238183996797,1.6691247012275658,-1.4958449546948966,-9.01918945258136,0.29720955829927526,1.2193727561598866,-7.6573994320500205,13.171695813105865,-8.669796757459146,1.2379582658229047
41,2.9180267213048636,-2.71756179636763,-18.355135000502806,1.856144433626289,5.372095936827165,-8.794395974808975,4.211995032562817,-7.693453890393268,-1.6479047573722019,-15.181622941121026,-9.681021997748974,-10.672755238124147,-6.408543437547172,0.009403710048835834,-1.738098112683957,-1.3359721462998508,-0.19455619352028436,11.273844330233302,-4.3696354497575784,-8.741171161000127,5.703379838869114,13.541612577979361,-1.9493334620239864,-8.324581425446521,-10.543993847593908,-5.032944366600098,-7.5848051464742765,-13.188101822937046,-5.8230823933665175,-0.9760897732174003,14.15890396959309,17.97905865691941,-7.054944723033267,7.000669005712789
42,17.887933963200922,-15.006543919335591,-5.633525790902984,0.3936358770281613,-4.550004736744047,-3.2154195650147988,-1.9609688690466196,-8.610743847075756,-3.1419428394762794,10.859409329671902,5.246398335686954,-4.328534785564219,-2.5795712168690956,-7.153323898906605,-0.9100781109336381,-0.8183359366467688,2.788569487092036,0.11575912980678521,7.1290870836082325,-8.229875258223617,1.9227030718477645,0.8540866154105112,7.563097089069659,5.062446023049217,1.7449548289489714,-5.693071560891348,-3.2628380843468996,1.3850457054964445,-3.603614143979068,2.7638804551691014,21.184086017772437,3.8985028121853573,14.164864652982146,3.7229426812858875
43,18.185228052925076,-20.71363270108472,-6.8887078438422185,11.155561156961774,-7.901229885513203,2.052623525513436,-1.455301277191924,-16.896317416599132,-5.12636229600817,14.505557346224533,-12.914214683869334,-7.534764278973673,-7.45172151114931,-8.086641158633848,0.4587132930230956,3.868954913514732,7.74740575650586,8.611104814260841,11.83762320996332,-15.868834071703722,-1.0066791798720987,11.705421337468035,12.127750094625043,14.114609610081365,-7.315686784409902,4.475273953623124,7.075308377078566,-8.452585258291611,-1.2805276713078906,2.1964767746586955,45.83393690125833,3.2205652837793766,16.148562828926135,3.6922548518370544
44,11.382713149473282,-36.233361419309965,20.67563641469121,-1.0368000446217958,1.9473165898712668,5.221371692099026,-8.708043766813317,-35.45251316571291,-24.2092531858778,-2.4965519209480718,-20.152751774913945,7.775395122994552,-8.216728385323904,7.08057434729024,-14.562371192932924,5.361704405838896,6.99099953792898,16.858907343739236,-19.45581696892598,2.3793272572098365,-7.519629906162291,-6.409390214192918,19.219664259514364,46.246274178746205,14.102206472140168,-3.125093393268182,1.147058929206005,9.660274820293518,11.736487206972614,-8.22903221692584,-20.914404307636783,-1.1060555361200575,-3.416155609666231,-3.7144576688793385
45,36.60788940759129,5.927740488192416,0.06683047138900508,-26.17475747795507,-22.43098664114067,-17.00851434554062,11.409895259533458,24.73993735174654,-28.995644783324327,-2.2844205453966975,0.6818052914597568,56.83540554268522,-16.150262197610296,-20.198667459391057,31.245515995654895,5.005859127857346,-21.89008508249195,7.020734674361719,16.05014654998391,-10.508812502206663,4.2859696359845625,2.997687632816957,5.218964376763903,4.5912756008516755,8.29923238420836,-3.187186195973932,-0.8610014500504201,-9.704945142005775,-0.2167840979212472,-1.279924227696726,-3.0576027651726143,2.994471028632098,-8.887988881167042,1.0352328795283434
46,22.909877476446958,58.05077400359237,-5.891308284921745,-18.268993912787064,75.62360384610915,9.898623434819209,-16.154879599504213,-28.303011256974276,10.235585031542701,19.348225699997702,-7.366096921626139,9.855512673541563,-21.32615433309084,10.96677560647121,12.624640170098468,0.5552793862771677,-15.060452728063023,-7.566127268584507,1.3087499280541082,0.9147326793158685,-0.16837021187907886,4.285265274663782,-3.18814244328246,3.7366397668669475,3.7489617111310305,-5.851288161499298,-1.1959679652057302,0.688229308089039,3.3892852943431375,1.8041146297234205,2.0127288652953803,-3.001820722897976,3.2360458994576997,-1.803489230379724
47,-19.11520072846167,5.432822048032687,0.8231370122381823,-8.844103356487059,-6.052246231712406,-5.2892123445115855,-12.838792982488357,-5.104507784410006,0.9049253906959587,-2.0012657626770434,-0.7752800141315854,-1.173876275267594,-1.9764179473154384,0.329701417784036,-0.6233371829769807,3.4320186583858017,4.863134775502043,-2.240531866398258,-7.606356320779934,1.372272875173755,-7.155056117563101,0.6468323169112804,-2.2208545354884133,-1.1847995666181528,9.184129394699353,5.938786558857409,1.0188579966009417,-11.984478926290711,-1.682334107456824,2.436848648972919,-5.528547134738947,17.168175479925257,-6.549757961385698,1.3956588045097873
48,1.1112134349219072,-13.822433327408701,-18.605408303474526,35.88321673637025,17.665622342015578,26.74166404790727,26.92683678698301,7.204921240438995,14.72723009496126,-15.817119438408305,-0.45992285315000225,15.439994089474553,-28.70234046603893,-17.125564973581135,-4.322692927721728,11.162227750214539,29.298100409920494,-2.357816556034611,-3.14823253024767,-7.381320360708653,-7.78368851199106,-19.790338983583627,5.216399689189823,-22.715963647540555,38.085039406348315,-3.6781053556854992,15.767166984206112,1.8026972159562453,10.380680901926246,15.877449931391617,1.3327840428850348,-2.286797870567059,0.1500241243568024,2.623865025533688
49,15.607391468264916,6.572792708773861,-23.723785475686583,-17.297088205434036,-2.3089818248055245,-10.763796057485647,8.752121093126865,-11.29376291525966,-4.60907155845758,-14.731169166845703,0.223469340573558,1.7393071608317752,-4.913969346196591,-11.710341068994989,1.8842929740399819,2.0249999350632506,11.86009244947006,13.516083358708933,-11.27858639675642,-8.214972417388873,-19.137961474602356,-15.154824024815252,-2.2211406810501493,-4.679129575116541,-29.963607768572395,7.628413414644293,-7.573202618012146,36.47081787294848,-29.2561691251444,23.122429251370075,-18.481523954605315,5.680962674072698,18.91558490921374,5.150770132393602
50,25.00858097640576,-16.123499488740304,-8.919969054787456,6.859670564351513,-7.487254134140086,-13.295202573141683,16.992035969005844,-10.668464512709479,13.270538323272683,13.97673572666331,-16.321962203720545,-15.123942200682698,14.744437948537632,4.86362162695094,10.544292939150496,-2.8275479971761692,2.0169534171634873,-6.396250560414438,39.303710362173774,12.510794508716737,-24.769133073076233,38.01880651466968,-19.565098351171194,-1.6608536274269516,24.83188454844769,-8.213087101112446,13.067532196503482,7.659675503071107,-9.86612460532758,-1.3025547767453596,-22.73039190081543,2.973956948235813,4.549382475838996,3.3576593275552504
51,-13.133863148426318,8.725339305399395,-7.952316114066594,-3.111892578302829,2.6621444287853246,5.3958961494021045,8.077564847174193,-0.439517554440837,-8.558088293013846,-7.760432258494649,-11.46626117804539,-6.14861041651167,-1.9650975988303028,2.539783203823075,-4.735228703318767,-1.7798249330903282,-2.297366291485437,8.61184700585879,-2.7691441648158834,-7.081563221490214,2.353070060004942,10.909048202369686,1.1929452389211588,-13.435853165868771,9.401467089308579,-2.5606157333960113,-12.19798228538548,-3.6484095497579045,-19.69749915024453,-16.415215133248452,-1.1959608036656326,15.29701151960537,-20.77469999848941,-4.235807686318829
52,-9.503358882938963,24.738567275414194,1.045133406874335,-3.524194489355654,14.515806402199404,31.040984453562842,5.249844478068825,7.253266030335973,-1.8682298174478622,-21.301117643021563,-20.748640366732314,-2.873355150420329,60.740864197162225,-18.218516662827437,-1.4253371845128704,12.081588712043295,-11.699697037508058,14.32858890512073,15.787242169373627,-19.819399771600107,-0.9262047694287324,-21.49634561215609,-8.505260509769032,16.363421860326355,1.2674672202436585,2.5110913872902882,14.222249848121866,-13.580823471413181,3.172222751846213,-0.4259295424098192,-1.7389719295548485,6.996999600461643,10.891154946624988,11.208136814175358
53,-0.8384416067705146,-15.167653984332219,-4.767804578831047,14.44132264562647,18.930734071979273,-0.04524913208012589,-1.771607769885795,11.189796183337231,18.61956774076583,-16.276329510967674,19.570768686353116,18.93735445970768,10.688608459969954,-3.769212648592368,-14.402199844423635,-22.037953974889497,-3.4247652723122672,-17.924527856111695,18.238482342061506,-6.473417990552006,15.19382905104987,16.58239064242515,26.473820756153405,0.5760693580804231,-20.609757988356474,-4.572141351043243,-5.318679453532414,16.09378103124722,24.835382652495746,1.8111402439553932,-8.554638219867483,26.536332410825768,10.070275520755263,-6.249753403265748
54,-16.008926982320226,13.993182226405796,-4.795347604480481,-14.45937591648828,-3.962791801504973,6.130420344459038,-12.144331240891576,-5.042325666375644,5.863549861180768,-1.711224133187581,8.435541431474984,11.32955436276971,3.0190178781678805,-13.761538146413503,-5.020823732220329,0.8677953243116938,14.507331408383655,-35.3212542217459,1.5730741799195858,5.173444622844527,-20.923479244377464,1.8085017165588184,31.36198631509521,-1.0204068344172246,0.4536451787722884,28.835356811294208,15.255803012217092,1.710677551850206,-24.46550505927055,-31.14119275930843,7.673176832813147,-10.079524330891212,-8.217195113385642,11.893560465624974
55,-17.3459977328966,9.973522231601299,-12.835488981782527,-8.901109177433383,-7.54151183825936,4.6691254663425035,10.991947156664004,-3.8777351135422142,-18.02924747132674,-9.571332508049958,-9.413535362145367,-3.6774403797061295,-19.63174186596019,4.528401571259222,-16.339517079194422,-7.165245690636471,-1.0497807083609942,6.7972522994019595,-8.413060207218482,-10.660099333529386,34.037278310660035,22.746302371868666,-6.500419236524003,-8.913161600188946,-18.24647143844088,-15.90418206733394,46.246340211987395,2.1089999088415263,6.223831519605936,-10.010264920381026,-12.270920540664717,-19.54204438935273,4.624317114322486,12.303160535178034
