,0,1,2,3,4,5,6,7,8,9,10,11,12,13,14,15,16,17,18,19,20,21,22,23,24,25,26,27,28,29,30,31,32,33,34,35,36,37,38,39,40,41,42,43,44,45
0,-6.411045411377431,-4.232015297524372,-1.3852420314935603,-4.2513141987581555,-9.420653983478537,-3.422181420101776,-12.47655522636202,5.72459657450626,-18.17101211130637,-2.420174544411959,-4.150642808225415,3.6114768411630274,1.149790955516914,-1.6239700673128847,-2.9526688566517785,-3.205660059644542,-0.8057803430131258,-4.165750105013385,1.6256433899578455,2.6599955315933173,-3.44893175911165,-1.1236848003474136,1.4935705623769382,-1.422240497892242,5.249132040783573,-8.018169011069672,-5.6133188391195015,-10.453863529041717,2.7956328055122874,-5.0508027271677,0.09946895778686124,-8.851792239325158,-1.9101453753270885,5.044730961222527,5.217892014142101,0.4255722056061722,-1.9929475898408626,-6.262395560935531,2.2376520622600298,2.4954587034604576,-12.5848408640795,0.6207865851699316,-2.3957679122390476,-3.162918201872449,-4.3679567455113215,-0.06464473669578041
1,-6.899420075849226,-6.779924677478902,11.07086892005346,7.664957513011489,-20.756339050585204,1.5549036686011366,2.0353055449965756,7.867883232271943,-11.84742358725347,-5.373924109673525,-13.838050483868946,11.484699534435842,-7.866704332218608,8.208128190658156,15.325016576581366,-2.2158504509606822,-0.1931785221017286,-4.366016482549406,-4.87716585018046,18.60943253889426,-6.163377847516459,-16.69551266167675,9.066975738383551,-15.841888819231785,2.531940535823383,-0.06047549009247384,-14.963932799837998,-1.6790862346220126,3.8562011526262068,-11.43316199376458,-11.853787609630345,-35.32272863122652,6.806313065753526,-2.5869180016025197,-3.5665107645450567,-39.044630533529535,2.030934177368005,-32.88061330674098,1.4757460391596648,21.248810793682583,-16.019455699126976,-16.37650225371923,12.428883508684732,10.648069409436278,-16.34717716773034,-19.024906401497297
2,-7.236932376715762,2.4218777566781657,-33.56327455153524,-5.950083307539433,5.384445532859895,-23.90202117840059,-4.273283360305097,-8.031085850046304,-0.08989142411536558,3.285852762124265,5.744306158213384,-22.455104358312063,3.524497775472135,5.246155263314822,-0.6135881653147341,-12.514232615686106,8.668353998954167,12.11569436986889,14.567138518551063,-1.3145878227155374,-5.239881821301301,0.9056280269696796,0.8464302274465514,6.642709485943897,-3.3813463595353155,12.93037229004551,4.252270216790673,-5.956325717088799,2.171858807495874,8.638190112358693,1.4797620680650636,-1.8810929744755547,7.463521164468755,-3.3416647266650736,-1.5357851980605144,-2.8577364145555673,-5.929822213890303,-8.831811250844549,-13.346617410536085,-17.836021146572115,13.335949322696395,-28.504840334099114,-17.171849107474113,-8.606087487018847,-23.073656786553617,-5.200243406606271
3,-3.8071274560509965,-5.7628419931862975,-16.050046016298868,-10.97829977009379,9.207756219104832,3.8466602077008436,12.730219042541423,-32.783924651238834,5.580617277188133,-0.6376213792704934,-20.342706063432228,-6.190724517507595,-32.505079400194944,-2.4317995370188163,46.60862636009033,-10.656493761303118,-20.86057265828464,-38.04118617640082,-20.471622581832744,-20.21945978652666,37.72361267849953,26.790354529597963,62.45057630252695,-7.137727693582939,8.807357163160251,-2.43234252432503,13.093829449781826,-24.240677566004486,14.84907476130135,-19.630012882059138,-13.440140942809748,4.584139482920471,-8.90835752750492,7.964455342279564,-4.812773663884668,14.491518136642437,-16.59524305994318,18.22611644405243,-18.793946309648312,-1.0324854208944567,-1.1196625833717027,0.9891885934732196,3.8298604209552196,3.459743705761001,0.14071315659237668,-7.880982463139127
4,-6.22660806250835,-8.407083007813258,12.994031242052605,5.582957871603791,-12.42563537035658,1.5114182334771589,-9.197388282635334,10.969984952459983,-15.831863123484679,-2.2215699202654537,-6.92139175856273,9.292210228107034,3.1822645845606345,-9.43842055781964,-2.475849580714465,2.9655863076902613,0.6258985927331558,-10.168005319500203,7.401188114679917,0.5913332316369979,-6.681608306627423,1.7779964885080934,-1.1744896081372387,-4.671927283410913,0.9151780525022166,-3.3154298321217697,-5.929550409863766,-7.947682018458681,0.9980661254914501,-2.113433335378933,3.0028717822349456,-3.25901827049046,-9.23512830294236,-1.7346888195885548,-3.3256465129929587,0.48770878515823696,-8.683777439192983,3.281468064041302,-1.2286177064039228,0.4731359728386555,-0.6909027816099464,8.251712322790057,0.9662788347963881,-1.4780526442290842,3.967845477667645,1.0146325465459642
5,-6.078600378636415,-7.541156454108204,-3.5643347425001832,-3.193706602984803,-4.201703658023263,-5.510416668926078,-10.517424363291484,3.996362412780597,-16.92766515926576,2.0804462730200077,-3.6816299630982847,-0.6296717950299784,0.7060718591326983,-2.589020659368658,6.394547185443514,3.187102105895102,-0.09889926062266183,-4.245377194877241,-1.0256893713852677,-1.1921364414283646,1.6273398972985589,-0.37116660956226855,4.210449932328074,7.602662449045245,0.7995191208841981,-4.428528553515384,-4.7549721820007935,-0.8804873395913162,-7.297710129003302,0.8937983999060136,4.874725576443374,-10.760482176874643,-3.7290351912186215,-1.082171750368407,-0.3108531780032247,-2.4694961979769605,-2.7059608405707167,1.295383681801661,0.7853157592724402,-3.66516592894826,-6.561741992426968,3.5419705763421923,3.0434837962634242,0.5258198184257667,1.8114482328818964,-2.7166093922150663
6,-5.525097694542686,-19.053069768791975,4.789171107793163,9.984817552231917,-5.561828282913796,-3.055204466042316,-7.004385682709656,0.6542022622846482,-12.339380956573818,-2.777944147011785,-16.459831865966187,2.327420397659602,-6.517222061797817,-0.6346573629777172,-0.3916434478003396,-1.370411971468811,-0.4013072547634086,0.4192679825156908,3.862416480795175,3.744207020465771,-4.300048785420912,-6.509269544410726,-2.3941318705168833,-1.5575601271985429,-2.1580657342688343,0.06789890651067526,-1.5072772788469824,-1.6364465577134533,-4.7981161816274085,-0.057164465929020615,2.261859610583777,0.6103508974271111,-4.8409415143963255,-1.264427071466335,1.4970152166778818,-2.6530022694139763,-1.6890210984286973,-0.5086174262412102,-0.40488393332751377,-6.301094287010696,2.668854820789117,3.0016156373103406,-3.9518299613179733,-4.841421636906712,-0.613955986485585,-3.4467260219026152
7,-6.015552552092977,-6.021759217112645,7.944431658258124,-3.8231302604137958,-8.272831687333927,-1.1894719309098625,-5.423095632025737,1.7616278080230354,-2.547774245940397,0.8889225856177393,-5.238929009445447,5.815700211563962,-1.1360406995024084,-6.383450143783913,6.0344744580045235,-2.038586608988123,0.9226330207219302,-5.03801062581494,-1.8323970573968973,1.8014057169641422,-1.3398077698351596,1.3545560249507502,3.8798637653329378,-5.07530193938244,2.787074884356726,1.49771595088906,-2.6268966472857587,0.740110982418296,-0.5128964872671261,-2.9136595425205782,-1.2569712699778761,-8.629706846033082,2.6000092032661106,-2.367823077228147,3.6840106940506954,-4.357094733351976,-2.7014458092577773,1.4562853959522368,1.9192462663936674,4.613896383958951,1.0080371953924616,6.512072853679203,3.4312193938131768,3.8836524422544194,-1.1586931096849835,1.256524201929787
8,-4.647558099245652,25.796132547283364,-33.50680618250488,-15.629845495458873,-7.912164362066691,11.317937576467521,13.503674794706697,4.858559702953381,-25.75868292178422,11.135582109349809,21.47526221208928,30.98186119416133,35.592004771119846,67.58030114399236,67.90579392485125,-0.5917877588715003,-25.909461780888158,4.063120846662851,-15.709820524327755,14.06633475025003,-5.5498427004772,17.81642861350266,-46.40451599312381,-15.71368466572972,-8.563387625977718,-21.419669796458745,26.074923645631824,-1.6342523444015935,-8.999165257264456,-3.7430653741446345,-5.39928176972278,8.278776202647014,5.25435554078921,0.7001068957787537,-6.848366378979372,3.8224162970480293,-7.994108137329551,-1.256809327205567,-4.193739587941402,-8.375183016809013,3.2003044942397145,3.21016666367182,3.4973161279506564,2.9687157914872837,2.545281226065224,1.3203378289482202
9,-4.339691858704479,1.2435797614204716,-25.947883982343765,-8.987891254220493,9.619245620578333,-7.746652919991809,-1.4472044071167618,-1.9219651056542784,-0.5629296654709907,-0.8943354267765518,-1.1563879940834645,-7.662875180580804,-1.8987543230487136,2.561558780692701,5.957097803806866,-1.9440213166465101,-1.313879273795984,2.903390223418919,1.3620099026458317,-1.6843918937195073,-2.817004638162912,8.134977204004706,4.130611322742836,10.141425008109815,-0.7125715772122092,-0.7228435736350332,-0.62913352220575,5.535524742786801,0.9628664343507473,6.324336443646163,-2.932620163647515,1.2256822133932657,7.554678667879696,-6.976088405514672,3.416190706482431,-8.13107499866284,-1.059254401147164,4.223063329055852,8.071832391773883,-3.6223703207999702,3.202437539787621,-4.7684581165530995,-1.526829698065826,-2.2207312790805056,1.9436588872440042,8.639991257288337
10,-8.052343232859812,14.838711512216033,4.493927030798704,-10.51785329558995,-6.386429130888527,-2.9351613090845046,1.715532441182141,-2.274101269191744,3.9864258852879515,5.416005775484782,2.307598341360324,-15.552029138115218,-3.4524415214560054,0.8831693821065003,12.315403922087347,-5.401819721489698,7.357667722100783,-0.4665020936732377,-20.7701828696638,9.511236326967103,-10.600175412240567,-10.494498355800951,-6.719470756359897,-1.9339578158363662,0.6339975502733961,10.464750833147013,-14.211614404353277,11.74837262799508,9.31016988044103,-1.5194030512269503,-12.715254371012827,-19.628959406322853,-0.6071528738301225,-6.836657042965366,-2.341090065029882,-10.796984982727151,-8.533297867618781,0.9762206338090462,4.884519951874408,-5.2462353634018015,-15.77105723083825,8.404071496686464,-27.151590636381677,34.00773767077334,17.578490484211937,-24.887432686193574
11,-5.165482168533213,-20.82476031368092,0.24215842411548594,9.03053781867187,0.20525764514101213,-6.643107647649254,-8.10188345405404,-6.377693630859029,-10.197676618618209,2.428398800440042,-16.26307955715796,-4.814878052360039,-8.512422790302146,0.16427297365615548,-3.2117009884527543,-3.793259767378471,1.8309839263784824,2.027260639115415,6.18254537434723,3.0564319951837358,-4.506075066346257,3.105139852477363,-3.161718415198525,1.8536709792964952,1.4274855087456724,-5.539197459833227,3.1947361034650106,-4.459463340461445,-6.179965711199832,-3.951232776750889,0.6621306703402964,-3.7198988248649605,2.5315238190716407,-7.736133966247813,6.320567832934665,1.815918399455074,-2.1045899929841485,-3.9817918224269264,4.663401222869336,-11.439207779828829,-3.6966643033202473,2.612660537951104,1.1386180339169543,4.490103918881859,-5.154744883758578,-3.8544362637857903
12,-3.702638536434811,-14.06441598662192,-6.124240740720061,-4.092849721309363,6.44951951228496,-2.5749834592935654,1.0023553710980002,-20.345134835823135,24.777169008614948,-1.603055162567329,-9.00009616303385,-4.926359828216171,-16.55497964860424,-7.813891840738098,-1.9380184221959593,-4.238968766594955,-2.9045439125936645,5.734413744082399,-0.06603798953353698,3.34657566582001,9.264539780560902,6.926551725543554,-14.682726247082128,-3.7160532254292935,-1.275166282741187,4.901508143702041,15.90811137927816,2.7655933639438715,5.242584850452653,-8.753840774219011,-10.879567488762758,7.7120525834749465,25.087661663817656,-23.765532351500912,11.808407648308592,-6.275952524676854,-13.448746773914632,6.235195957603584,48.56095702609491,10.16770024755084,-2.826245389048832,5.142377928594993,10.063777897386272,24.64394824418372,-4.602207682669525,32.12983504573877
13,-6.591429848818206,-3.374460092853142,-10.99146180113263,-15.626432698487326,-3.759721453746917,-10.950505772761467,-0.4019811252219549,-8.00112492820862,-1.171867172542516,3.3324324380385106,-3.7877648956272867,1.9493262093628874,-8.662159572038963,-12.27909426880882,15.940649504676657,-0.7418241690155786,0.9006750835342479,-5.099671458782408,-6.505226389413843,-7.689583609341289,15.413500407264152,-7.738247947583836,-4.502018911331349,10.78692807190188,-2.195279690291631,2.1499384601535096,-6.330125229304013,-5.865085864121699,-3.7370105864746592,-0.696125227513022,1.9241396759463498,-5.037647605812085,3.221230528550285,-3.6526080135315424,-0.34474257546222187,-9.440774313316197,3.0320886433711034,-4.2829995698786005,4.835075066945461,-5.684349338260149,-5.073379895923799,-2.374291521424272,-5.373763272539291,-5.097222060479005,2.7948852535184994,3.7606812102498997
14,-3.993190359640876,-7.748894296853281,16.799548939947453,-0.825884273645027,-19.5031208339356,1.0187162004224835,4.944524196217969,11.230389398698117,-11.688167976388002,-22.54870002355401,-22.259789004077767,50.61047181224424,-5.852396022626498,-8.468654722295517,13.80230911456718,13.245431678197914,6.615594510616438,-5.826828125546709,17.57966418086693,8.135783297248377,25.864871127170755,-25.26824964581873,-22.550773222160533,19.721795265558686,33.72923494900996,28.56843916819868,-1.6375363114172594,-16.063718188691208,49.721902125221625,27.546662649634207,-7.072180579968326,27.677144567412576,-6.816070190040464,-3.778084387418708,-16.403790284824577,8.439479445054527,-10.2906168963737,-20.023408262860766,1.7619913686020257,-6.734339692978997,20.78203691021563,7.236562321197375,1.8941909933846894,1.358777199514104,-11.202419933293877,6.968489523170773
15,-6.641434347787527,-1.6722814579671326,-11.96592088753491,-8.738302530028525,-1.8535805915008305,-6.673221576072388,-8.686616348722387,1.1545128959101856,-10.37794936190736,2.0051599886467835,1.028897795737395,-9.771285851046677,4.88961444111288,-3.4374955538365204,1.1541312461508035,-3.431679395885663,2.0394472239339723,5.089695387805671,-1.6652673716330733,-2.746165961120283,-2.070253467806047,-0.9743896941280789,0.2504276722973859,4.244068780707103,0.3241484063056845,5.165865766505627,-2.45687754521762,4.203614451417312,1.3448426149022747,-0.6239714021104693,-0.08956751990853931,-4.827218612515811,-1.2841832363523311,-2.20408649898331,-1.41719291022638,1.4513785616602117,-2.3989622278742955,-3.7331030794498945,-4.268158404311011,-3.2286486684592592,1.4422520462814816,6.4308914511178905,-1.6047077702843575,2.262806056569961,5.101244700745497,2.195617073691016
16,-6.278375655544767,17.02382230349617,-23.08270532526363,-24.958292759197256,-2.117288884981242,-6.7548579572486815,8.024890542637499,-11.59466074392826,11.599579665138057,-4.37587274291214,11.590837656977698,1.8431690788196935,-7.174792879881335,-1.3840097613460323,8.374591193457045,-8.755344282277296,3.3902447471897066,-3.573217672813924,-6.821152983809744,-9.391721882400708,14.817070352899517,-1.329811741677211,-7.623445062032607,-7.034747330442097,0.826918544818408,1.958563456524684,6.425294131906714,-2.8328057486401823,12.697120831511144,-5.250139968073195,-6.331148320491494,-11.675279421769337,11.14562510729871,4.673250110421122,6.906010748150934,-17.141524507579096,14.371445241400796,-19.107465817279245,9.687190769001422,13.004845064973251,2.7257971106836654,-2.8087788517971726,-33.78551318794202,-24.097845395308827,18.602756309839325,18.661407417606206
17,-7.294014904898281,11.785727376326351,-23.025731945369607,-11.096981319976022,-2.3854464994892397,-13.305686379724037,-2.5674391604568445,-1.3928817353330416,-11.779817754568347,-4.551422308023001,12.778386195725648,-7.776019197688309,7.849249392856881,-2.8089863290623707,-5.205792279523251,-12.9175784186674,7.588075663620544,6.16703089314672,2.0567315411155525,-6.944194851350735,-12.731722639880926,11.702563125216791,-10.815195396147002,-1.258698490666505,12.776656014880365,25.060013528137205,-19.221970180352255,-0.6325178839179131,20.39745699544486,2.4319882090166907,18.69042376838914,-2.187088612121567,1.8795289434245919,-0.32728058062056276,-36.169787027159174,22.05682808085138,-8.426519587686215,19.312740608854494,-0.27176581595804844,55.526979584927425,-11.96032281551881,-2.7111245937049073,11.353943885026997,-3.532424691272907,8.275064835320542,-20.768382255266932
18,-2.9861559356113982,-24.542711729428188,7.186548346574467,17.248775161141673,6.712250441207833,5.428959802219738,-11.143397033901635,-8.934009031251433,-17.515192687675246,0.15142293650647362,-27.592607861415765,8.955678327520543,-11.845570470874328,-15.117741424972037,-16.56600501304964,-5.04966998061744,-7.607250721316905,-27.05613213926479,27.758950503342238,-3.325214995584611,-31.571565977385628,56.24690049918198,-32.27254601174925,-9.789636201675533,0.3279032123880317,-21.564032892305196,-1.9291165880065573,-15.356638160480456,18.766986521104815,1.5549727487521072,-24.367453603146522,-8.739159221454539,-7.5676085646543,-36.77091360767144,17.50112882641322,7.949493313334918,31.095827388989218,5.904259779552457,-6.036577755083715,0.1382074567072791,-7.1452871695862665,-8.046275526000066,2.3307279079338854,-13.22445798658272,13.654434164625552,-6.410561314869052
19,0.6735608041437193,-31.65102735181179,0.06881404370946043,30.625128499410213,35.14840289322128,28.11698695437703,-5.743222909844472,-22.8736709479869,-14.03194390923643,-0.5704043499095318,-23.30361750702736,0.12492897339869224,-27.334742349266524,-6.104932411772564,11.750631728814765,-8.337565279620819,-0.11614356054405481,-24.79494389706288,-0.5503877065886997,9.790002607500174,-35.11258576774314,-24.777261226145484,-15.485353266920665,17.159002937855096,-53.669840639061476,12.975029816553151,30.486921376274076,30.70553676918593,35.882187025097124,-27.15807052325093,37.485189126602506,-5.858530806566181,-7.8457379119983885,20.8906831361937,-3.7366148930614655,1.1497599945784462,-7.705466308880172,-0.0010645387052714145,-4.727113978940873,-1.6097062415130838,6.045686190887592,-4.040068643979482,-1.4956932198735935,-8.12168329102626,-0.17741128948241952,3.9285101724005194
20,-5.3393451729178185,100.35944807104698,139.55751122327646,-46.66922514650777,105.14563316337454,-58.86344226296987,-6.87583083106097,-19.727291603636292,-14.086455888911757,-0.7680219869135346,-14.66849393729469,6.2557679709535075,7.382630070435569,19.464431756504847,0.7095517193920974,-2.1915020922898947,-13.869581493272417,10.422401501003748,8.056421523821246,-5.460237653013067,3.0908230298099197,-3.03090336240244,3.039916990377145,-3.7401422233315547,-10.205150147440373,0.5805898557227062,-6.326760146515786,-5.383016160554952,2.002574174452326,1.3725865808821576,1.9367783940308354,-2.0222446253618647,-3.3767276252482743,-2.342183656191491,0.5197058581240275,-0.8032612760026422,0.6197750535205575,-1.1405865317828685,1.4841152188847646,2.970179360879746,2.5502463319156194,-0.9549077881259939,0.0035559937628285715,0.1755605112406513,-2.004572711021881,1.1305760644272747
21,-5.509872597658083,-15.429565253618073,11.309099494874353,4.370069637492311,-9.304556580885276,-11.279337873172752,-3.286401367542383,3.175007074156843,3.1568815799586067,5.176547879863153,-6.120754245400457,5.760872206653644,-4.048682044135257,-5.2019084915540015,4.5475707324696515,2.670441065765054,2.2572201800026033,1.5096887812523765,1.5893746492439493,3.3274307935095933,6.823271553277886,-9.986643194219972,-4.967716217231319,0.8020962075291247,3.3537020766646366,0.11349411098694147,1.8870901412981598,-2.5817725945228744,-3.4936861763725426,2.138800485632426,-4.690392343899916,-11.382720963544335,2.0492704908365544,-1.454297911193307,1.2258462621034834,4.408968036701902,-7.518133987424625,0.2557450100953556,-2.038703065162743,-9.391322858098343,-4.766964751420815,6.7007994812656575,-0.7830494731227183,-5.361221033530517,6.101059727888961,-4.603323384388264
22,-2.5611901644357244,-12.46339416650791,1.0649861671673897,3.8178635170696236,-6.099160506242755,-3.151291956302019,-5.832380178344692,9.322160605574684,-26.66392250846557,-4.545179730317771,-16.122907704800703,25.33955791173116,-7.913841323006429,4.665170366279566,21.143786115930766,12.137472225775744,-1.7560036890223845,1.9427263366531176,-0.27152896538693644,4.0768342729229685,10.947857891359126,0.2165066952846647,13.238377765465462,20.400736271156745,15.257413671025303,-2.84191499513213,-2.511074192376157,9.231857834560945,-15.26014687103805,31.252889585183258,55.637525080829676,9.225285614113636,22.068767949603103,-11.301733957557264,44.39109708454145,-4.709028709271311,16.37252450257542,27.30139360431984,-15.559011191379152,13.581104559841403,-15.054076626114067,-13.627129686518193,-25.53129451901707,8.97479027969875,1.2742632827002518,0.990677645457159
23,-5.820880524753924,-5.4577214140557375,25.514504386161597,-0.9155156874330741,-11.809608045579266,-10.08971818160763,-0.5911749121623097,14.496747472635027,-5.454530180239283,9.676457900168673,4.631456905135873,21.67172610956173,11.712893407174183,-17.82397470445359,10.596474154955237,24.124158543561553,19.46360282430824,-35.78266698998817,-3.9517636091462127,17.603480805518174,-23.679606010906717,-1.8870197894582852,25.55765970744276,-34.56638479132255,11.289395716624044,17.79836883193214,9.077312026246368,20.217426951695714,-42.87015395488498,-25.351764886523686,6.342454369387598,11.54013613834855,-14.856770248931703,-30.796943658058808,-1.9045323635407085,29.81018217128118,-14.354593171694908,-23.14077070469305,12.537778759536577,10.013723000271707,18.181919895159623,-20.33059522877279,-12.333559975926509,-9.196240609292085,-6.736903895772601,5.043370157403324
24,-6.192659908125525,12.62449663451025,-6.728285921413476,-26.325966554548465,10.34786828428079,-26.336692678439064,1.8478297991642727,-8.85724202637409,14.537298095329632,2.2612627837233137,27.023493945961867,2.3448559187113895,6.5039422815160615,-21.409814797212107,10.85417783707505,-1.86210892902471,29.639181283419614,-41.26465821066298,0.08103740790770854,-8.689693643291033,-35.617080422942585,15.93036601599828,9.792338737407741,-36.315771246834856,10.025009962425031,25.220870210867858,11.894198762796774,17.77070712822517,7.275474730803613,38.155932603955584,-1.0626393944900203,15.202447724638604,21.945887774660576,32.27872776860872,15.081423619690751,-22.1874482300554,12.862473108190734,-9.947102692989926,-10.544327853565488,-21.032486829335348,-7.790879463499637,24.7759793058503,17.564847438235283,-0.5933571224487018,-0.1590728061985657,-0.7224930505086535
25,-5.121133799010556,-0.6367043858168013,-9.763237727900854,-10.250697823816678,-9.280510619696036,-11.74015027746777,-9.931796882982091,8.43265895233653,-15.364438994892076,5.167870609834747,4.0643252948500805,6.5988005725224985,6.830853603915914,-9.724488931938032,5.215365129299912,0.3075902905584662,1.575394440377841,2.193511583121337,0.5106624344737997,-4.234706775980084,3.6498819373353006,0.19837643642730443,-0.9124126533496881,7.980629948836544,-0.28630906870207273,3.9377606031260224,-3.094340786074752,-3.9466938013663095,4.561861270957819,4.255717538878096,4.3814343882611,-11.462443249160028,2.5169996583076295,-2.25231091793,-7.551160811624447,3.7646989927391807,2.423302367148526,-6.151588151005004,-3.7082581779001402,5.503258241974107,1.4844595265680578,2.0848962046658284,-2.731844209750589,-3.5806779813498197,8.09608233977336,5.610790062829888
26,-6.439444334947263,-15.723505806535144,-8.3851928825084,5.339956522388434,5.418041720314143,-10.890712629909233,-8.498397561808,-9.400504260292784,-10.045026812296026,12.63344544823073,-1.4607879684560616,-19.537823005968367,1.7443228476454884,5.487411421006099,-1.0713437572770912,-3.8756735201646824,0.6549509896081533,-2.8509459259053926,1.1022297541911104,-4.399885931549031,-7.425155196043455,0.6740022451337457,-1.9413037995966285,5.65489039343279,2.0658902983648013,-2.3102849216871104,-1.2131869128902817,-11.266845054295988,-6.8482806013657544,8.094440186546423,3.4067539931852333,-5.315225340364731,-1.2820920447933983,-0.8983289159854995,-4.538643723378514,9.807840132945007,-2.999954917284409,3.474524156605508,11.462487706623822,-12.413291042131743,-1.3163148876528183,3.3426406185577937,4.13692172599871,3.7496081146437783,-17.442414298519097,1.9176609897847707
27,-6.938339704375425,58.253684192447636,28.087386447579668,-13.357173462576535,-1.3963804014152892,17.86622953458172,11.80038726654275,7.774397516152141,-15.936721380857103,10.753745937343561,11.538957902901565,-19.427461496335805,-12.993436370379037,-22.58756756765462,13.718377641746196,4.173353896250251,15.002029790663666,-15.287189653578523,-31.16817412261137,25.20004830398885,-9.779084326779834,10.441527286391215,-19.493392361561888,61.420583790657915,37.84317633862681,-7.812428251056329,-22.45386564588014,28.236828191434032,-7.241950093457092,-26.99641115174124,-28.63219787722387,8.883784386663116,8.171176091591898,23.582449750752343,8.180116428255728,8.741799098079293,5.567867236294988,9.692394536712813,1.6478073378472933,-7.764860840690206,-1.689093334497973,-12.754605717151875,8.295046873543338,-14.429767551519564,-0.38208496627516575,7.9859621904418585
28,-6.4812302082867035,6.170435290029511,-20.25838655949845,-17.209281823204112,-3.5906203747706407,0.37727913568457355,1.9000608382169037,-7.057745015684274,-1.7790627756666078,-3.3203074122486775,-1.4883176233908537,-0.5763329806390883,0.41514614673360956,4.765761951381414,6.404540935011945,-4.598541504645928,-0.8001772184914044,-1.6969600194951946,-3.946817698311234,-2.686096766215824,0.6903307973815874,3.197480460471951,2.6386827721224013,0.11390455266344755,-0.5033241366552472,-3.049724784251779,-7.464466795851977,4.070793948135914,3.423699874310959,2.9166701841098854,2.663137184832605,-0.3494030902743163,-5.563597699343688,-4.188088896622912,1.8376632816639726,-11.1145896889818,-0.7104136956979366,-4.438772623591341,7.254214381860112,4.292625870313236,-0.885410115746683,2.7027915445999224,-3.0952120512653627,-5.803547609891795,-0.173161416537106,2.5676224729956916
29,-6.4885112676034,22.952044165760913,-26.35610253460926,-36.11305244307556,-3.0656096486714475,8.60730527028623,30.970433227958065,-30.30756590206411,41.453015785432164,-8.356687132877374,12.168383937081927,26.359176826784147,-18.46355350937952,33.00628450687399,-4.617575188611591,-45.26097375700818,38.62671021261465,-4.600810660409125,56.214680920349984,57.7862500566529,-0.018202720820181435,5.9665005497400365,15.999090438194392,21.807495735693557,-17.35548621429749,-2.9483429119698177,-20.770394014661576,-5.168160519429509,-15.303983687403475,-1.7714860130610715,1.6465391709946937,-1.5412942686444135,-5.827610558532156,-5.4383275169362335,4.304364009947455,12.697166110926277,-2.929754961974213,-2.423124634583369,-11.97233645878591,-2.9156585960745285,-3.3341610180288255,9.23042652960299,5.030787980140263,6.357466222584975,-0.3959645388340488,0.17675489252973897
30,-6.050806503716245,10.683464122720922,-4.796253394123738,-8.316550712669608,-9.073179813527029,-6.103710671214997,-15.500417566594821,8.04164448313191,-17.05364171491478,3.965923000435314,7.26312701311428,-4.095669420534312,10.076399910364954,-7.213216408138969,-6.410751367900958,-8.552473953234857,6.94490429197629,8.655628976899354,2.9583662986205677,-1.3835242722013055,-3.0895002020394857,15.80065348871138,5.316514105032033,-2.1034951857257633,0.8746150892848088,12.596730493788794,11.023803681157787,5.7248477818011825,14.029530051141345,-17.202511557236413,-3.499174203395126,-6.771039335944328,28.648625128614654,-11.32958534753068,-8.022261710987692,8.194525296399378,8.744259629199398,-6.002446913906546,-32.53947707902117,17.5144289262193,8.419853031550538,-8.508785220830934,11.715685184132996,42.45940485442196,8.313107807700684,29.495163756841215
31,-4.5672750524157335,-10.712832754589869,20.148575360298864,5.808270828884859,-7.042085645431967,-8.198214216700936,-11.499632023707267,12.251470397774083,-0.4800073304215846,6.638108429570654,2.737203418075761,13.26645616364764,8.007287463920795,-8.423614506169347,-7.222317621352561,3.001067512545725,11.812807053891474,3.256746429911094,12.077616658581496,6.590482024096244,10.423128474724974,-6.327822756633723,-7.1348752505242015,-4.177792965238673,7.7057431646395536,3.6684412269778495,17.916774190959327,-1.3019903529612755,1.7828279938639797,-10.436624711807234,-14.524519966093564,-5.481132262813379,-6.106441239406628,2.696696160062293,-4.974555156756313,-5.997106715143749,-23.744295387593883,6.907330559426894,-1.1500606160573772,-9.800040074137893,-34.78439492617046,15.748626837033932,-16.951055577693154,-10.295387821037211,29.25547775051758,-11.368730357701157
32,4.066114030947123,18.064755334586682,-76.35912184081525,-0.6248859310472175,92.6019503328739,2.173717332793611,53.63596239756706,107.99478474048803,21.47203034054173,17.08224556699521,-55.05412972583441,4.442533553066746,12.28588117872387,-9.452816641174874,-7.788012058359401,-12.703236193948634,13.085923815244445,-3.444787811156184,-5.166891213397507,-1.8355041007025092,5.2083988432508,-1.5275109862054743,-2.410550199506956,-6.647793863093007,4.482953574909741,-3.0291035957200525,0.12232725996152477,-4.357761360275968,-0.7634668420453595,-6.426387919461444,1.0127616165671576,-2.979524125508841,1.2193554913727824,2.489521283584356,0.8589222428687027,0.29190668688857524,0.8554168838319305,-0.2919982343807328,0.03579959594742069,-1.7799600402912248,-0.684055889785301,0.3324940570237954,0.9361007995113197,3.51101548291437,-1.437569206202079,-1.3972437930834924
33,-6.448919089616469,-2.4011954754395823,-3.9664959674219613,-9.024560657411364,-7.495992232482881,-5.867579069983141,-8.137023405443843,1.2888609152126551,-9.494205366492595,-3.352246770789851,-1.2640630490757154,3.3969783629654913,-0.06438924175352312,-4.494504010531561,0.33746852276479883,-1.2075741436958123,0.8147338263437329,-9.413357109338412,4.971595872606934,-1.016599865494985,-5.5557081750083,1.2063779816906586,-2.730668726411679,-0.7384484516660944,6.900903231375452,-7.881814177323309,-4.633217158974518,-6.674804691549594,4.48182370179146,4.1740534588051235,-0.5913072055065962,-2.9657222132899697,-3.290155776403645,5.178353583802714,1.5483877656544092,-2.78808539176073,-1.9935691959304074,3.5790170509266206,4.448412705872441,-3.61404129978604,0.39186822464640597,-3.4739559621485183,-0.5929622502804256,3.6101473040279246,-5.314658751896657,-0.4806642727578355
34,-5.954942459723593,179.0160777752289,-56.504193760065384,139.0045016158772,-18.61272277499455,-29.336306131983598,-23.50409384481476,-25.157550752204713,14.734011570133465,-8.65650874640188,-11.583973523592253,15.33966790251966,1.5020485203629592,-3.6531696029216585,-7.010093709039909,7.65595598054792,-0.8691592165231007,-3.6052187653492758,-0.5445380383484534,-3.0140951195966337,2.8429973724267894,-4.736120033423612,2.589176611251409,-3.5754018374682817,-0.9921980055104151,-1.2197101792145522,0.2135804597812725,1.0745194541248355,-2.1481140164270527,-1.35720794716085,0.3805055616375573,-0.45033257741089694,-1.2507029486190933,-1.294822586601762,1.085154814993545,0.6702348808453641,-0.5235503506099318,1.4189312308059185,0.1655008451878038,-3.269092998983314,-1.6475242824466403,1.7171892561637887,1.0255558212498057,1.3174906356046425,0.6131619775721944,1.0545265889950362
35,-5.90169307986396,-4.284772826083205,-12.020875145458037,-5.864293184449978,8.931103996102577,-4.491633899064901,-4.4860546738255085,-8.884565075395741,-1.8901459824471074,-3.6532761815872745,2.03795026740618,-10.06588709460409,6.2036136702613875,-2.5385185059386965,-3.5338037381083205,5.451510671205849,-1.815634064795418,-5.078874979060269,2.5903645587873574,-5.302873743676184,-8.193388093974207,11.71947259533387,-8.518626231816267,5.39478048584308,-2.984234962234248,3.6532971136063552,-0.035220395520463,-1.8708656284663892,0.7455194864839563,5.062905723010332,8.879381291062634,9.675763935383124,-5.128710480929907,3.0714471341218434,-2.0163093592046266,2.812836096118015,-17.951285490028603,7.433525754958688,12.192756849980555,-2.7559080613758637,-12.603663020641106,1.3151356630514273,-5.080808050625468,8.671893749039894,-2.425913746011752,-12.09985724308187
36,-6.5897868311301675,-7.03927496143649,-11.74339750113459,-6.279012702605031,-2.7938774431099005,-9.428839387327525,-8.495401634442969,-3.277761079754709,-5.31162158816695,2.8757040511560255,-2.024544680129475,-11.75921351278447,-0.8574381506034922,-2.138617328196308,4.4464203806946285,-6.1958737497018435,-1.1330172206912437,8.912288406748823,-1.2676847555013764,-4.162274004036215,3.745114514161043,-1.6747474502390847,-2.374245621116092,2.347048053858517,-0.6759123136402492,6.94572867489358,-0.5958062019159748,1.119875677482522,0.3461373367582433,-3.95578543933349,-1.6422194382631363,-7.8410378874353635,2.6339771372318594,-3.7770001429980247,-1.7066899526652437,-0.7989383841366174,1.839679682042275,-3.8336243784387687,-2.7813232976902063,-3.406222157645613,2.8541762836931803,3.8693264118342463,-1.740051250064732,0.9972275562506243,2.2818316380457824,0.4126924804169739
37,-5.769830917330298,1.6387343514645298,0.20917046898273198,-9.482830160930545,-6.829446284518018,4.071506227837023,-6.50678561362406,8.802262312455706,-10.626736571219276,-2.660078999457382,-0.8299372644962926,5.2056141832470075,5.476001790013792,-0.6710492021467874,9.139881257035018,5.5841785586909936,0.9106011780064583,-1.3297901823555995,-4.814915164208947,1.2819660119671548,2.209962067839789,-2.633429560449865,7.488454161941113,7.320069948404075,1.2061125861142075,0.5071529745935772,-0.8533829775403151,2.910631053494036,-3.113408474357701,-5.236252675310931,5.432737204807629,-3.3410797549015903,1.2805332140301942,-1.9544958781949666,0.8585553857814235,-3.126107550277309,-3.208882965314469,0.3410100951358471,4.2125704669414255,3.435575229423073,-8.812171332499132,6.911596478509405,4.537086798128841,5.888431274637537,0.1264385902934726,3.0717169540829183
38,-6.962986011403375,3.340635219945434,-16.571964932020723,-9.952236810808163,1.1496544277448246,-10.781110020392678,-8.070641631986732,3.3931073920307226,-12.012622413573594,1.8086289195461207,13.97298692295164,-5.349289921047713,9.433027585715326,-3.9961567682514323,1.4989208008118684,2.455397326112739,3.2875073779254085,-11.09584283531312,10.672079372612163,-3.8987721859176636,-5.600072974663603,-4.5697038884191095,-2.8675806191396522,4.044143695971161,-0.37287179985639296,-4.773850706201761,-2.3130460300515896,-13.33660523925833,-3.4197626084419093,3.9979914778032786,3.8643634929211634,2.285947359293452,-17.339545911171278,8.663883391450092,-7.471822924950887,1.8424945162775903,2.7192810057567214,9.845868622551366,7.623309244525742,-2.9266008813840996,-8.861351902372649,-0.6013630895963359,-5.1313706645071795,-1.7023393138769125,-16.175884035121353,-5.169611269494819
39,-5.454120445412676,-16.49103428178278,8.119672143398095,5.391387166097389,-7.024268326033943,-7.80912450680523,-1.7512018276903838,-0.42343934860570787,-3.678000578369798,2.4934758168645996,-12.01497764939216,13.788802533056414,-7.927614975495954,-5.307187141467877,2.8970328187179453,0.8779416475670586,-1.2280689325314,-3.733150908712655,2.8423381583928986,7.132999425015713,0.4691099032204806,-2.2162966436087883,1.608615924252109,2.068032298549723,8.684132915307938,-3.7805692803294,-2.802536028172603,-2.9456795240992824,-3.3201027474478133,-1.0497582150135347,0.33801121236274595,-2.3993829846560413,4.447388491824395,-0.20872560350593097,4.796100353958233,-0.9110480822652147,-5.146064053401034,-1.192981868287604,3.603793995186559,1.9545082880054634,-4.527612311434824,-0.2743545805371593,1.007719281457598,-0.44791199462757786,-4.846311341509709,3.0704185873199483
40,-4.551817764731877,0.18700549966041485,-2.8471909991559445,-24.19284896458177,-0.7199966219858223,-8.82670406471073,7.976501708991708,-11.02444241450736,27.344104813883323,-8.142836301682147,16.48450686020765,12.042552626252714,-0.14157416235672907,-28.742427269798473,-2.962507892508031,14.54750795109685,7.930789950756474,-36.897657454563166,-8.514836635837197,-44.48082825392214,39.003448486447226,-9.74367162091127,-39.366019008644095,20.941154563689775,-35.28577757560013,-16.880874169249964,-13.485324059707667,0.9402757694063902,-27.831032987529298,-10.628569105320217,14.015926127884097,12.393187322232633,3.063765130393793,-23.684140588681476,-5.166771854015116,-12.961819630876303,1.057600051063972,-20.327848442700688,-25.0533740014839,4.049041192451283,-4.5804150078926815,-0.08152017659982269,22.520895462258228,3.5259590759857122,-2.2275843869537475,-15.058103969905325
41,-5.156171866502607,-13.826342325736407,3.9232334524091845,4.173568594857502,-5.886099965717614,-8.831852737926122,-9.009221948398812,3.0452844252639193,-2.4114576803014325,1.5924511709522609,-4.67640625614731,-2.3434153037255863,-4.135791797335423,2.1406192834194755,-0.693117608928769,3.0428984545820152,-0.9542526504627733,3.7014632847785536,0.34943940513191635,2.319755953686465,-2.647172698936433,-7.821556086992034,6.780056832683554,-0.3123352130028192,0.856534130084831,-5.398307068367499,-0.19233667379494154,0.18737381992288188,-6.229712858416269,4.3760955464587115,-6.814344039391546,-6.581269111238459,-5.007617814688652,-1.194365911101467,-0.39417474866050034,-5.512906858592229,-0.23400167958143567,-2.971153029509128,-0.8826482244789148,-8.67889488788224,4.4073224051087285,-5.0336462679888205,0.05707523163662152,-0.1491784226630668,1.5047509396213288,-6.754178217265292
42,-5.522500731455988,6.208430153525773,-23.030509288107975,-9.078856495833149,0.8701502848910498,-8.979258828725893,-9.918194184367731,10.417076570410003,-15.764082358860422,2.4101423756186557,16.49974831942958,-0.47045648274368734,11.925268350322002,2.356495843153826,-3.146535979059339,4.109132006793138,-1.5000653299334894,0.019961162415470773,5.681132257241202,-2.395210487276769,-2.983402468515593,-0.2349589611029188,1.5367108020811533,-0.8437525909912896,-3.3575509791156786,-8.658351657987204,0.594137863279023,-8.468386671513544,-7.057425062801827,6.397685900860285,9.180480045706263,2.7023285695146146,-15.060458681782112,8.649819347680191,-6.3780202078559425,6.3471002615023435,5.92571584404755,6.123502783713911,8.756733811080682,2.933059823385783,0.9801771819397752,0.8009597282112345,5.900695524699697,-11.36594379377938,-8.777686857959331,-0.39118634726592677
43,-6.104009506515241,-2.353791009889894,-0.9465449519293871,-7.492017918527483,-6.662640490770123,-7.658675829843156,-10.03527289323406,9.664212784980577,0.16293703541781604,4.047156999238493,10.520532400781315,-2.960271371984261,15.036442079927188,-5.463638992844088,-9.652121278799509,7.000836098896295,5.754328782691849,-0.22442951377140022,-0.04118191055218644,-5.311717008549914,-0.6853665215731639,-6.827406493999967,0.3915161380617571,3.0978519265958955,-7.158656499865126,2.309939673874878,-1.158427450021043,-0.8098299480298661,-4.629407329247677,0.6056652091897972,1.015648217810572,6.172592742915777,-9.35701818005085,-1.1724182536596293,-6.925419789698436,4.97153611679877,-7.850157510060829,9.082226927456249,-6.494389592968096,-9.70944806293352,-2.5660328539816075,5.83709278106581,1.2474001753035702,6.864726269546184,12.60186554101576,3.804160764007197
44,7.900434579705881,-43.178127285834194,17.78917964692146,60.19072622729348,44.88818611535056,36.89160468192918,1.4203729854654357,-22.770654205694218,-22.188410781424782,21.536000709754827,20.324748918453764,8.123096331140907,-5.983343319576239,47.63342625196824,-2.9287376055228957,15.121086648871584,94.82401412518819,12.411399200722144,-18.70956707633432,-37.44795659709378,4.092406020318932,-1.2990744221679864,5.375673192086862,-1.2734433824155984,8.90578114280606,-8.999675708054042,-4.893083459357202,-15.818580841940166,7.9562945919373576,-5.250960004388065,-5.846035372751208,4.308251140580802,-0.02519981633323687,-4.304407458483552,5.186986473283458,-1.475639612692824,1.1403991933796684,-0.5494072857903112,3.1326235498622816,2.78780776252709,1.9303505099035205,-1.2321992393357488,1.0443896930380647,1.9899369302060101,0.4809137011967255,-0.09127843373150302
45,-7.029249618465336,6.3357580700205,-6.157087760692468,-19.58696668671186,-9.221274640341488,-8.472470076785253,-10.184118531438267,4.530372896525789,-5.010946683161444,0.8948476595770497,22.786536175773755,5.69296407584654,1.3671209293239828,-14.193928463866785,-9.988865855116376,-4.413324597194221,8.182495546230893,-15.67818439041248,14.081705609252996,-5.74441443118841,13.607326002112565,-17.583642583331528,-2.6191551268642694,-5.334907338242097,-3.4664696986900085,-25.139458513620795,20.710357422643725,-24.410671217968464,0.9405894100118894,-5.054656300473395,-3.9330292660512716,-12.432409056808725,-21.804344134835823,41.16957183572964,-8.663724787521673,11.354908727863812,34.17037015198418,-1.1597475223078855,11.85285776845476,3.337452382554258,-12.854452288753757,-28.4682868998179,-18.236833949525884,22.66839063170121,-11.653062175013638,21.683611179834475
46,-6.11375860312964,5.947393893221454,-20.983625251817127,-17.117334911743598,-0.7887813453654859,0.4903122672794986,6.496739741071571,-8.07956915413782,9.679257686740897,-7.908925116599428,-1.3937544174253085,-8.696708527643493,-1.0232427335080074,9.243667824037123,-2.1064612898970307,-6.036942359330416,-2.6935404219031662,6.905557151622499,-17.450417786000635,-6.976047028465422,-4.0108069958603565,-3.0787095344018454,6.271853317795746,2.01170204545998,1.2101039696214302,0.7783735529177934,-13.737107599432104,10.31811173895387,5.134884668192539,10.47903450005067,-1.0112474601003871,3.2037416704093316,-15.185644506517676,-8.543235620737478,4.853443032269805,-2.196204351286866,-1.4357907691845868,-4.468270869440595,12.777239392618243,3.881508567110176,0.3256185284796654,-1.305119037752273,-6.891547051408011,-20.05309439743372,10.983305528619791,0.8361212789379985
47,-4.503867594689846,-4.810487112699303,-17.09373420279303,-9.110834734043165,8.128370450079034,-6.588534971489176,-4.035614224930684,-4.351795231443065,4.267938688063451,-1.1470517024060642,5.135934150337255,-14.587020926706757,4.559771204799263,-2.590429048986386,-6.546595372260154,3.4701294531065097,-1.669395105297256,8.104410945228377,4.34297407470976,-7.51036659767117,3.29354411979013,1.4562197955575888,-2.367995203000618,6.128961758484207,-5.796834943269292,6.85722623007305,10.390231929257686,1.2422363993075436,-2.996429897089135,-3.285688435150739,0.17737767274841376,13.852179029328253,2.4029056604184533,-8.67948284174715,9.408805130040593,2.4644387679883772,-3.9995982473736467,14.771465128436361,11.63461090296644,0.6090689006831695,8.992252618572762,4.222433104691972,3.3790937322168086,1.7089001690605716,-6.494419707171703,1.4570399338121516
48,-6.36717136472711,-6.882717084836268,-15.651758497125531,-4.201823394126213,5.4513695438908565,-8.528183820252831,-4.241969883839128,-8.42794733148741,-2.9549674356348596,4.855053614808152,0.07422005476831348,-15.26098089646105,0.4915927295663968,1.1701205892833284,6.71420769927245,-0.8107277682016416,-5.641712271679646,-0.5456803835281847,-3.5000155110600715,-4.648186183491102,-0.9068065460597408,1.012543629262433,0.3129106802050614,5.807513746587049,1.814386107813983,2.4689078428717983,-0.7038783867670773,-0.44826154436955584,-3.9709920741841462,4.467443031078627,4.4051332937211605,-2.7898466881273087,-3.708227914812165,0.3363571912300978,-0.6539339254114539,1.678113507678221,-0.09788770990240275,4.374669871138841,8.083596256911864,-5.933742184327961,0.4327977752559711,-0.27882955820690297,0.5381229482322303,0.22619056888854122,-3.8454710360854714,-4.690997012457009
49,-5.832141581597443,-3.231009819864024,-20.34842886864308,-8.819752796038316,4.105100059375952,-8.285596207110247,-2.8813311877726813,-0.8535120732456882,-0.7958296465413122,1.1170937547241568,3.8821994707212766,-8.2853815246979,-0.7311632305542956,1.9977876433752606,4.160114964779539,-0.170486114373878,-0.9782943204862515,5.010640321060394,-1.1295272046382852,-2.398022653324953,-0.31531048384430516,-1.3820504528727218,7.256160089699958,6.917564357418548,-2.093281559803662,-3.381951827168931,-4.912297858369881,1.2480250601996352,-1.737701209331576,8.300613356088045,4.065000155750131,-0.6228438579835461,-5.879151579708082,-1.854709737490873,-1.6797687731960917,-5.083325057224758,-0.7186011069684769,1.2449188602043082,8.72907174731993,-3.998385602883165,1.7494398469495842,-1.3878322867654938,3.5297269734499404,-7.346635586890387,0.4197565788627641,-0.6330761908100376
50,-4.816435778323611,-12.494516687995652,8.768668054005229,0.24967968486984682,-4.325324879423537,-1.817036596379201,-2.4798271243974006,-4.545243342294884,12.551964694514213,-0.7665935672987486,-5.062657450281933,0.7787571832654523,-6.134973059533902,-4.4544580637448385,-5.206024590476115,-4.234761858987139,0.3156052698464825,5.626318350066879,-1.4479781450390674,-0.7370684781776776,8.442703562950479,-2.694399450139253,-5.46096896270672,-4.27717251767779,4.33064773244807,1.3666592813419989,3.915083601436538,3.803768865094575,-4.154147224497456,-7.166252004290793,-2.682616699875692,3.2852649705827885,2.9922368919864226,-3.3848679984121195,-1.6911819789738909,-6.103577329026233,0.9524267461107592,2.951458009528987,6.125155471217577,-3.610854982358668,6.272083477717253,7.930199824253119,-3.651636801363487,0.9559383267972448,1.0030063769145603,5.92365724438564
51,-5.881354662944601,-14.603315190406084,-0.8124554982372234,1.6957128440026563,-4.951170369704379,-3.3818478742926166,-7.326836614289675,-3.0149921558434327,-1.1367298995486816,-3.900563466144141,-12.34850202731736,-5.325139641039094,-3.1678415705627896,3.930974745686701,-0.3308316966142823,-1.230211776842137,-7.124475260090622,4.969604543862722,-1.9565971195032854,-0.749862696457303,-3.559168092833446,-8.262275361073838,0.9822387261679989,-0.55875929182853,-1.0006606342804605,-4.201005580695137,-3.4358061492365115,-1.7014636101228855,-3.6550799049403118,4.064592110818422,-7.793749358220247,1.8153957902354967,-5.425164051585661,0.43166861957687785,4.333918291152367,-2.479144203642842,-4.432399245577685,-4.944060072946572,-1.8981245297570415,-7.431609100476535,2.215403429931683,-2.725810253872473,3.8257265776689526,-0.8900544428425633,-3.1668574032088994,-2.4444456441678724
52,3.751044259892045,-29.31463750398578,12.210006522384566,27.49348380861922,25.03826253198118,24.044801304084093,-4.646085143340164,-13.693113304879233,19.220337355209175,1.5424482663563597,-8.156813848465191,11.033919374980565,-4.335360449698495,2.397127961876652,-0.657564004077241,1.6036072261155496,-4.957624814740636,13.820475052399104,11.055234808220547,-6.179094740410787,40.963102296012444,42.695751319586314,-16.990306049814304,0.7153230868401832,12.605165132454063,23.99796526116406,17.865751235017086,57.76525209546758,-23.13454074145691,29.255709846766166,-8.242130128715642,-26.782873474640713,-39.659731342598455,19.78196480957963,-6.8875287758036405,3.6025314909014816,2.5783884067629144,-7.536654936444321,-2.854720072446819,9.703323441835797,-3.666335667730057,-6.13502593348286,-0.8862757840604257,9.953893645838663,-6.4981670102696265,0.36110695799875514
53,-5.255887407597265,7.657013064839702,-1.121153016511858,-18.01551157899411,-9.211655661842022,10.319253254182152,1.3985091735642985,9.108398568944493,0.6063786855315324,-17.3451787061414,1.9070786550240848,21.64356760136708,-1.8802776656282356,6.6993005317208425,-8.4978276891631,15.087485547100677,-1.6984980805216452,-3.244216235756209,-1.8899447687021962,-0.7012252658011717,-4.681524371893151,-4.675390878605273,27.757741258665348,1.0695784551288776,-4.437024808165311,-31.172489798707822,-6.585793411197045,22.292570171825027,12.772036845751419,15.685924517076364,5.838141605072735,-0.9900203226956563,-7.581304743920219,1.5025388412920093,-16.461403742646795,-8.779921460840697,15.302958337948487,9.606429354670663,24.69887387356619,-19.365815133406116,33.0254384619568,-28.352632288566095,27.050718324673575,22.655094171629138,42.80875764513451,-14.934194746252805
54,-5.243003185080336,-18.31157544842731,4.519985270868505,6.133902077892682,-6.312000760774481,-7.289261951519157,-4.2008511361986365,1.3066965539224078,1.3415998205743225,-0.9379867847157325,-6.1600071126402,0.6998982736093806,-1.5797733145371198,-0.9386023600722293,-1.7628059134769116,0.7696205682025619,-1.1060998450788062,7.173652481698829,4.471712431137893,-1.1557208520355329,-1.6277624937774726,-5.051542523531684,0.8099925676771812,3.148737237500486,-1.9888812482189544,-1.0023715610442077,-1.2551140597573487,-1.869517814946011,-4.075864532737917,0.9320211595146936,-8.155471926674567,0.23911414338603915,-8.023310397131025,-3.113507392953054,-0.37661677558084095,-3.0961166205888526,-2.3094493570698567,-2.597029646033348,-3.190076496628133,-10.752613026911677,3.930253770654427,-2.388976461386394,-1.9756411786882486,-1.9720251973102092,-0.05084086080247344,-6.647568112426458
55,-5.91343451516386,-6.4610644325141715,-9.209595668004312,-8.062522695395407,-2.3365243954609936,-9.056348958431185,-4.573425259961454,-9.265830774925618,5.812106605464479,1.4298916580065026,-3.2842121355875618,-9.646276455520807,-9.7423751998815,-1.822671297967334,-2.8198509916599455,-8.095416780630293,-2.6751600532044155,12.660493702064779,-4.846967688781209,-1.1345864596420967,5.18876736002908,-3.103033012211151,0.7525660249920262,1.7175062730939545,0.7359479668217154,-0.47721751958983943,5.722704566174273,0.9137145812033877,-1.4299433290002823,-1.602915868177041,-1.6763404072274077,-3.7597589741826773,5.47611651446849,-8.839008392973694,2.0410588001952807,-5.84670353733764,0.978083565801336,-6.844713074268474,9.372737798402428,-8.0987159824162,8.76291210514074,1.1104940380427037,-1.7873986556598278,-1.3000582807551353,-4.4494466775191555,0.06198934977778235
56,7.089552663304443,-1.1375986835518552,-41.25131107383829,11.48538710470482,69.1475865910715,29.894937785457273,5.788332044899993,5.531387900716945,-31.746999103365294,13.52095612434308,81.69847395580636,26.892487524223824,-61.2057935004969,-6.0734820105764955,-28.581657280033486,25.906974273973454,-49.14773290386097,3.5916547135013692,1.9277968364342357,16.62817306050822,3.9209476344291874,-12.692507696512415,2.1846774997436706,-13.66070076853272,6.405794403865509,16.10798488713818,-12.293849294816201,-5.148864565098226,-1.446601786380992,-1.911138448280821,-6.393776202015638,-3.291601912083809,3.785528081554925,-9.807151843536333,5.045581223892908,-1.6797955591604392,-2.8344661043063573,0.129908919073536,-5.887989924143286,-6.602825627831313,-2.637500969101253,3.4681707116040563,1.2838240567261168,1.7430537404875714,-1.2623938818352372,-2.0814602089619783
57,-5.059105609112589,-4.027464106093231,-11.112141852038379,-5.0923510416988575,-1.19257184274257,-13.049615965412398,-11.303475163196579,8.911558538715491,-10.03864852295892,9.315105585250581,7.682293419467292,-13.4730969417187,13.848604504933153,-1.7974028806967828,-3.477014692818346,2.8384446394105423,0.31990657539373374,16.579843614537534,-2.323388010697644,-1.1261980165035683,-3.090230783057061,-0.35161241019589917,6.143199484370578,4.668692650814919,-2.9695316537080183,6.179863285372029,-3.519716568446432,4.277710862791137,0.4213198321829938,1.4087264208157424,3.7541380878053303,0.49749609845700066,-4.900403083918872,-4.6175389139190175,-8.16060605761646,8.927590246822831,-3.8623819719027486,-0.6802666162565876,-15.35059034247133,-7.332888202581605,-0.052797257177037385,3.695796098327779,6.048202118524288,4.665589589618763,9.826032292347255,6.1730033680380245
58,-5.581686554782619,-17.919029866914496,13.880956833657045,9.035526581494782,-8.577644841308887,6.062756090981934,8.290099438820741,-13.459621313930143,18.862254898164466,-11.733799872808863,-22.560151838227657,-6.162474530864158,-16.229563192631762,12.844253861686834,9.645204886466754,-13.926387187949365,-4.634417892330533,9.85235449039824,-21.004739277953274,11.808952180940953,10.763313437630329,-24.360811227191114,-21.655255617147045,-36.062432083227016,4.797174863289266,39.216331050639646,-18.732320921526913,-8.422773551235181,-12.238390132934754,-16.3957265779285,8.154138187831952,26.785764887404262,-1.3800564899531391,1.907894502250804,-8.910495762023979,20.364245162426794,53.794349048891256,13.233609331459967,0.17159435563347986,-17.713830994022096,-12.92554377471785,-6.572194250873337,2.7894728251480743,-0.23180726991476214,14.195215501440813,-8.628893611846626
59,0.25702369233933847,-27.845375563844584,-0.7013896533348297,25.393975715176502,16.788010144175715,1.1248913641142184,2.5847135288304504,-7.340838893837966,-9.37890858958082,5.266403952863719,-24.838336070834906,-8.131207815507889,-20.783320301120803,2.8274282992599864,3.482160504841344,6.005650070193014,-8.847529213018968,-7.248689732144301,1.500306106669822,4.7274847922606265,-20.33027707945807,-22.217276028673425,9.02874332760448,16.985359728487403,-25.730116832604978,-10.269761556056745,13.611831759916388,-2.4370649433238514,-36.995405476507734,41.545166638730336,-48.26505913686058,29.964607466307115,27.92888265766766,8.846462974968933,-34.480998799218234,2.383842694127062,7.607411671987895,-0.4527216018879189,-6.885926956879235,32.43883393026958,0.7365574408289759,2.2211453798345313,-14.500272123665205,0.23908109393980614,7.5758694663509765,-1.9807391271366597
60,-4.652194988553451,-21.085586194673027,17.941078977124054,24.01179937895929,-12.374363882145307,1.3499741354708148,3.5219546701900466,12.487564285521007,-4.840927466570449,2.73660226100451,-5.833374746276099,2.028578539601915,0.8928790726863621,10.964341324611114,4.278872251658972,-3.789745905526943,-9.409958096176776,5.607242219835803,-1.5485961838294449,0.7892471258309087,-0.5624335155506883,-3.3146585994130713,10.103185429704249,-9.24041313618696,-1.8251722993110817,2.0940101656248706,-25.975480217087668,-2.477962261859631,-9.406912664460187,0.19726281034613058,4.79694332585336,-15.397320166209806,0.15318259710690066,14.388251536904871,-10.458030082581034,-13.271273413238847,5.53849727917443,4.536445941430851,-14.05286721808413,7.535847588219269,-9.683658916854087,6.989052228618953,36.465465789402735,-23.863771797005683,-4.162769289338772,41.07177640922867
61,-4.50253919087068,-16.29203628898797,2.2077628325946654,7.576951108250398,-5.912463869831062,1.0018850241926662,-9.468621484514825,2.4484285601918954,-11.404945265672314,-0.4796862255388672,-13.563904524400378,5.427680688273364,-4.223727119487037,3.560621667645471,-3.5602976966089774,-0.6054031566085432,-6.5089144841890425,9.679264807215546,1.5714240568348532,1.869704481408599,5.004268596269734,1.7238834503758758,5.996617836264998,0.4809414582471054,-0.3353681776498009,-6.773552519251986,-1.5511466995522187,-1.0494962500937446,-8.359992715063036,0.8431372022498997,5.092411687576901,-0.360555798585121,1.2716223316085657,5.43899235941837,3.931666096425529,-0.830571296039064,-1.7449141957756786,-2.159417105553289,2.309415504506279,-2.618620583567556,-0.9605375576885375,6.100011859695347,9.998997785425143,-7.509026481458309,-0.38393954421356136,2.293615349865229
62,-5.609191769823785,26.754062292845447,14.223509287143488,-21.86334332531773,-1.3344801468035201,21.311924114286455,11.657266974549973,-16.611201219008088,15.265269751980512,-16.724101672767766,-6.9944126617715545,-15.618624254966582,-26.823238896746968,4.128045254477567,-33.19397664557925,-21.08160409878635,2.487011954610335,7.577642129458735,-22.0097616580485,9.759308551390237,-12.95453779192558,-16.135524783489068,-9.235671637108648,-16.61844566260195,54.025795881471176,-45.711375352500674,43.90194924119455,9.189466596604117,-1.762572122432347,4.686607963365632,25.72515742576334,7.674993204451488,-5.646997167761755,-18.617462826295217,-27.458695120533203,-14.260468724014506,-6.3508772971444545,0.8797394139189392,-25.59256024475726,-0.42771129151683795,-8.159628246213833,2.9710994969182765,2.340812163775905,-4.520958608534303,-10.608012924556602,1.7335310181711046
63,-5.477268684896977,2.8987375408812253,-14.144795703073097,-17.99038037021333,-6.305113209549192,13.24472689590919,-5.051182687565576,0.9203161573719338,7.53687694726458,-23.337940198276574,-5.658872573971214,-1.9638139670602195,10.232968774135221,13.330182998869757,-18.098233314983595,-0.5234243871958241,-12.55012011357554,13.920052495963382,-17.579287489048568,-10.529016309063678,-14.25336771177857,-11.898492549250797,8.710771192817205,-11.056545525210524,-15.16459111364048,-9.398774526404273,-20.754126881904334,14.713930431402497,17.97388425316302,2.286703098867405,-21.19215876486107,42.96417827635854,-35.73551671354495,4.666789644721812,39.102642786444655,4.637051433677918,-17.797524920910703,-18.25289679044532,-19.734354975620363,14.292372487901368,-22.799510189239786,-12.036057445529117,-7.699120954865602,12.302077712887444,3.9130643492061665,18.778400166242275
64,-5.576136456772548,29.43140071578523,17.44110730069499,2.1476478383468702,-16.628174570937286,29.16146929746003,-8.637167448044961,21.505204159321057,-16.127629435395203,-4.885654068058933,2.544157017552942,-15.191570908225923,-13.767949444370444,-0.9168544501577224,-5.69496475522304,-12.649541151684716,-7.352740097465458,13.501558193136086,-3.576204963784815,-0.9358142761467834,3.6645170270158127,11.72906445904689,7.658339892693444,8.502654892037416,1.0950330515539033,-10.365213055113093,15.069895735863454,-8.188857009947293,-3.852604861812714,-8.723467821568997,11.151578680604995,10.283459431711872,2.7436397136379838,20.608218315887385,26.70350556296096,19.29912643883199,22.522147369832496,-39.32426184588253,14.077265198560214,22.092072208411945,20.094555246517057,41.03375359602496,4.990590366474155,11.163258190987396,-8.202738545133366,-32.09849901351255
65,-4.876134943432707,-40.184302111414326,29.43231795606628,61.530586439145026,-15.614539648335185,-53.36438354455993,124.94086140072882,-3.444912814922526,-39.89624265745541,-60.72014749689464,27.282468364224794,-15.079372110418506,15.381575274739792,-8.304021577478222,-9.822251390222382,-9.591305926015842,-4.667468967512858,3.642007971167073,-2.1780653998327635,0.6444656917900713,4.5521132594989755,6.37315201069031,3.096197126721389,2.651008659426028,-7.328408735418041,-2.3748500193972766,9.913576642712531,4.828371354167109,1.1434801743036018,-2.1170714693528185,-1.3223704325134258,-3.368406150815469,-0.7288384017016978,0.2762965858416845,5.732507327909829,2.5477066482348705,-0.8399092314966911,0.8008229122378927,2.4794818764945634,-2.7189693659826704,-1.165464000658777,1.2502852474132546,-1.5130065643260295,2.314249489042415,1.5881916666109768,-0.057250642630281894
66,-7.072450324824631,-7.153479392052269,-11.129422570147575,-3.1126090124817543,3.486654802814578,-17.522297792032514,-3.034077926966498,-8.016946708626808,3.1333146689155145,10.01286360472449,7.379792549526914,-23.306083279830315,0.9693012893647868,-3.7641873976312565,-3.8538618760611274,-4.9177369002908495,2.203034140360902,6.988048399780871,1.14149488357435,-0.6319965752851987,-3.622211021580928,-3.4676012448771543,-1.2985151078720534,5.754298379849658,7.212954458472848,9.736894587624061,3.1391428752581607,1.70830997565401,-5.627226531099287,1.918379447478223,-2.2659870349409075,1.375511703252774,2.881928788367302,-6.97100562001537,-6.289670194778401,6.767493869906445,-4.899143334469482,2.942519385651547,-4.021364307528047,-13.482118173560814,6.257925073950867,-5.6742637188989296,1.3853706704990514,11.663971751884059,-3.7306143360855994,-3.8028850300430643
67,-2.7541458348352488,-5.836331729390268,-12.405731294213775,-4.248729799661795,-5.19675976705817,-13.653198707832495,-16.42248795696594,6.641906075464013,-10.759588470060987,1.0186595531880787,1.4948604014895104,-11.5932709168458,3.9794623284082467,1.697004597754112,-1.6891721123833259,-4.973782486691694,-0.14866906311922803,28.84612993575339,7.302555892884177,-8.237039356709975,8.916976201065978,2.142093167343544,6.433813426499117,4.378438093747102,1.5940788510620685,11.978208631540152,13.237716454287828,5.914146505537539,4.563739580359501,-11.903198991006825,-12.587756066809751,-7.481276752431249,8.639688981136056,-6.347504966712292,6.063599945819568,2.6901320402273527,12.529105665806181,-13.737758519769677,-35.69594981534215,-11.286922423200181,29.614317648643002,-7.811263743822107,-8.49985749052932,-15.187429961271024,9.225797799573629,-5.632743587313339
68,-6.319713896810182,0.7345139315660838,-10.9561300793549,-16.127489466875986,-0.1765623418658819,-11.829866661883568,1.0395668351055718,-9.261856636124316,6.132700300396827,-0.39586884415908175,15.965297551933844,-3.7174813107323104,2.730273858953258,-6.700768699438988,-8.090704695242632,-2.4086614066160856,2.763763559149079,-6.36905484623012,1.3478915516490142,-5.653319871074522,0.7133447232678441,3.402454199014273,-13.02773165860448,-7.602224939302851,4.850360716244771,1.6392937994884622,3.833854153891282,-5.793950220741314,-1.8092650912356614,-6.618994683231643,6.207700325146058,8.216938047001944,0.6391876609088595,1.282673399254526,-4.6353643710534955,2.5941626969526115,5.344813718211134,6.296820762053265,11.066251561695228,7.111012312185315,3.410889591687574,-1.4467440072303503,-5.3065011069830526,4.900473970811926,-10.391985046702061,2.526181186285087
69,-7.22776491232981,5.393959278712762,-19.095264204816125,-14.214742009268077,-5.22651599938963,-0.3115216860304784,-3.8479062227002623,-6.414637889846234,-6.255947317717823,0.09874894622983407,1.7051782426784758,-16.182417808379885,3.9120245602671697,6.1325614231691095,-0.5236302409947232,-10.873397378675064,-3.630120061820124,11.51537657310292,-7.642942191665793,-2.806010417133046,-4.576163769200968,-0.5912825830684552,-1.1949517542219237,-2.3979248062157215,-1.8633376479594446,4.984266875008876,-15.708319215155207,6.20085642800449,1.6804927835738688,-5.693512919873671,1.8109643958202528,4.747522453889729,-12.236609286232758,-0.6642547334570019,-1.9810795162159915,-4.390575886015759,7.289329467780936,-6.94694917382239,-2.21857943987796,2.113268452455562,0.23239048249611965,3.3518774034952608,-2.537766613565477,4.216635549859251,-8.470212138560703,-4.736760833563656
70,15.215250415126102,-32.794142798263785,7.3909177599223,39.80240509318366,65.60018362281164,70.63404724550149,-25.070775487417507,-34.16321981257697,18.35185125857599,-37.12757993691977,19.280320607133877,-0.7185284641145463,77.73219321876027,-48.123249366209706,23.48604705169569,-27.725884465699256,-12.458323158174485,4.026614134641553,0.554177684311704,21.103220716307753,3.3858396969848545,-11.889699031894502,9.819642780335979,0.04033887762932961,12.393335851009518,-10.948667217881727,-10.396949816400047,-12.455320540049357,-2.2862739627611672,2.1177970297379916,1.5341043932259235,-1.6302034918774972,13.329867327398112,-3.9039195255163124,-0.11538815085062112,-2.483420007356377,1.8432811312193498,-3.579869826336986,-0.3588194516095027,-0.4504153912091312,3.4108773679188147,-3.056952395752804,-4.027080332811326,-1.1578269137768844,2.441661168290673,-3.2168664051766407
71,-5.009407219499835,-16.863565506433705,10.601771474235376,8.463268494828302,-7.612869671736083,10.133953259741427,-4.224513438744171,-2.064464183975511,-2.358213519760562,-8.571797733886418,-14.732448841218654,16.34972077437857,-6.6347485203789756,6.528205415149004,-29.49999831515033,-0.7374681802836447,-10.632773526889348,5.1540616142440046,6.6962842984765185,-10.317973579040888,6.540014103442251,47.91155259335548,-3.2390535985692477,-20.42540784814842,-3.2220744408660003,-18.037443453473255,-43.1979556935482,10.2123139218669,0.014081213383492122,-16.977715858207873,18.752844692121965,23.63577951375281,39.69204789446452,33.76836885771559,-28.300904507619695,-2.86172235114862,-22.120946958017505,-14.303718057925638,4.448385213477449,-16.625256430454982,3.7438060681025758,-10.404566928564984,-27.03734322237721,-1.3162487914125738,-6.884067901608948,-1.934494914065691
72,-5.791972837420403,34.02320407824711,47.335124070509224,16.311817191040817,-21.033354794341953,27.83234735448086,-12.993303296768692,43.643789490756234,-6.468540845283235,7.860872150323921,16.07555347285924,-46.281863112791655,-11.406614298766417,-15.965521547945752,0.7480945810826369,4.529471842755899,23.895369643384488,-7.106511302206699,-27.378026748843435,57.29333152381633,37.283700815739294,27.83707079833261,-5.2684827425235055,-20.348998989307827,-42.937420248843296,-0.07384966924871998,1.531354089037317,-17.579101705192816,15.284661139480539,29.700917286156464,6.150835214922978,10.492450678916711,-8.385657485502273,-12.164172875091795,-4.806711870545452,-12.21315827756527,-6.7851378101683535,7.503518995165261,-4.107771164744676,-0.6467010136267868,6.224309141804301,-8.306004023462771,-3.22764604049028,-4.522818834209184,-5.171073128274679,3.7314744041179444
73,-6.0439282456947305,-15.714936472684402,0.12824824440850752,5.1482441769085785,-7.445371375269362,-4.641387598213795,-15.942186482965374,5.915415307276822,-13.583694409674349,3.712652138649278,-7.774749448504794,-2.356464848713002,7.024520192145481,3.197241766477454,-7.859258699889214,-0.5334627519969012,-2.1012461092273984,10.016772304544725,2.6108709758414683,3.6665217478628978,1.1841873705701393,-2.6453956276060304,9.698281370663965,3.403789658154068,-3.6948803306225395,-1.2500128686401006,1.3003954168991765,0.5850346725933498,-7.671613987375548,-4.428576658785426,5.701985568771478,0.6095295985729301,1.1056834195679652,3.1871796155464973,0.765219921374603,0.18565061823371087,-2.943767095109574,3.5520342723756744,1.3078065506671415,-7.507543642474252,-3.1766691212587492,9.96646676364755,11.131997394054082,-0.8707602318700033,-0.2948409785850515,4.4021949864145435
74,-5.698871735030574,-15.082988385978773,5.1851151674092675,3.634561140091761,-6.805098284456694,-7.186636744590374,-11.306216537758186,2.6014060341057115,-1.4947144794056635,3.768881313879207,-4.940025286173966,-0.6223906880480946,4.547498548215455,2.111878931989743,-7.528681143272519,-1.3663165532287187,-0.8310073164836128,8.520714770093516,2.16001471566051,3.063429089827021,0.2947261786979876,-4.2037881074122,2.975301296576787,1.9895213318185747,-0.4544201271524273,-0.1910459022692254,5.242737474323634,-4.714717111851015,-3.930203466554883,-0.7789292901168987,-4.727146671843813,-1.7941687393507024,3.1965311243257135,1.3941981585769783,4.299115511250568,1.8505815361670943,-5.272999077411403,1.735679128717108,0.6107704366052359,-7.063387120227993,-3.1615571465871875,2.8066399133606375,6.038982833340974,-3.4782319390294543,-2.303869130903998,-0.8110270609592204
75,-3.5712187014599293,2.9231720014195623,15.781769788842249,-12.044279673292735,-8.916666844411601,3.143891172373123,-12.428137240579947,14.476568338070633,5.334214249586816,-3.7739652919393185,9.975710350702725,18.566841441050695,7.189531373291119,-4.414687324962776,-20.203338240345026,2.2186949358007864,8.88146778153865,8.2054640327033,7.078885150804758,3.665629055155167,18.071115759663403,0.822214114419874,10.72186516786403,-0.015984781277765543,-11.682359384327624,-3.2128616604501348,21.404820664174927,4.177779264772553,-7.113188840584755,-23.266164044029544,2.8878097688529056,3.7631942699146284,6.183583252114268,6.299109404719879,-5.605247901306656,3.9511348619425157,6.017380346579904,8.015893453874419,2.3225796660501565,0.43668348257414513,-6.273573713406551,26.094821235833646,-10.707124952633322,-12.221061213894668,28.490213248585675,8.961392096921951
76,-3.841716944403767,-10.848278474116922,-5.324253763287288,0.34787654179943894,6.9729041815193185,10.657996796461296,-9.980051977479404,-3.8415011595576694,-2.858953595128569,-11.337781596959946,-4.6329027074582,-3.857022263332311,7.14940123536416,-5.015921241703134,-6.3834476776564575,-1.2042544941365347,-9.434059142100912,1.1639151161461174,4.084353002255977,-6.318041897608048,-7.2356964175417255,8.144297684931225,-2.317855693568101,0.5139762204272034,0.4932244217737549,-6.54190127189972,0.12551372714818487,-4.849647864965777,4.981233989845075,0.23540420024503056,-9.326712962287743,11.253055552298113,-20.356650780123484,-2.977069772496364,3.2874480041884504,4.990608697013357,0.8225293598751804,1.6303755708394851,-2.5807721889038833,-3.1090748428490125,2.927637383047818,9.766849183181264,11.247900936868033,-3.3364172851243254,-4.075527856451981,3.4139207496855772
77,-4.571947508899644,-13.231286139686004,23.64560556271638,13.686163797113789,-19.455175978132758,0.06387276258789895,4.316742787501597,11.147835766164835,14.908085077541552,14.173001281545163,5.273937090561202,17.44151586971736,14.27204566850924,6.4969363066406025,-11.656404487181323,-5.982459741578517,-8.427114288754177,-18.406888139229615,7.684455690535431,-2.7623156124915074,-8.242048557049642,-6.642902447722898,-7.037888341060098,-3.0827188712373137,5.351438447426054,3.375686988840051,-12.379418736047151,2.6035166194603963,-2.69409666899025,-21.41000551341844,-14.070729080240847,5.144686957467081,-18.487041269390144,6.757432904456563,5.119254178834108,-42.12915071516923,4.6415429681084746,47.44038436454893,-16.30681554609399,17.210742945757705,44.058431182732335,19.715087354226224,-22.71718639276155,12.14707150055444,-17.3158382843691,-3.94481999436938
78,-4.79497019868944,-37.027125347700455,29.078613200341945,45.93626545261876,-6.469369844263819,-14.635051607562445,12.301107454508792,3.611966139373437,34.092041919599716,75.29552487392587,16.034686653439334,-27.756023983999427,33.55149905355761,42.20614839133553,-23.173650942976913,-1.4839929140007935,-35.78210538199089,-46.30976004876643,13.521200529743775,9.276527999257924,17.133884103935944,-11.432016906665519,10.374624760422744,16.649259545875537,16.9477318494766,-7.23862920379508,0.06990371699626616,10.504438033794182,27.23444964792819,4.005387851816051,11.389173540611937,10.152196852380284,8.382162689231826,-6.825538009236433,2.1967641006331733,6.704569836604007,8.46265859551236,-19.95040190001136,2.2919521322461236,4.022860756803982,-9.520378027800941,-3.89032081528012,-0.09330133416529061,-2.0613985709928357,8.757189707595343,-1.9684614137263987
79,-6.196926585202647,0.26236485671761883,-2.644349384647893,-9.41262935643784,-5.296874389030596,3.1154568055640937,-5.598217522233992,9.148151436004447,-4.974228859278592,-3.780068740451826,0.16734006248252037,2.115147868071937,9.985343788171216,-0.11871866550169916,-3.353615817667515,7.7793308188050725,-0.19498722431147633,1.050291076197069,-4.959900374076714,-0.8287694330232233,-1.8662804647572753,-0.9660176599675102,3.0475950693317406,2.811059698616731,-2.2017341233158585,1.1047992372926678,-1.7613070533991153,6.534212092841464,-3.082248158476431,0.7695298780330986,3.2944580578369416,5.002010634874955,-4.609306503618036,-2.826612993577545,1.8554639720914785,-1.1502130206073933,-4.241258455252245,5.70126633070232,5.191547167532802,1.985442056299883,0.7368470097843993,12.003636865585854,8.492455488189359,3.6210522536399554,-0.23571093435807772,2.773608964842984
80,-2.9100455021625145,2.1272434675861334,7.351330643169764,-12.897802900911543,-10.881500697018138,0.09372757529028064,-14.770369122653166,17.1393455824339,16.209032874015037,-17.377216798372473,9.372325516167924,10.589606143909766,12.822524919288066,8.975308305856164,-13.258877216565056,11.671794698869865,4.765161340561197,14.709438016717346,19.388709251121167,4.1747861386071,15.460205651144419,-6.501047744826972,2.0251954283440052,-6.761819251979817,-5.050735754687218,10.015756038400934,32.79854687969462,9.539843162938972,12.027716392627537,-17.854861433610093,-22.60391879574765,15.220062011751805,25.948892733799,12.611633408735806,20.944864872869168,-5.318271019457373,-6.267342478443253,22.233022113627552,0.7976399465268709,9.149200422733347,-16.703909727641022,-35.66426826796345,24.548643975686947,-16.52054487845574,-16.53978012396624,-31.54026879087735
81,-5.929695782538824,-6.054939502285304,7.422698150615793,-7.33663548095257,-8.963512594421525,-7.631742796770411,4.165517945165555,-7.7616240988141865,25.769269242955716,2.4015841546203553,2.5624310173423015,-0.5963490395777071,-11.984596981969352,-5.485691138145773,-7.410624749406949,-7.754462804998235,3.110688989181753,-9.067495064708048,-14.446717332501372,-3.1011472180104627,3.9261432001072363,-27.30602287479019,-29.180323830145795,-28.822125478901327,1.1291317537460182,-23.504643122434235,-13.081975922290674,-4.334411851651428,0.23336604528632907,24.522116846806828,-2.7130659881169903,-37.21829591809009,17.991392256928098,22.079238198808348,31.341472685945014,43.274417928248255,-30.75689441136948,11.472605581718694,-8.474746673801306,12.975695630907994,28.15053288886628,-3.8970985521478005,2.889649266377139,-7.418181254023501,12.331561010597206,-0.9324714271008497
82,-0.3655288433977902,40.03912777619934,57.39832025309373,24.01159029328638,-24.41996708514349,54.28659544282628,3.318877227564128,61.540629537738454,24.372145958337512,-18.356537907366082,28.906905678935704,-29.33010069225355,-30.436025938384706,6.956409038963673,43.52249207529509,-25.010501379327266,-10.019784512437365,1.8162605910612155,51.521245818784045,-54.63482595938321,-19.448651014608917,-9.01060483305847,0.8872960174610185,-0.7782278586916329,3.90675649778086,5.341234152875232,-3.128769968874101,2.24339471687421,-5.711540259217236,4.077291211975175,3.5127195508334363,0.19499130260066433,2.7769266158609134,-10.550385613105732,-3.444924129706143,1.9124462354399538,-8.962747771884159,2.2879716670313615,5.677536427769667,-7.009593467209917,-5.642835547762654,-7.4077741552677185,-4.7570456829964565,-0.5851380494465208,4.426379188981048,7.16105545917371
83,-0.16516381665989083,11.161298643370065,6.261025495595924,-21.55534010766659,-12.233024791650271,18.815210376855468,4.075303474117504,11.49254885333541,25.04600022625927,-23.470651793328138,4.669459543406683,17.580792534278636,12.939460974857388,11.688205336032006,-4.052429962267034,32.02551626571375,0.3357164581600069,-0.5512689437760282,-19.651049594581103,-9.214610483897316,-3.2247068588322843,-4.935734579537995,22.466897828057313,1.9784522617515095,-22.26651383238398,-14.420799577619054,-8.561051326216626,32.87115387666589,28.21244562256729,7.950435539572136,-14.93784422957645,-26.78788506994052,18.349577271114725,-24.939604000202554,-16.35816184532382,31.380934561087646,25.378652865034198,12.728303057672115,-1.0112741146858109,-11.554077204569444,-12.98842349914402,23.006200510323136,-16.429388055835027,-8.25313185999287,-39.805736857619976,0.5696567965322615
84,-1.1015314806609642,-9.98131698890091,-11.352804192842548,-6.779926339736492,17.34574159075727,1.4332349592816018,5.622877258084319,-6.782622665021383,46.56788052979475,-44.679952241536206,-10.3306235629959,-44.70296679589369,-1.509670112745763,22.760401828504996,11.21958550490648,98.06373635578024,-1.1677083135877298,-0.3151990211492707,21.819882483095242,19.452841960525287,-13.956776706718323,10.908225841008127,-6.649277879543084,5.746496295416366,14.267229621494964,3.1449866659141934,0.39076301908302946,-25.077953282195406,-2.3460597349543986,-12.183323634325287,11.76041348371677,-10.880202338486614,-2.48729051670214,13.69635220507076,0.16291007018150988,-6.209924759680928,1.2563030530317862,-7.6031970524758705,-10.096748785099566,9.234286075376563,5.3454924464387235,4.883234341013126,-3.010374146208069,2.4386205859058143,10.801857893936484,4.757717109520014
85,-5.53209321511633,-12.436912005521615,5.780735113118538,5.285242102899417,-9.741851564519129,-2.4624693156606496,-11.220058668287216,7.27254239949407,-5.341939755779159,1.1983086742562097,-7.192033523762487,6.5651770810818375,0.10577285028581185,0.6711845385258624,-6.505539497988382,-0.7419193434064535,-4.156543751534015,7.240944786890547,2.3406741759951317,3.716652728448169,1.569348390417586,-9.0568725673224,8.005447388095725,1.32172905199411,-2.7094227676918066,-4.042989177337384,4.533023467261383,-3.2306374642114317,-8.295342899630594,0.05052160457998036,-0.7474567583177172,-2.8269460189682545,4.844732700049988,9.032660112771332,1.0465315693465442,0.6298208707343949,-1.656832320133027,-1.0173791831330214,1.2060039162700933,-3.0636566348892,-3.1774633038057813,1.0976166960665674,7.501767106126747,-3.904886803217752,0.034113367964187374,1.8138739044908507
86,-2.0726872727701227,-23.395086653132697,29.51517941547345,21.17852249213277,-11.63170370173912,-28.082826332969105,28.682753517711546,-2.767833224741735,61.14504623569791,55.64400086217563,17.53558065020856,37.525441107392645,-12.419803868841672,-46.7729862201251,31.003495953788956,12.850567400875471,-4.220090065007105,61.67745872758645,-15.321198459863588,2.1683587727253126,-31.53910657873583,18.612655265706483,5.635808706146235,9.297071642738185,-8.721619955580193,-16.043158551456845,3.804605407377935,-16.642008435606755,12.55405010981275,-0.002649340144956089,9.671997610787209,8.83266943365334,-10.361440997220091,4.9684637400837675,-3.215168724387648,1.657235715773474,3.5311465489830645,-4.126830920539552,-4.412776369913866,3.9160452655824742,-4.759113962190554,-5.6362928577711005,1.1634232495237256,1.6959142071409359,-3.7568917120929863,-4.69956504330398
87,-5.767265106967618,-20.528107879876327,6.921076524981386,10.616969373375944,-5.4631224606369075,-1.7809600350477157,2.0544276174169256,-7.8930908770660935,19.189308773439716,9.194144380526852,-5.5461425834406946,-10.373595663706931,-1.9090218467872184,14.115035220048998,2.652228363555106,-6.954871092080345,-6.889006052707071,4.155733247053861,-13.851063924607509,-2.463803587142921,0.7777227951160205,-5.717383131445589,-8.543213064267325,-14.263957383661523,-0.888819536637831,11.407769657438266,-14.327110905264686,0.14028884463850338,-4.434165673274285,-3.2531129267056773,-0.38121532667965496,-4.793670672070219,-1.4764176212464015,1.3091890273641786,7.011486248629744,-0.38481868308042666,4.490768763777491,7.482742287699722,6.497071168863179,1.711988843193977,9.644903098687399,-0.6568034930629845,9.429743325033021,-2.051270842309336,-9.912810549820362,0.3108887794451229
88,-3.823665101351784,-18.685027148911217,3.341092837377693,8.10130152793089,-0.8298568387477896,0.9028256213874628,-7.5904736784188405,-8.039090102519886,5.62083508573683,0.3916227938714753,-15.341213618385124,-2.848394315171256,-4.458160668008305,2.144438438958929,-2.1527449427705467,0.41331129524104343,-6.849832724797033,4.013331571235684,1.41730000642357,2.5616196994534253,1.9646426564701513,1.8613497023833832,-0.9519621915979259,-1.4492215787896507,-2.0006577367829377,1.2965855423024066,3.9670640921247196,2.72380594906054,-4.208673270321879,-1.0462933583598248,1.6980321381050247,0.5291051276744471,8.840224105398303,-0.6611764778384832,5.986439542311983,-2.080491849141805,-1.7039850141814905,4.523083173709511,9.538845060498376,-2.1588639375495906,-0.2229600518947663,4.135850119222754,8.738588242974037,5.471876297893611,-3.2753605392447147,1.7125886812399849
89,-4.389505394066398,24.12002788923745,26.040815724866285,-13.535430146754198,-21.621708133422544,44.51220964362688,12.997425394961816,3.7036752707859883,21.911242251877677,-11.697539418557017,-3.466018050494611,30.59022780056912,15.12210603605153,22.61785828996497,-46.446924404754526,-11.650164287904188,-17.081255279575515,-14.781461838206239,-46.57620023694849,-15.029615573295557,-26.379697124346528,19.592997753062093,4.468444884349914,32.94354716711632,-6.928546150149293,45.883491068793774,20.047936506138957,-43.195308441529605,-16.9587113138865,12.379433981962178,4.275679433456419,-19.56063886629593,2.660308924531651,2.9553353473935644,1.5794785424438431,-2.024575454868038,-7.346278545800046,-4.128076193920078,1.0192294658238603,-8.781355529476723,-0.482402587378184,-13.93206221641924,-1.6883030825424203,1.32960746732109,3.682848388697205,2.1088426664301894
90,-4.996738202300692,14.460431888838313,-26.747322681958796,-18.84479628330584,1.8496588932358953,-3.0989221518318035,4.977147092979561,-8.867189329769749,5.842408001657779,-2.882558729486726,12.747071205381364,4.196304870514467,-0.4726323613660674,6.355500354197397,1.781078967550739,-10.754234819408298,1.7304970735446328,5.2774508463509715,-2.324028229853862,-3.381759649714654,3.602772968724325,7.699607456957332,14.340645318553914,2.04164906178749,-1.3805009484333963,2.732011183134769,5.010648713190347,4.45953475811403,6.980294619189151,3.9631255648320316,5.8274226385255945,4.493082617445254,-6.082094220712541,-8.129376085192797,-3.864514403614048,-18.5109284513997,6.7646504464654615,-1.5404512973930797,19.065467011956116,25.97584898754522,13.944455952665017,-3.8914927781095106,-0.10485090700435049,-34.98392181381941,8.520101856050148,-0.45239280987512703
91,-8.294816179140671,69.61110714879692,-3.3979453163347313,-41.080464846801576,-30.197939794446444,76.74940762312045,70.6753923988196,-50.17673648180989,-37.24812277862875,56.96306495963184,-33.276408214454946,-12.500563313025749,23.314730916033174,-25.811540348029528,-10.44366197123075,30.05182644311107,-1.5339584352241888,15.57978842981402,31.850233015246555,-11.34584537208742,6.272086341742792,-13.037485011644772,2.456262674348493,-18.752063047501473,-6.368772818802736,7.87379165220219,-0.32887477330790404,-0.33138230821250525,-1.1929097227205183,4.633416611002686,-0.12744892014550097,-2.7687098310667224,3.37949329922092,1.3729003120728018,3.3880163511681256,-3.1270921716833384,-1.1783810735244211,4.358405927560931,-0.7942022088550673,-2.521624059562788,-1.2891695164940367,-1.3159364860966907,1.5428289205673935,-1.8686361884019773,0.019752848836580697,-0.5172960736351025
92,413.4015198045253,5.4190255070673885,0.008451180984234474,-6.64082785854539,-10.044918019643193,-7.166943691484308,-0.040584715771346466,-0.8450975405841058,-1.816384524567757,1.5135914542587847,-1.9391385172595965,-2.1220772269131514,-0.84861074667244,0.7125596136391708,-0.9424491381446218,-1.0592445671786679,-0.1557494922424154,-0.95386485018446,-0.2795421426645359,0.47789058098442044,-0.6147932366062377,-0.03275416605074555,-0.5616223657359004,-0.26261548765713194,-0.11291433900920833,0.2050973172204517,-0.7675571539965307,-0.26626265119312287,-0.12122355312724609,-0.43602350708875304,0.5468655737795545,0.09323693607255822,-0.8283288324182526,0.4809749671829843,-0.06310478432974756,-0.2344103983552056,-0.4914334021525548,-0.1641403814579025,0.7285430216684249,-0.33809341642354646,-0.1942895377532996,0.0012578181853070691,0.3600853586690259,0.3097819872064654,0.03099320814170102,-0.04659495092703833
