,0,1,2,3,4,5,6,7,8,9,10,11,12,13,14,15,16,17,18,19,20,21,22,23,24,25,26,27,28,29,30,31,32,33,34,35,36,37,38,39,40,41,42,43,44
0,-4.36831276033412,-2.3503753365584474,-1.9913781942571405,-3.470164377124053,-4.594605351800268,-3.353474852235079,-6.018618285618344,-6.841271602332125,-12.19120010962106,-3.5683286645618386,0.45177138677565076,-2.927662437203449,1.4859027000717158,-0.3436840591725823,2.2865101569546313,-0.265984024610258,-4.038822026723864,-4.086600715500247,1.0475040929609714,-2.2465278598097873,-1.7782118538167595,-1.3729176830932286,-0.9426640497314619,4.86669388174427,-7.716607905068828,-2.7043738234670553,5.0972935690985155,5.3499141920583115,1.7674156442956108,-5.529996472323141,3.3308238907082375,1.001843508742477,0.09531181624600461,3.1170611611709518,7.63462362451325,-6.264346148113964,-2.8127661365595795,0.654546027051425,3.687452092070089,3.146069265202226,-0.9457868794310321,2.1463786539205523,2.8764655306942033,-1.6086142128183794,-4.909879156080292
1,-4.90115698060794,-5.22342539356965,7.747998416994843,1.4282876741712092,-13.040119698585146,0.6467041416627793,5.988338377331753,-3.3924152888214723,-8.655428191998304,-8.16814292662113,-7.1995363255793565,-2.658569978749066,-8.590480917876345,-6.331326959438599,0.8702967496839166,14.28741342820696,-4.263411304468557,-2.9633104043201146,0.3098235395391531,-11.71658516884393,-9.310812934396976,-8.428309564549933,-13.99934517794275,15.506118440406288,-9.318843245712213,0.9091281142911077,3.4374170121013448,5.97899216290078,-6.5807844462593925,-12.069318888410555,9.009677072159475,25.98065518553428,-1.670163706035125,2.4214598974479093,7.434805768546393,-0.6008294142439765,-26.21925903173027,5.378642308478945,-0.9185658251685539,22.37882212111427,3.3448121460765274,1.5175370019629715,-13.857244869546202,-9.31868433515302,1.8882087534392582
2,-4.882861169413016,-0.35502424037431213,-20.76197512696783,-3.2624863169174625,1.01257125504768,-15.294533276246103,-7.58211944008543,6.459078521887858,2.260663799225674,1.2608390242877647,-0.5531826754411697,9.016888538215555,2.8340716849821095,0.14766145536863023,-8.621057726728411,-0.4254933802834241,-1.3178457747127101,7.95990476421873,10.68513465826779,3.2158402663506904,-4.513154342906168,-3.0464024421271114,3.350389885112516,-5.705693618336834,2.2882647924287123,1.8384109575900958,2.1966422982380043,4.892710591730425,-4.059862703024032,2.4986699502836798,-2.420045956902274,1.2869388688174193,4.6187558051552635,2.802243562485161,7.334555401955002,2.006413973263545,-0.5137913096115316,1.9378838486645678,-6.359221963244765,-9.137004455167716,-0.5205324911476106,-14.513317579843088,-12.146763821032716,-10.078153767002627,-5.252246377863425
3,-2.9221440020411387,-2.8406106043837025,-10.266717477491063,-7.908957996403076,6.928762043816305,8.372666530398599,-0.09170791380882876,23.501151706614774,1.4873160406029013,-0.1684964479245374,-16.814846934494938,-1.6511896856562658,-14.869732855596604,1.2880584343462096,-11.727655270468189,25.605994657575796,-3.694363875551131,-18.709766155607166,-7.65047900894358,8.195834399554673,34.03576526845961,16.17522318971649,-19.481748491613256,-17.54196374775118,-23.2121230130107,5.774405835935562,-5.8486229037081365,21.218574454168433,21.416653169120533,-4.499106396582675,14.698626905547247,-5.778833655999965,-0.3741394596300866,1.8544530538589448,-3.8385444335950516,-0.8122068355738739,19.41791567642306,-1.4788216961679301,-2.3634223180691256,-2.1925568989465236,3.0585039287298734,4.081354648497128,-7.1974167428670315,-8.269952490027872,2.208473041988406
4,-4.180894011367852,-4.73448976364793,9.062746592115161,0.8763963095839327,-7.274114530754745,-0.780083619608393,-1.1761233550249202,-9.990988167412123,-10.7110593543561,-3.6836385937105454,1.8038332409620328,-6.173047053469071,1.0089954421632736,5.228805279128435,7.238802026345411,-2.2952744397777387,-6.926379781758058,-5.723896639157314,-0.5801747799346872,3.248231455767178,-1.5898378677310367,-3.733621474052279,-2.581353968442728,1.970823552607124,-1.2742150287129443,-4.050335713735007,0.06403091883272914,4.307422389782547,-1.6361303601358013,0.014090074138846387,3.3820466044191435,-1.2986537092694974,-3.6544918747391324,-3.785030330427821,-3.1209518585868095,-7.314782579709135,6.375794324546986,3.938005307061359,-2.7747617691525903,1.6362379913359786,-1.1995419844545823,5.270170458025388,-0.5456870012801067,0.23344077368779234,0.7340537011967636
5,-4.050754774957451,-5.224728803066255,-3.44945360291063,-3.2190101798783974,-1.376111947274035,-5.179586614715933,-6.212825465074257,-4.781129096065578,-10.977380917207652,-0.7258301385148443,-1.7494440177556694,1.9696839728408373,-2.543222729099996,1.8341784023626473,4.255933653680892,5.259991585360227,0.5826290664685397,-2.052810111143086,-1.6598012197518628,-1.4594991994795252,2.608812571631371,3.283870381483174,1.9001171908579582,-2.0939530842621163,-3.717502463781137,-4.395366012162375,1.4087718514824987,-1.9229042282396802,-3.9493974362389723,-1.855038729408749,1.802670804666994,5.139139493830265,-4.9652573082577875,1.3963248164660766,1.6731417884717512,-5.211461473878429,0.04492184863265425,4.639541027832267,2.3351484637493334,-1.8671642405226712,-0.6933600035957131,2.733516653667213,1.2058398603698346,-0.37210365266889317,-0.1056291736392394
6,-3.9092614267646857,-13.777408904566148,5.061511242523192,2.69060867747553,-3.951857762475293,-1.4754659390300473,-3.5559316589672187,-1.7056629783051347,-9.324289807876186,-7.942893834445423,-8.498765049244971,-3.343544538398694,-2.4144497191274836,-0.2828660450369499,0.8025433460131317,-2.1017175475384553,-1.4423918771969262,-0.45414496885483774,1.961986219172421,-1.6152932565690223,-4.676370954104325,-0.7869567641192133,-1.3349747784528772,0.8372055612277353,-0.9306702029342835,-1.7040690854014258,0.9946907008299458,0.10499140088722683,-2.7427839444991804,1.9050020742241456,2.1358763932364564,-2.433771906475145,-2.7228249546270247,-2.20490700008675,1.4935006186104955,-1.0822258876854365,-0.09849797289998177,4.03929679912822,-3.3497726302415187,-4.455016830103859,0.5245550587559848,0.31169338690202397,1.1647527517385463,-0.09075079854272793,-3.8484626587949897
7,-3.942475567831411,-2.7248542904059456,5.054272019443194,-5.379498122675486,-3.2803722888554527,-0.5787783866910239,-0.9157246212502961,-3.618425192527651,-2.375014727430174,-0.9362082861745575,-1.9722850865158283,-4.526098147053557,-2.115193404325358,3.9225154865389538,0.4214945110793052,4.372711169973871,-1.9280769887129483,-0.7927966460088726,-1.3419140863413053,0.13110145008003632,1.0446900474346426,-3.2648353829517425,-1.701879261948154,0.8694637066081382,-2.4119831201777124,2.478739441526397,-0.34121631334025015,0.849619341122772,-1.7435848586198148,-2.367906996285713,3.3915026864345585,3.714251596736296,-2.7081174708036553,-2.075232592957848,2.349068292645242,2.793313516986882,1.1346652627292872,1.9966753278732512,-2.3161529015902316,5.610729993991473,-2.0462470618173443,2.5937672583380182,2.3004388800486244,-0.15595937846797778,3.4222772906553685
8,-3.3777334838345454,14.38108836680094,-23.23105913129334,-2.382480229108337,-5.3675204122309115,2.268735231972396,4.995400049234621,3.77922566686309,-9.074531683341203,9.45123255434317,3.6711127041947846,6.1043699118981625,6.683846508892843,-27.0474666693823,18.69158881808853,43.15330407403444,7.379618682271637,-8.566290078389484,6.2346246722754275,-5.640845741172254,12.577392432495786,-12.086349193297433,5.2653246958897935,20.89617025737196,24.59480525670033,-5.57433111853246,29.362091266835556,-15.041036466433587,19.45869828686242,-0.638441013623157,-5.468112811843209,-8.383570243878651,12.628140032659289,-6.032660623265235,-6.6095057183698085,-2.102983439065905,2.4453635214341927,2.3856267075297515,-5.397917964730378,-2.97285196264275,2.5761018750454663,4.729341998715662,-1.6255323887216722,-3.589073078503933,3.261316502019678
9,-3.1889571434356037,-0.4004295753506937,-17.13638914818936,-3.430262511349488,6.113059559444943,-5.699363291061912,-4.214059397734267,3.5079946743268198,-0.31161464416127366,-0.2781625316529139,-1.7531030523593532,5.976180507940391,-2.085801692722126,-0.46900942520692995,-3.1493985702424405,3.6502691056905694,1.0801850968473667,-0.03566776761016093,1.6616809957285072,0.5620110693354762,2.328325480021925,-4.193576606822583,5.499026347361178,-4.586154556681469,-1.5546936249292218,-2.3546281404124927,-0.6782575518240199,-2.5108158271857586,2.294610506825416,5.016749717234242,-4.319161860339737,6.3540382376828735,3.005604783531405,-2.4657732516087716,0.9070603615219548,2.2519069129209646,-0.5015916437645854,6.32031160388784,2.142909569954668,-1.757248481697173,-3.6539527016426625,-6.94446721291889,-2.2060263757804615,2.026882259917053,4.371429325479498
10,-5.588447294935646,12.150844916571621,0.890550539595771,-4.798112560119335,-5.142852397309028,-0.21163060637692874,2.078343611651806,-0.3006216840061473,0.8365732405060576,3.1697090314967182,-1.292892793726823,8.74931411040259,-7.3856689780901545,2.492979861692137,-9.409760462838523,12.889218732035918,-3.7130619450909763,7.644216815841947,-9.480281187068352,-6.571965884906583,-6.251877194090959,-1.772170418320566,2.725604373432669,11.044960189484758,4.238863687089531,3.161718615913964,-3.351642132442075,2.9966313875493236,-1.0800776613142238,0.4360651657402455,4.467771095131807,12.527939128238003,-1.152403003876529,1.0578863278909556,-0.30688049170104187,-2.62970532971105,-1.2900152886491543,5.659902615296889,7.579865120437676,0.4456100265757451,-1.9571707173683304,-13.781432468659121,5.295940092134785,1.35034520188734,11.488625822734813
11,-3.78069399310419,-14.446034246273484,2.398148489712188,2.3139519280848817,-0.3090584137721065,-4.2663588573147875,-7.269322042991308,1.6662391964532148,-7.676221179920748,-3.3098779695811005,-11.163986507124323,0.3856229422048475,-2.661366506582808,0.9798292568651388,-4.639293255005783,-4.656378897115752,-2.2257634426405715,-0.17140489371283726,2.9700698568529433,-1.4814893924209345,-1.6280013426994409,-1.6468700788692456,1.9321481389575568,-0.8625655422780318,-4.160840451630986,-1.1979483536034576,5.137323337725174,-1.6175743281307269,0.2939097002810761,-0.38696073229713124,-0.36164674903028177,0.003367317717593417,-0.3660425960519956,-5.15868231701722,6.574504641441002,-1.13528474984538,-1.155455496437489,1.0737117812589991,-0.7324755133857733,-2.608448464817689,-6.120720406985592,0.44759723306064914,0.2891118607217642,-2.670226422413478,2.807505757873875
12,-2.20221612412979,-9.558047915696054,-0.4561805141930406,-4.346217196735542,4.7354002486898645,1.7573491876984468,-2.783158037742903,10.47503194421856,14.172198282878684,-2.3293587744146187,-10.978067763303496,-5.453023448598709,-8.54674278677357,5.6349926285058975,-13.223408970943527,-7.715182201418864,0.8339301065194996,2.261632451286416,3.318073043808221,-1.055929448041992,3.175023048805671,3.966643482448876,3.117763477446607,4.251180044601353,5.655452870370704,10.693613622190673,4.587883886489824,-1.8626021828198642,8.463039176576743,1.524081849161627,-2.964223560348242,2.9325051979736783,7.418113030310324,-19.5021684508974,2.344929788056048,7.488218106976358,-0.5868511662994255,6.986747144770821,6.015560594938426,16.71924752248528,-22.63225731855459,-4.74869910615776,2.3265941888989397,10.23950327320888,18.621293058887495
13,-4.904409142313731,-1.0936157003211724,-7.6273073972037,-12.003011791413991,-1.004354113023679,-5.672891450477834,-1.656560978323784,5.612059920733944,-2.027499833383634,1.041094239694774,-5.244675466549057,-5.602519397940196,-8.405873589178876,6.351610832831441,0.8892069583849378,8.488391391567863,2.106254233026464,-1.1422670888996316,-1.9821901809806752,-0.26110734411174497,5.266214480909337,12.56024671015139,5.336350435730854,-0.6373233869003126,1.4299484227854855,-3.3514019879732833,-1.238994908738924,2.9078951869596366,-7.682992291436185,-0.7253026254529894,3.372547359206245,3.6538782525075324,1.3045311114186922,-0.08072883068322058,4.051340505377099,-0.3712490989737548,-7.859239585231868,4.705408783274456,3.7601450104193543,-5.946021540299524,1.90042647581261,-1.883302021582188,2.071757503445464,5.070591147154429,-3.231114295390837
14,-2.824586672286797,-4.747967304923075,11.335918605979998,-5.531699419423001,-10.011063937007458,3.345017873964179,11.661744441261321,-2.634625007872717,-6.7877484438194235,-18.986155359168823,-3.5475715158977708,-32.47714897737037,-8.809521591275269,-2.1516823294152196,31.978689517128416,3.729669968261158,-4.808452566054762,-3.7944077410661374,14.218248331857604,-9.09813445921022,-1.5573275057379257,10.687581494784652,16.21726159267607,9.156462588588676,5.61666898748804,18.130850459617502,-19.697798161164247,29.114154472422584,-3.8185318245039643,14.480105692285203,-15.703402982965184,-11.947941291153338,10.309329735121452,7.170851250042544,-11.331978642350276,5.481383175872201,-5.4720798210211195,2.5600891233515983,-18.685937329782664,0.02667252603586609,-3.9240116203173456,-1.6155067083074623,6.056856416397425,-7.326167404385981,2.9240852528973393
15,-4.418809414138848,-0.6455981130401847,-9.832165683159257,-4.994235209742082,-0.9196684976338368,-4.798815023648086,-5.927059854306445,-3.0667001969634327,-7.162646914036581,-0.08255727358477369,0.7003033526208701,5.1900702346155825,2.6354026926390284,3.930300782247602,-0.6395544661843036,2.5355621915564863,1.7649478556052833,3.244923273988211,-1.09942871502741,0.6717336070269958,-2.17306740336092,-1.2872012127910084,3.724432273029164,-1.2934746664406345,1.8141623132011813,1.7359943093840524,-3.4316956286340394,1.8729387223720815,-1.6321876850795727,-0.7096694973396107,0.36672269065737084,3.3952553138510817,-1.2625439429309977,0.13241621200190964,0.5777918334247675,-1.9275933613366565,0.14346096248378004,1.5895995587087437,-3.4513972752695024,-2.052097393481125,2.5585270723440767,-0.11527761242357293,3.5890698575344775,0.6200497079726494,2.9873665329389794
16,-4.769949676859032,12.000209882818497,-15.741169311858481,-13.75872002755292,-1.229198056521337,-0.7569386674392868,1.6618205753194542,10.41683556916213,7.395488299906576,1.811763101299006,3.4867660270919867,-5.3884148450218134,-3.7721191831311587,-0.6900123370383539,-5.489216429119129,6.158200084577468,-1.5233872212175343,1.9822054110649119,1.9751512925501877,3.8733540328897162,5.157286247401569,7.788988015920732,0.9532842747585996,5.396981545296375,2.834454324443479,3.915250864526867,4.9902895776234955,4.145007877952168,5.5934201864559245,-4.40310941101561,-0.051834608431704315,3.871781724037455,1.5073154601462317,2.728410930262559,5.945888170256349,1.9208220292585214,-10.274806617813464,3.976553750542653,1.0839306991787012,2.7005574354215343,9.50653178597177,-10.578650685930047,8.36435184024264,17.453842233593896,-11.464962217581633
17,-5.107763845693994,6.737353681872282,-16.2222136911636,-4.753981501303898,-1.4873454372697892,-9.981152720561102,-3.7763986469018196,4.7151985452027025,-6.748156406264026,-1.834349817565169,10.911581491647674,1.8741525274899526,7.392814960943075,3.019550036002594,-4.985034224558624,-2.6221674026829196,-4.436543923384288,5.710735057598344,-0.9902042068831257,9.053881711793005,0.8766875998951015,-13.074536055117992,12.539272059039948,4.335609509187329,7.857804215349323,9.27219781924871,-11.637712708612403,18.190757386433777,-10.201295512140193,-12.541978548550908,-6.144225140929563,-1.4378630085446518,-1.1508099556569649,-3.3675948939943092,-20.564944090050613,-11.213229617533663,15.621256846898417,-14.98011818123867,14.346069190555344,27.989090387598235,8.58847344001922,3.2657949509815665,-10.194398978785186,6.6125717718744355,-4.3548077675864985
18,-2.150966581837157,-17.839929560354,7.394079481259745,8.613654127399975,5.43734895526197,5.6585701337686025,-9.345820327463514,3.6111010320327894,-12.301231933254906,-5.990118315355358,-13.177579741726824,-13.605330296802016,1.659229073640411,13.043434806666584,-2.1272858108537473,-19.13168437497598,-25.561793242857174,-19.14785402505984,-0.18612151858078702,17.497595002253984,7.351954350867258,-27.391811899511175,12.971180661633984,11.417543092000871,1.2804466426723258,-10.265609214133534,17.688014507676193,11.012325872709273,17.094945271570687,19.272737566066372,-6.067726137830612,11.170991825169972,-5.6136680402111185,-11.960171735630611,10.532324101126713,5.543649196641853,-3.995294919570669,-17.24340616053076,10.081629132201515,-8.011369418214576,4.689831745440759,7.853357073697172,-1.3164902033442378,5.1052246353108925,-4.913494243880972
19,1.4228035825010519,-22.62539131459939,3.6193729212197634,22.239369893232073,19.45434765169574,22.263410756258395,-14.099655730680748,13.20838829416864,-9.068933258626382,-5.602625052526644,-15.235200642690453,-7.410166269651763,-19.244842013314884,1.842018929380904,-9.489838838924639,7.016278975253436,-18.281454953802704,-9.163990745704709,-9.483876493989595,-4.784315504520945,-31.581080699820944,-0.17542845739272317,-6.311488368275946,-20.985896347292083,41.685095129657384,-8.123681026480796,-7.522683766827912,-0.665795978273012,11.544394594328727,-25.328308966911383,-11.233666121469122,-3.2132605532685,-9.806966049570768,9.199779719590904,-0.8328374956845137,-1.921888998152184,3.7735241017430314,3.1114221408727225,-6.412669935551377,-1.9366921187215542,1.6188697907171128,-2.4285909915700024,-0.8195036188885101,-0.9223906795352824,-4.960229872136946
20,-2.865974336978967,86.52649599461272,81.76447388356667,-15.939516146667286,69.61548042066444,-31.765786672896592,-16.93432254817019,14.399867685930104,-6.439190189267368,-9.199938374229422,-10.762809821322287,2.6557128376922816,11.542327490330779,-10.326403779887805,2.5955612858102874,2.6518996266393233,8.694269431925875,-3.969388691008881,3.670213497644252,2.272036611274134,-1.4169302225231264,0.34144954524738785,-4.722846832707081,1.6041399690251517,3.8809256091626856,-4.203886835490549,0.8734055990336089,4.649761229926307,-2.9923799690453,1.8340227812899932,0.7741168986259017,1.328193873786161,-1.6839600904333085,0.4610932770220431,0.12076377448828736,1.6734069699270633,-0.1211761531260653,-0.1153024236181511,-0.5188791696074659,1.4841187642438178,-0.26201304060686503,-1.0176619749869416,0.5549108282793843,0.2858316970486337,-0.507091987465018
21,-3.176541010353505,-10.10947985842895,10.130847259652013,-2.149281825800896,-5.563694266906873,-6.202582797493071,1.6942652026175717,-3.0223363639244654,2.3636608931091505,1.5905251416415236,-6.602982700913178,-6.298299170514531,-5.224773445235243,3.094141375312839,2.553423183674443,1.7663315564498983,2.453949095007052,0.5148353142053411,1.9971563396718444,-2.25865631094877,-1.5169525281797989,4.580388614782946,0.8689581701826036,2.7319318626292755,-2.0995756571597997,4.0040082781047825,3.2817914085363444,0.37477193655266283,-1.5673858204316444,0.07575089028984494,0.0656245103727639,5.633477988494476,1.9227527024485698,0.2800662652767355,3.2259671927854012,-5.8151762586760904,2.499248530421815,3.456824887658541,-0.08115799496849883,-5.381799157326833,-0.5346546486826282,0.9240292205932706,1.4389349274963301,0.8565005628633431,-2.596391545356714
22,-2.1793429788256677,-10.318377806941834,1.12724910850522,0.1437963598480125,-2.6454454698841086,-4.842546157311789,-1.977849077430469,-3.321492543135089,-17.294398380197446,-6.3663516702282585,-7.072545153667879,-9.07016380064692,-8.893715556484329,-6.4531428628212995,17.956553189678846,12.765851353142375,9.325598421633371,-1.6575461989713343,1.4510005566855353,-8.490671806109775,10.995379049728387,-0.03938910800685866,4.887868705427042,-15.31045317302837,-9.008621016548275,-3.341467507267035,-6.46387214880136,-15.788390398316446,-16.437656411951185,2.1041579069915044,-26.27021489028518,-17.343201225601096,-11.269396269592148,-6.15849298245293,28.03516854297477,6.506485255631797,8.892559168382265,-4.492031259703711,26.005184767662556,5.079286240905915,14.22742748926243,-15.428766293416242,-4.302944263366843,-0.16417206161057904,1.8746235279302408
23,-4.014522173247808,-1.091825655521065,17.758873054602173,-4.8534118661194565,-4.2664014643651775,-8.100609626345847,5.232354533840083,-9.487463533346556,-0.3074675207222039,8.71244068946439,5.69637681223226,-5.05733519752761,-7.285312532729931,7.790057269043058,20.080800675100107,6.814289707478429,-16.62385477093294,-0.027010397015823227,-11.576032656597425,-6.521892341837996,-1.9731057032796349,-14.640112118715026,-21.23655581180402,-4.9552865590755495,-7.480130310608879,10.991769846726545,-5.355696665609786,-17.83618255812124,0.05099603935265525,-2.5192840688845584,13.850731680205389,-7.193180345579543,-6.877229368162456,-29.042734953326214,-1.3442701210790706,-15.695367905438921,-4.528600348463737,-23.361588496403492,-21.38464443011896,0.7074153415648157,-7.339609925103175,-18.27172186724592,-1.3451978600797085,1.957232888918556,-8.010476378989384
24,-3.927778214224634,12.20687557911484,-5.6276435448009945,-16.670689658123266,8.612755421401133,-15.060115383281904,-2.3213336959728097,8.702125636520865,12.279391806998753,12.36539243710197,18.14589176159385,-5.672153661186586,-5.732837512218465,12.18595171796398,2.238790512333187,9.770297200433507,-34.911271034206294,3.9725726891104896,-14.727910039937397,15.829475139575234,2.7610852979152183,-23.35723671556281,-18.176098286887445,-6.425450643296138,-0.9777857730732037,26.573501415920155,-6.5555940127211,-15.35236560865517,-8.811010667162952,6.428948949269518,-8.195033686346454,-7.233943972886802,11.070614706424516,20.866784045563765,5.383904579340156,10.06643557268484,-11.277630753860068,13.300107538785417,5.762200497507937,-8.341675994792414,3.9043064372637857,15.587108258536915,7.554892571891226,1.0603165049661238,4.155802290343316
25,-3.597367992480133,-1.093346078940776,-7.75095121126554,-7.663131573741024,-4.442311463847126,-10.247003316355503,-4.021280226931196,-6.1277159179624405,-9.545055376895192,3.1396669914764046,2.7876919003064087,-4.144717894687963,1.4429574000471705,5.170632939529296,6.281358835692935,3.5633821079051415,3.08023261191253,-0.431372329801348,0.2634284051686679,2.5677060044266846,2.363987067318301,-0.012853368730784381,4.789613505588092,-2.525762654827216,2.3775772243712443,-0.3161135079878318,0.2022905550362294,6.492784629724943,-4.104736883650494,-2.7446455703352406,-2.768341760329689,6.643578286103382,0.28194741752932356,2.5348461864538745,-0.6902998347906246,-2.3770306870582973,-1.9465334345123786,-3.3621305354320183,-4.060110214593338,0.9858496734812933,7.7464072819184455,-0.959164545022203,3.3761257550803876,6.175176251205311,0.0451431733625209
26,-4.159581300453609,-11.043941079833841,-4.185809793885629,2.4699704990267013,2.1064987334668164,-8.243648072619264,-10.962531056064147,3.0547156659676116,-7.555671765375872,5.799846780543566,-5.44928483337839,11.494104621357675,2.2854483542707134,0.6458936387330847,-4.1323391133856715,-0.27891782229419576,-4.5354993924237155,-0.7540821779985944,-0.2750233880992362,4.780656048399492,0.0018071629614149626,0.11863604723892895,6.519076144597682,-1.3871723923266261,-4.567478573529433,-1.2580425969002293,7.645126441263462,3.0372895139476634,-7.032199975974926,0.6738929080816574,-1.8983940804506052,-0.9078596207393225,-0.8023893043538366,-0.2284712112427038,-1.5077360663324586,-2.8160769772164644,1.7063463202834326,1.106457057955992,-1.9387262525908573,-4.419124973323088,-12.220002415375117,-0.4956626659924668,2.9528508236798254,-11.130201482692835,2.62271074294695
27,-4.828919446671557,44.742311900977704,12.031924977589755,-0.16585488441257704,-1.0489016667460231,11.272293173135902,7.811763957013415,-2.291369004508205,-13.032383452376052,12.087421354588939,7.982209989175932,7.6402374597456095,-20.25331742467547,15.285386946693988,-5.0000419513521885,1.8552968644395365,-10.138613227939112,3.709735671771205,-13.6364010121438,-29.4989275285966,1.2399329829156256,-2.6597025144285293,44.65320140319833,4.016899853135934,-14.360301875190817,-7.780392886979111,-17.607586705428325,-13.34744336583186,16.918003703229267,-7.026955944659648,11.05115417809159,-1.067748457662504,10.696256101349034,13.409110778793169,4.226879647644331,2.2385834017876856,2.670061201335245,-9.098271685388523,1.5488572911160996,-4.920365420562768,-8.311187494151067,5.56635432402464,-6.908233694084715,2.658828184884971,-5.620819346210398
28,-5.052442974507925,4.403699376895136,-14.829523114027909,-9.175584246622336,-1.713844412846259,1.8565427960200567,-1.2936705507348443,5.959352593548804,-1.6740922641216125,-2.154824225296333,-1.8460461354550177,1.1698830967294176,1.2879345723032463,-3.0646870261465375,-2.563287549845302,7.0720219441541055,0.09861192722959877,-0.4560077345519832,-0.9537779853354025,0.27825105971100383,2.3846967330023685,-0.8410616147719615,-0.8698849181021877,3.0199668086984333,-0.9206296160381624,-3.0596711871958813,-2.87739996917651,1.7019456049518378,-0.06465302535455317,1.5195744192704281,-0.5181313198590733,2.3417796572762373,-4.025623829344943,-2.0956867564308164,-0.31122374451813395,0.45244132272535725,-5.3755685453310535,6.695979936808678,-0.15137524567556568,3.5230837362147174,-1.0170578864801683,-1.8453975789930568,3.9807471782730404,2.432414384300557,-4.01553185678037
29,-4.1124550644128295,17.489556977924185,-17.22040878343274,-20.376549577385497,0.7019082943597461,12.486841928783614,11.684410632443647,22.97049306679292,22.65955127076312,7.829793088586136,2.6423962967699657,-16.337658870171417,-5.21754142401599,-23.62790347813719,-13.708741497109644,-0.11152020385715641,-19.67870328274856,18.0200975040543,44.070762455510994,-21.685291066350224,-3.591658187368095,-18.666811598645463,-3.931545382506043,-14.46051844589735,-1.4220866794521638,-22.62623022862818,-5.0795626973225785,4.771082334874279,-9.966843063495066,10.960456448564088,7.545669178911767,3.492929737481324,-1.7926254422412147,-1.3112642329575015,5.815753171206026,-9.095568928306868,6.515191218846448,-6.8761555990298975,-0.9047166504967272,-3.406341628260791,0.9168199272883968,6.3400466608909944,4.694543630678646,-3.3829252400942114,6.679773054316899
30,-4.232013448095296,7.664650120150828,-4.76171253150952,-5.542311820352775,-4.325939958280169,-6.571404598106957,-7.792581264193928,-8.951371672406008,-8.999905155961393,3.945566780279541,6.646031537933765,1.88048628054314,4.526640273730628,5.393900296388401,-1.935073152786137,-2.643695657696817,0.05440542561425635,6.987338359784338,1.1875626897555682,3.511336660143657,1.9776938750463473,-6.877714850515299,1.3944184379930258,-6.058295289440649,5.650169774115144,8.7148681770039,-2.4694814126905125,4.336286607707032,7.515482497517632,-8.575429073651938,-1.5984305597197261,9.754073034756399,6.462401642758126,-3.764840035628433,3.2567520971186363,6.536376538710499,2.875121352915402,-10.339717784865998,-5.162783835556847,8.252312793027524,14.762982723081171,0.2886802131983079,-8.678549838243361,-4.269328630672335,26.38856177955404
31,-1.7863942247119093,-7.55993244219999,17.61557836085277,0.7456693103294384,-2.990947558738404,-8.361944333128218,-0.7684708871947434,-12.85427078842986,2.276237557527658,7.9564227134764325,2.627970318357811,-11.41284397531528,0.7995351514855265,5.268348949366279,13.192807549054457,-9.257740577013614,-1.6549788702428807,7.117996918822049,11.89547136806314,-3.6991056315055406,-5.655417073605594,6.291729024197661,-0.945123684323984,3.1561746558949633,1.4686307704857204,13.039938619174714,2.7771839871709587,3.365736976258849,20.081785739504028,-4.080877700069777,9.179322612326468,4.8797941051793465,5.523162675326213,-4.543532335172788,0.40587417381163426,-32.48290881364564,8.728585255073545,26.27814585129026,21.046566853833394,-11.583870247520787,10.235859730437381,-0.9809396112821498,2.043391282182467,12.278082528900883,-2.1247891519880384
32,3.9152240403077525,7.990127587973813,-54.691800578817855,32.38184747663004,69.06996804174308,-12.299312474014089,65.36137467684124,-39.22331015503197,-1.6135545176018133,-2.135293018379263,-23.78541382149186,-7.342465044480937,8.443974231334836,7.038989080750784,-1.7797533100149199,-1.466539980120058,-7.387565483286281,8.90706208639405,-0.4664114831081678,1.1326378024749388,0.9653135721880336,3.131016795459841,-1.3848360613936375,2.593617033447382,-2.8877772387321565,0.14987652647635596,2.4679022112986067,0.6062119391009163,-1.0138683177161574,-4.612712603863915,1.6179238294166955,-1.7947306718198826,-0.5853434371281636,0.39576856465638355,1.4187103189171126,0.909966819057338,-1.1027260644368957,-0.41278796400062356,-0.24546339028634598,-0.4700811230696953,-0.022775645429686915,0.022910492982357034,-0.13460558525867217,-0.7367544235981334,1.4160826488776792
33,-4.78404685035724,-1.3085787449838646,-4.16282103750025,-7.067494938261528,-2.71931474466704,-4.583977090636487,-4.190171624547885,-1.4166275018937267,-6.101007691350443,-1.797151054272437,1.3850704687452269,-3.133770956399334,0.0810975465523403,2.935387588361521,2.5434160401696575,0.2365796780496469,-7.222735088503773,-5.133067637174716,0.32094578990142925,2.8865635071020352,-1.3361186199607684,-1.6634620252583567,2.029924690676351,3.7444609464272323,-5.721319818818715,-2.3577999638225924,3.2051333975815077,2.347646989026948,-0.41929262910358117,1.6909716734157556,-1.667860131291044,-1.2338387450883714,-0.8950728438399105,3.7489198286169234,-0.09426132220554984,0.9390078525887423,0.3358464351146349,5.702820265578299,1.1089272353350998,-2.1497866457027253,-5.868026800532582,-3.1533193838440448,-1.7856468224824633,-3.434682847572494,0.9589415531829072
34,-4.031542763709237,83.70589240247328,-31.63608396378381,90.54177545724073,-41.27078980083549,-23.20878599584399,-25.12112140832602,12.667113220081685,21.11434169109329,-10.596116185847443,-9.415800580978374,-15.162743432576066,3.2730444251412982,-0.1984613891080765,7.742633416549638,-4.464411193677366,-0.5151479374520742,-0.9078173896018048,-4.116956797072883,-0.8580913364809959,0.5712462115473405,3.3003116010826514,-5.070443937115975,-0.537820329447906,-1.9061898572744371,0.31747285180286366,-1.9478106608761445,-1.3637722460571229,-0.7229720167065445,-0.34960650801411475,1.8091710629982265,1.4185652075664266,-1.5283457170633439,-1.9449685037068787,0.962742588623153,0.14493814596424015,0.3728075417931258,-0.6087684488156169,0.6282005212011915,-2.233907980350046,-0.9587343652561838,1.1273541261063014,0.6416112899870464,-0.13101834163664136,1.4635771888889075
35,-4.013791501999301,-2.319766964504892,-8.117156761375535,-2.2254405054685367,5.580644209954995,-3.5145718194175926,-5.998053869819243,6.0382719345015365,1.1077069794870131,-1.5664956702558683,2.56363305710169,4.72468986146339,2.3245962749354847,4.489465249530094,-0.03871944790656026,-2.6383692291617584,-3.7632050743730514,-1.762718591988245,-3.2774576788224525,4.2989951380324065,2.0882254700000775,-2.6997721984765475,5.043333972488824,-3.638083305776178,5.4029936628542234,-2.02875169449875,-0.9398538450464498,-1.4711705697158903,0.07066332857295024,3.0027202108736253,-2.7853013588715765,-4.060113767476182,3.467854684247627,-3.2082349664680625,-2.1833439507547303,-10.154778423631411,6.047037292426722,11.781390000755763,6.936312406534754,3.661957693048122,-9.798561426175217,-4.304038021800873,-0.14878449843783986,-4.129865492895082,4.153520358190947
36,-4.47691252386144,-4.8734734676200295,-7.7691282626091525,-5.163821344352106,-2.1830034272716126,-5.966312853487514,-6.956138027889,-0.9905314536752832,-4.270865282023784,-0.8244068652720975,-3.2449711476703422,3.742334966579057,0.5191499422847331,3.2411966398019825,-5.274683780619598,2.7055132351033655,4.1861312250089835,2.4983818736748473,1.645227171117587,1.6921700735933558,0.20873204772651577,1.9140558804486922,3.85710028011016,-0.1579579547862075,2.8430652971544093,3.406905269497595,-0.09646068784574255,3.2409056749571423,-1.6770756661334905,-2.994109367866311,2.4548021396658526,5.491863101060174,0.6268641676310368,-0.32026186713100385,1.7650521364065925,1.153327194618146,-0.8810857710371646,-0.5902941439226971,-2.2420340407135173,-2.075632268789648,2.508942907484079,-1.0198713197813885,2.822946425712667,2.6715004856036924,2.624214721596522
37,-4.197269784590811,1.5411968360208281,-1.6105797477363262,-5.729880940723431,-2.6518340293342186,1.8572297591497304,-0.34538926810330023,-6.658793209647439,-6.646484842490817,-2.1509813748703417,1.2329329792690242,0.35802716679781627,-1.655747016633279,-0.12214366567392146,6.748889045571564,8.329031368014943,1.8863162899004173,-0.11504595409078194,-2.0165504060091917,-4.089803762416957,1.468813644319229,2.654801686605912,-0.03332473852543977,-4.296428777040986,-1.265677097279931,-1.5087272086028651,-1.898707403858538,-1.5301773342241747,-0.7747819552047053,-5.44469263384187,2.8526478722688746,1.9267969285282462,-2.048079198149123,-1.9900950028947633,0.4855371503151259,-1.1491149776265552,-0.8179263503473896,1.7477475827437847,2.9263304883580106,4.692538789361914,-2.876317154386867,2.662389290393288,5.229738368468258,-1.3019450030231758,5.132509811453523
38,-4.797833992524569,2.7397239601790733,-12.022402514006508,-5.310440779766533,1.026582033082205,-10.191244619879395,-5.820951763077439,-2.4224436943053616,-4.465247890076574,4.106189104610378,10.159033107237379,2.9364053723690846,0.7975063274817125,4.471185033729557,7.064612517227759,0.1745436989495539,-6.611419952658399,-5.242175004785974,3.2399588185743338,4.82593115574931,-4.750814975091507,3.870992355526866,2.394861698092988,-0.15970568023455925,-1.460570030950396,-7.2080678862350736,4.3286705270014,2.6624416348958526,-2.857669408189697,3.750844567734483,3.78518630790827,-7.9005091416875315,-4.25474414440116,3.261642685231649,-6.627970879917749,-3.325055584056253,-0.741502614498417,1.5156475678869614,4.271281409797788,1.6384573598943029,-9.571508671994637,-1.514571849000228,2.089012857660456,-8.688989442773794,-6.662836030724815
39,-3.7025371803483513,-11.696072634751637,7.355661209846078,-0.6769476258188941,-3.1311073917364594,-4.340356721801675,0.2865447671233443,0.49073579585456706,-1.6210510365802824,-0.4435979615384351,-7.347094953398797,-9.91959301701011,-4.784101639864814,1.7329876046611403,3.4678852586212527,-1.0086567333989347,-0.7093099516409,-3.2997896892526133,1.5157893489013483,-4.004134431459248,0.13738034335703875,-1.0527717313429328,1.5331279378693004,1.4369329375826052,-6.124318315760664,0.667361558784822,0.11879062652541034,-0.36809479327769573,-1.8897449776748083,-1.4126842010080156,1.8561764344447846,-1.7225828474446665,0.012462376349837184,-0.44784153151129585,3.6491815677161252,-1.1950635630225694,0.24583327722439816,0.756801886202345,1.1945045237973118,3.6254600164018362,-3.5098514948054755,0.8521574326775258,0.7209115685144123,-2.039319800020311,-0.005362436933771837
40,-3.057126672568856,2.9189256727319224,-1.9499405436526713,-17.094413894591884,2.5603186831726488,-2.2745996940167226,5.445696769025272,7.650021667281995,18.897097006027867,2.749441822182914,12.051688135716766,-14.974758959506419,-4.67932077152651,11.98650688252198,5.110126682711063,-4.695662116028511,-5.750939260051528,-6.133485097828672,-12.364405670210141,11.763009224343643,11.462699220389336,38.20971465463801,9.27152256957544,-1.0572418617560346,18.83218370556461,-25.51084736146874,-5.598386891751692,-11.758147308749454,-11.103625383824243,1.847967700223928,4.104043961299428,6.79198453922501,6.556082641424177,-18.392933831436338,9.13006498318967,-1.5204632538212577,-15.171812875441365,0.33818402790422875,-4.698304187099933,2.8916910737345347,13.336549793018781,15.762199434358225,-8.141555668476347,-6.865382881375418,0.324744337541948
41,-3.102369878251385,-9.688377045315722,3.7777621597742583,-0.22625344283084378,-3.620831067174721,-6.148318654513402,-3.9943143079194936,-4.591512837411651,-0.4188489035524087,-1.8705451348044946,-4.039328501558359,3.7156590026995104,-1.7392053061354655,-2.284892432924671,0.3957243999634547,-0.07082855349415662,2.4022917464279607,0.09700848142674887,-1.4068825899485167,-2.0831161530830435,-5.569325257381315,0.34189337018847976,-2.3679970829225483,-0.1779810012699945,-6.833230688006636,-1.3023920930506623,2.0938321766923718,-3.1632767782180617,-1.207406490526264,5.51777187063043,0.9051695067848442,5.981817081806868,-3.076269102618394,1.8216567792035023,-1.9005285698890138,1.217697881994508,-3.199056339743605,1.3680161097963668,-3.6754353713960977,-5.128403100566443,-1.3600528449763016,-3.2389901687345657,-4.152263876485641,-1.7093107267624115,-2.8204427496066917
42,-3.7760086340826224,2.972065068973325,-17.18428751806139,-3.2453973417429705,0.22702201932517066,-10.581323738109445,-6.9832481541712506,-6.52241043307229,-7.5118880683236595,4.253297753288716,11.38235169042898,4.61493511712339,4.839895324048049,-1.3623035344307626,7.018406099331735,-0.7615642423186844,0.9187566152103364,-3.582176677230036,1.6441381584774668,2.7540598222528683,-0.76188846596937,0.2819901350537136,-1.099475169685405,-1.6127077978909623,0.37378704568471266,-6.647683978400962,6.320508057069686,-2.899682019638471,-3.7110754822227134,1.4423648320232678,-2.420624416996441,-8.27228635943435,-5.236396971111638,3.7602242917405837,-8.503813927394294,-1.1866142941164368,1.3897720296103988,-3.855363386588642,-1.8180996816934853,2.0944066339660097,-8.28832036000219,6.2164807563592905,2.9480996446596976,-3.8495879646421556,-10.222975794366961
43,-4.015391531036277,-0.8314484149097903,-1.008486833657493,-5.438744959846465,-2.8405687203155927,-6.89510585735785,-2.0952734713566294,-8.910859435307042,2.2882065981262656,4.332678220953876,7.6080581558255576,4.468230850011477,5.5422496829088,4.486110793494331,6.846297528777328,-3.872721092636509,0.9842180369761699,4.392025500759898,-5.451658948273702,1.565227501264873,-4.572972563647478,4.06378128967483,-0.661995928528549,-4.444094867946191,4.207476864133627,-4.516366447635512,-4.2040412091607084,-2.237389146536433,-2.5419985639545057,4.248977772435753,2.181911816982646,-1.770804460501673,-1.943779088699447,-3.4310203385489753,-6.2027427713600165,-6.526875204353355,5.80649823730744,1.4784764131476158,0.662688317209359,-8.480118735872532,1.9725226585991211,3.061606567436158,-2.7557565672236906,-1.4748681199583213,6.295319021471804
44,6.4658464879491495,-30.990562794684784,19.012680352946326,38.18739386050455,20.05546444165228,17.89017277253518,-13.095650520166242,14.090839390975598,-9.97962981578327,22.23416336983885,7.846147778382185,8.729683759320965,-15.617891193262983,-31.06188363869976,21.968469992618427,-1.3713661716464551,-13.232137219597208,52.9148450717949,-10.531060154726164,22.539791410958752,0.798080249922738,10.82497125778776,3.1826754396534556,7.03399523194235,-12.584771334548607,-7.3851955156907,2.372775342430194,9.773226966751551,3.259417200557181,-0.6999430187751645,0.6497742357108649,-2.181216924834382,1.47401960657194,-3.41709231642008,1.511099034065529,6.150778518193454,-1.513127495643217,0.3078352497846529,-1.3422978013921738,2.7758212004260443,-0.2829556038194952,1.241926686762191,-0.49749616671189256,1.1132885802701127,0.5711393912081011
45,-5.14560540917918,5.815774268307468,-6.4878617318181,-13.612810505035402,-4.1023550838263345,-7.554275460759159,-4.9935669959307445,-4.574032846154923,0.2974698416714942,8.876949701385065,15.742074638501455,-10.445898714690605,-2.1385260310024896,6.0105959317307045,1.711106043071057,-9.713860054882346,-11.131122098319922,-6.141692500390129,10.9664356540016,6.726345865092897,-9.13655365785084,25.248528208206466,-9.767173116270323,6.139351028298867,-5.2069130583322645,-11.12887763543142,23.323557674356746,2.4184984011241224,5.927028374108777,-7.5188666765660574,5.3534341033320905,-10.920707352574615,-7.399487306599198,29.941444737756658,-7.1900095070583205,-0.7707215099880869,-9.954075504053092,-19.955477330082157,11.519984212170824,0.003509433036493828,-1.5727083676457099,-19.7008998252906,-2.5578045740662376,-2.722681825109447,11.322766605750973
46,-4.335598790530927,5.122530138116346,-15.337314943282506,-8.896939265335575,0.2613275372607809,3.396553760542435,3.3317387044191435,5.575699544680834,4.751622253381202,-4.999937675552836,-0.7610585335307815,6.051852259622642,5.167625017531008,-6.112913132658834,-7.1071696470264065,3.637194863377687,4.1168711484878475,5.357350373490578,-10.036751878540478,-0.53223531013199,-2.4037213762169247,0.4578697193746424,2.167759706551146,2.7628464391397993,-3.009805401311739,-1.5718886437074235,-8.00108195027154,3.7505302818623214,-1.1786677858144845,5.837226381914378,-4.735319441894118,1.2522864662361133,-7.339399334098798,-0.014692827990322555,-3.3715839923805073,-5.596016150416837,-3.6744451879928306,1.573030231093416,1.3363119567634776,-1.4431575803822292,0.5327763735043863,-3.557480966703913,3.671981081514651,11.830726639219689,-18.896702781517757
47,-2.9514572709528286,-3.861861611254631,-11.082659955264226,-4.691062025350175,5.414107456259957,-3.6158335958107477,-4.563834813190333,2.1025280809199813,4.0831889979843305,-0.6251208501468064,2.356201565573725,6.563649069971478,2.278484133664223,3.8528315955450636,-1.465039016651432,-6.340364084766376,4.643201125762628,2.774289004191929,1.0795915088829717,3.559523616535015,-1.4800595699178762,5.074055262147719,3.9345896803469427,-8.540915889883479,6.483695300307998,2.3535823629437296,-1.014321506414815,-2.701053733867402,1.2249195347142778,4.397692121219157,-0.12462439454150685,-5.542766048500032,0.4495467419337293,-9.106468497882029,2.6592510835368683,8.855878399019817,4.722985148513157,0.2468823619413699,-2.2734232869789497,4.993403688813225,-12.469124176881408,2.809613857435811,1.748300972616633,-2.4017897219255726,-1.4558007276713645
48,-4.317718778594445,-4.747210668371319,-9.890026696397097,-2.515600701675273,2.670808987857577,-5.299478938108354,-6.68145013024773,3.74612336312012,-2.016678512389153,1.7240327545982643,-2.414862336692787,8.646519249771831,0.06476087451374302,2.1375646212637593,-3.441845086956585,4.514100381044747,1.169808372908602,-2.182864404305839,-1.6797394900995342,1.7227485058888428,1.5088467642746801,2.4634133379295653,5.2199035603365544,-2.4250789633127576,-0.6525073269911009,0.8383825015950557,1.6838402391963894,-1.4118232567844344,-2.87953257466856,0.9365011832607628,-0.3103054437507632,-0.3386233495325572,-2.7086129876836336,0.9766404485537657,-1.5044926126129203,-0.6489720966203255,1.3942984712681852,2.868208396227639,0.13717607789759964,-2.3953488595121346,-6.783622070631232,-1.860663570989443,0.7560730196611946,-1.1592293497953219,-1.109642427491284
49,-4.091918321581055,-2.3239700463324198,-14.414850378902855,-4.341856844727315,2.130927427407581,-5.9339779226088085,-3.3802585567413495,1.0082856310177586,-0.5154974792757981,1.0892564585775524,0.9394562695355327,5.206595865305269,-0.3237755143011718,-1.1276840534577155,-2.164748678556268,3.5986157080292127,4.516193116877057,0.8138148340622801,0.8435653158241055,-0.1317156739005449,-0.0990542074352491,1.3387982105285061,0.9631658087209176,-3.3615028860847236,-2.609201141440462,-4.639497089520099,-1.961428027245598,-0.8113443288800207,-2.7933431573875107,3.0691739684696056,-2.9932010549571437,1.4095722872894656,-3.593874157301809,1.3152553916520207,-3.2928271741151844,-0.43842278235524273,-1.3970560346855403,3.8149907633840865,-0.3502750709769937,-1.445055408301191,-3.5582697867217274,0.5700697783277064,-0.5172861187102379,2.1277246420496025,-5.37906967386504
50,-2.9667509758987745,-6.810402385039839,7.378123566271646,-4.172692908684931,-1.502375699708613,2.1648666641638843,-0.14993555618739957,0.17767406620838855,7.148321171985696,-1.9962449041938644,-3.826244059415614,-5.6629767921405225,-0.10483846457846804,1.808436866639471,-5.947079939263772,-5.843100697717,2.4267498704669563,2.937349945342324,2.641298203866876,-0.9877263436409723,0.7778911101344392,5.035328180134037,1.4608087877625442,3.6450003275938485,-0.005636384208375858,5.873217805103975,0.3552054150932339,-2.578607524139771,2.2710573214444167,-1.9470037025613975,3.411775206486808,-2.7810227661785007,-1.0755664706010981,-6.935809851659529,-2.685893629775781,5.188553113419118,-2.629311644025946,3.133063081916908,-2.7344837330904723,0.42855066087914573,-1.9885639046671237,-0.6591677069526,3.0740172950988285,3.3326812538289743,1.6584439746042055
51,-4.015374689403448,-10.11840180671534,0.01625931274216532,-1.851956878778355,-2.9080021377357537,-0.4603670462616909,-4.356874932992484,-0.6827880939196,-0.8198719411942752,-8.072943420908377,-8.199561519505751,2.632971384820717,2.123637785358865,-1.530335262647073,-3.2912709641834432,0.7753904968964982,3.6555021145677595,-2.2492412842230096,-2.079778181812402,-0.944109216643671,-5.575837094542956,1.3215605488682942,-0.9913224209152924,2.7951553834853673,-4.083320337546877,-1.2092828731965723,-0.3896235165290409,-1.1615461532942752,-0.1892611690932285,7.515575088934347,1.3647573299542493,0.27920442746881385,1.0932741513093929,2.0667701615323923,0.9145608923735411,-0.24744233590424627,-2.4929827486121936,2.596798120058924,-3.5108637307233233,-3.5070310525114934,-1.0407185512731958,-0.05379737264123511,-2.01904003901303,-0.7519389573762749,-2.1147432324491686
52,3.6419214734874097,-20.17440819821799,12.062964830175508,15.508118067853413,13.970364511574818,17.692048224022443,-7.192100980004266,2.8436294179089012,11.942440002909983,0.04909346202794622,-7.176776125333674,-7.46240040354312,0.788683576621398,-1.2905853595690069,-0.7622362494589769,-5.46475381166423,9.415190567762403,6.874725356390698,10.984836058323591,4.152301914719815,33.010197846221565,1.5610672085823811,10.091939031218123,4.774584146665763,16.201381899487647,20.595078620203036,-7.240717660803125,-27.480122280123666,3.6858143994538817,14.904751796827753,2.9622636591237352,13.01943770599102,-28.600187107839552,25.34429679584564,-4.762518388303964,-16.888627723775862,-3.8836037000601134,-7.851611015433851,-4.878599027833529,7.402497563673535,-1.177959331179104,-2.936559295064368,-2.1825631554462173,-5.882094647303307,1.4377935827353239
53,-3.5534825865364996,7.029203767836641,-3.850803552894096,-10.734872386435327,-2.151652292702198,8.160107127365277,6.5248986448114685,-3.4230242879453248,0.5855569975258327,-7.885291782271178,6.969961659412699,-5.439573796657103,0.9003826101368277,-10.048286867016275,9.95168968769307,-4.051407749604119,3.034534045761065,-4.8865344670658,-3.9897375135326762,-1.8369962618901423,-2.0298821835026946,-1.5846965117457203,-10.921026117972994,-2.4631908547349615,-13.226151828179495,-14.073638396481035,-7.049723143739353,-8.490734194155385,6.941589861644165,0.9131278332070241,-20.012363554787083,8.446531171062446,-14.453964849473058,3.733928347117895,-21.62984528922222,11.799875723977502,-3.0989311721515405,6.521805349184339,-3.289476561668071,-10.926097308490794,-10.354412805396112,3.2607793212111464,-26.81970985979342,28.725578723047104,15.345526560930782
54,-3.524938376047306,-12.448380549602268,4.669633183459445,-0.003035756678611015,-4.08318922901978,-3.1883708982716787,-0.675468854020199,-1.9303843270302925,1.1379621543352587,-4.300375734609277,-3.5186120594883796,-0.41718351358649763,1.7048994281966545,0.5038498151525318,0.27140251847230923,-1.18730192405163,3.4574623402741373,0.3502140983434499,1.2083997007778564,0.41034935888522167,-4.925807994077462,0.318243979378655,0.747288863498176,-0.14436737248745207,-1.821943153643575,-2.354448823021695,-0.3770440529086774,0.32804406612205744,0.01713932689506176,7.487564636914218,3.29898064869803,1.9592193288137105,-1.5704714961906852,-0.11461609418390738,-0.7900576064742951,0.037345059499285974,-2.2201755829521406,1.0223929612253813,-3.335032400676384,-6.96054129468659,-0.19363986989974794,-2.5211100138888947,-3.1665319960586555,-0.6189926227014109,-3.732699184904886
55,-4.0275825635748035,-3.6685986677796407,-6.213075366899598,-6.723521450674717,-1.4637340910437655,-3.514974962307958,-5.414801022842448,3.5940445876559095,1.9790848941639234,-0.9428401646411874,-5.697650532390762,1.3830317110446444,-1.4607571705405455,-0.014383238294664674,-11.278780863538296,-2.4060986734390397,6.84063957356717,3.4366062850566723,1.5973307617650798,-1.8630752136364914,-0.6546795710281322,4.013600189962001,1.623585686959071,-0.4017957492970185,-2.1718817878322487,3.4767659008484495,2.6615957871749183,0.1345998132446944,0.04242199486689397,-1.2327247492863376,-2.304444246258257,2.885756295848955,-0.4352708290678864,-3.850871597194247,1.5431680095067917,6.058771747332846,-5.943677125180507,3.3765517801357996,-4.079802162355706,-1.0057741161575904,-3.390930828192092,-2.719311745707513,3.677473059600513,1.563433770786163,-2.378161481132233
56,6.729456025552939,-3.377129998341212,-26.07505951028357,22.20809777214737,38.24564412027763,12.70220677267883,-8.703847505840773,5.533379795241927,-13.718710601462684,28.318401337251622,40.656015838135495,-10.578333772988016,-26.107453402190526,-23.73455456671186,-4.967594404571492,-22.289932347650716,25.091636336666397,-36.35448880947879,-4.220539803881605,-11.906339560207465,-4.005641271301411,-3.7685046249770298,-6.81839287640887,7.956428694215245,0.19717364266999812,14.50109859572823,-4.509993151234856,6.360479341419687,-9.721339885657878,4.9574187850994385,6.851799371066831,4.894078134836988,1.5089883183326913,-5.9766354419353585,5.509278796247308,1.270974644585051,0.0369895718977188,1.209599912852017,1.7727144145091231,-5.04244817259702,0.3089469126138045,0.3683988919739073,0.493814325369939,-1.3772833680365058,1.3444725480620767
57,-3.3159469384219102,-3.0712300854591534,-8.031279265618398,-2.9236882479810924,-0.3443077732409438,-11.82517178333716,-5.713109681001768,-8.263217518990874,-4.222736131285693,6.448457824781438,3.8932378283758955,12.253141693091758,7.8198629776473725,4.646433539923587,1.7453396677865503,-1.155434591713155,10.577676723583915,6.20597324333476,-2.8888851844999226,-0.43875461339845967,-3.210208484740075,-3.5105077476509075,1.3368069121891126,-5.040149178014331,3.943532834591636,-0.4537013643705281,-7.007738926154282,2.8712494945733678,-1.9736706614420771,0.8544272178640394,-1.5283614316820433,1.74162317633598,-1.194647380028569,-1.7638486415500305,-4.92190916267087,-7.275836231754813,3.137559451059678,-3.0200655526104976,-4.2072372586014195,-8.033798128316201,6.893733626506248,4.8474946742733325,-1.4873779008461567,-3.588756924536609,9.497184357520567
58,-3.380627895077805,-9.786195185259007,11.629643733625468,-0.03444487663485185,-6.06135202880589,9.970801385084053,5.411063475626488,8.095533578330077,5.2849937390150465,-13.155671638748343,-13.70098705264137,-1.7701094105494075,-3.1813204339210155,-5.972068428921662,-12.57901283942794,7.094771702574463,5.086115245097081,7.313324059110368,-1.9575556665241245,-6.809451998217976,0.7718343106485541,4.615741951634573,-4.264236231633833,15.191912477729376,13.409487774014178,15.429420786143348,-0.7143140491340337,3.7144460996960333,-16.102550153247897,-7.097008110615445,13.208028278152499,-21.82906915049157,4.74899728400881,-8.023306262879641,-8.574178850806579,4.715232451380285,-10.067982365080208,-23.203338752939032,20.349562672711325,-25.505059502813715,-1.1004040723021435,5.548412301886665,-4.87007890458861,10.792445205029406,3.1596056207260927
59,1.6940300965139834,-20.78377139108988,3.5602290115624924,14.175924027291671,7.321910278283128,-0.006293073936923077,-2.6684664948403327,6.608120858452965,-5.646070277895134,-4.3912957375103465,-18.87939793667972,4.764734574032412,-11.626846972437871,-2.4156164540541294,-3.2936385998987694,-1.610927576009328,-0.1760953307981793,-7.305052889293537,-4.317006876062294,-3.924878828711044,-12.796501972987572,5.41828574611849,-3.198022608621354,-15.285654375953287,-6.237032006986856,-4.0605538239755425,6.940648426749609,-20.097504773674377,-5.196183644849583,29.146875623003098,4.342825943993431,6.976816727088875,37.43254965954872,5.368044929656681,-27.768196282485388,-0.9807118197482333,2.417439561922224,-8.475496127127313,3.94693015855244,13.632851044026676,17.355256284433185,-7.777581475420973,4.937413570238272,5.406372396398956,-1.1007347606149998
60,-2.478877499502801,-15.733988927940583,13.953060020840546,10.774470174987467,-8.584676935799248,-0.7425521599185454,4.574780248465013,-6.5920881930549005,-5.280839777433046,-2.9730390028627722,-4.0793072615525645,2.498807168028243,3.48383097690412,-6.105893908830204,-1.803899213498768,6.20353046510946,5.988511027648924,-3.574925060155152,-0.8214190277790998,1.2733658893060382,0.5443330878946654,-5.346534904198875,-5.236212001169544,3.971410113918431,-3.7853937779170463,-4.701363255046793,-3.3078578638413147,-0.06035284956319905,-15.282190355909064,-7.268388451860422,8.597624143570583,4.459554607532535,-2.809482543564309,10.266904068168952,-5.1006110138123315,-0.5333260258786678,1.915711463754445,-2.69196320318125,7.406476724360799,1.1531712390266777,5.249830888191038,26.15685464607514,-2.7250675181812896,-3.3040335074212948,-2.4399985247877587
61,-3.1252460691940818,-12.812807785020823,2.1965727702576316,2.3959688541158903,-3.2803592492770095,0.720345353567553,-5.318425289870494,-3.7013949828515984,-8.437809996704583,-5.021277403227366,-8.763910154546023,-3.4627573072229394,1.226863415235704,-4.279318950765698,0.2338243646803161,-3.936659103128029,8.565698134066459,-0.7544075781297584,3.6410407327333347,-2.2265878279922307,3.1441684812187662,-0.5097896117197767,-3.1247719153065243,-2.851868004033618,-4.662325961412752,-2.65343146461706,1.655561127764264,-4.574439125294819,-1.9927862399056229,-2.0269648424711963,0.07136838947738815,-2.629246354082743,-0.3376717668744289,3.1265289733450365,1.1789288676048992,-0.15887067518898695,0.5102692440962552,1.3096187134299762,-1.269379565017227,0.1317733719456378,-1.1739456464102374,9.19978888637761,2.7965865175232665,0.9520971510516707,-3.096589530297586
62,-4.055687097094154,21.97122762938531,4.380351033418952,-8.704347957239849,-0.11105056340858703,18.514566252207253,4.235663677639115,8.371215991024592,4.562087398335428,-5.928375653576053,-2.099621175564273,-0.06624007420839553,-1.3330099493350895,-5.567434731037454,-21.83546729752207,-15.292069641932228,-4.701044519580922,4.006131815434063,-0.47913002207046895,-8.33173197338483,-9.630307434932332,5.850628762894276,3.860365581450029,9.863975553785252,-23.61769388969714,13.463458668550986,8.743560244785886,-13.481778317184592,11.357653854284813,-9.99843659123039,-25.811464995856714,-10.510319251587424,-12.139281690948273,-16.954457705472016,-18.585206265922153,-2.848494705963941,-8.756066541287709,8.216742783004342,0.6172000501340914,-2.6674526278019344,21.913275690840983,5.126563041702001,2.871780826797132,-24.81963096364304,-2.195323774660193
63,-3.759250975171143,2.246384194193317,-11.800891316238333,-9.332608660961858,-1.132118411316187,14.088288998563737,0.06693014037260991,-2.7153875598551607,7.077160396732459,-17.93598959309107,3.2544853996921796,6.0722416419738,17.949846718772108,-11.538030590176623,-6.961713882579604,-2.10561489064717,9.090366198414742,1.680727534357301,-20.154425186956683,3.7525790260745127,-18.368916455317233,-0.46302138681227617,-15.22335839704114,14.940161321048988,1.4475566176096737,-8.879798001399323,-23.686819539485235,2.9048718118224914,22.044777510711597,25.83005718574612,5.144540609441912,-21.604316633095667,3.049579575533778,6.457251075061593,21.875607887536823,-15.044481341503225,-3.1233541865782417,-2.392056116142153,2.0689210917675975,9.906130337431396,3.792865342686178,-0.6069821430138062,-6.598812601732203,-2.616425819092572,8.022585884470747
64,-3.7748822983186714,18.300296150145783,5.575442440756429,4.671464149930754,-10.883735770756372,13.848164369052737,-0.808762462272824,-16.135658045372928,-14.709561231696828,-2.3687540893901664,3.431745494917984,3.668420588304759,-1.7688928792011314,-2.1946217138727717,-12.147381441766479,-5.002911399928722,7.276124641437224,-0.8112591806338222,4.548863763622407,2.5746634291164807,3.2318024131904757,1.731566754374811,-0.1204782408733227,-7.27976917267612,-6.098667341605539,0.46136853944324746,7.212580403500335,-2.7728443864892305,7.125746543051197,-6.888590627984508,-2.153643650200833,-13.335439484057371,0.25299574511941625,8.19477310037966,10.27205861329664,4.6367219962052,-5.208392841033257,-6.216471824100916,-10.672360329347491,13.364548599350709,1.1092327638638957,6.13951592383133,30.498234596407954,14.888365453039617,7.315375865197297
65,-3.0717769862003057,-30.02782345397748,29.14903207972879,30.792007945219993,-15.37546300290115,-30.49334474761494,58.12785646546528,56.15657062892586,-25.952277286246588,-22.942310911785473,36.8066332156895,7.079901048673352,13.580976762732067,5.637354324727716,-9.107068133793868,-2.512670177525879,1.976944471921033,1.1231600964091177,2.390955916809768,-3.8074157226181424,1.6710670940622026,3.788838917446466,-2.5381116488915927,-6.223136405886629,2.9555489529902252,1.0970904050067276,3.431636164887205,-3.919919244954269,6.654083642614987,0.1991569057043679,-0.9644424543208614,2.654114812106073,-1.658294958340071,1.6249643976534582,3.990962587812149,-0.8041599909034886,0.6685628712101992,0.5799292172105779,-1.1110756749548678,-0.9037439938447689,-2.570201392546348,-0.7279906056424541,2.341340674406692,0.7098231076376476,1.270966158173992
66,-4.6531016762599045,-4.1885021964758815,-7.026683353918126,-2.4339015199330643,1.1607240499739644,-11.803051512633479,-5.912129799310216,3.9358492672433956,3.3688293897645756,6.055005918367458,0.5483517641881316,10.93448935847891,2.154209866302151,5.182326416319112,-7.803023846795597,-4.0811148897027865,1.28253440252339,4.926464352017417,2.8024849806408185,-0.6018685316365444,-3.769083760187182,-0.12818895840224906,8.188207073673498,-3.125200759048864,-1.1402651349617678,8.444807955500826,-2.2283173940528815,-0.3074467785013673,-3.2721564539429187,1.3131489308797757,0.1384010337860841,-0.07103266179117161,1.596235857205504,-2.660923165878851,-1.9022245321344464,-0.7539395200915937,2.5464578954102954,-1.3502234019108195,-5.471609464193426,-6.341528837122889,-0.40401801803639614,-4.579028824857645,-8.617364181235198,-7.235100219230709,4.167436342660419
67,-1.3459604097220075,-5.205515828183003,-7.989696373902931,-4.057415644297598,-3.348747597745981,-10.599905103305327,-8.936728441234502,-8.011389236765021,-5.9638805985220955,-1.7012300429547047,1.0863549079714752,6.459214758764617,5.9155496195334925,-0.12226544432011932,-3.0505205698695868,-2.698045553610639,13.461440869945031,9.226805548444684,8.892710068272523,5.328156969948697,-1.2781615724367237,-1.0322714714018928,3.4923381562173716,-6.16344592461155,2.2223283528506315,11.175487311571061,-2.0306726164003015,4.486004085567792,11.199958646009462,-2.2068761820052365,2.150704066517798,9.20686490640608,3.023046183596731,2.40552640124908,10.610428833817215,12.547783035992236,-0.3006037619392053,-9.821170841189351,-17.955803099752472,-16.8993073089849,23.035561409768984,-3.887460271608717,-4.67474512167557,5.265003076738371,-2.368720320994094
68,-4.132253657526305,2.594008679328383,-8.078615941488447,-10.985893095678785,0.9887770573554486,-6.9666247073165755,-2.0788733560795207,5.960823783695829,6.417286785505551,5.531582263452058,10.999640743433199,-2.3527577258729617,2.801979745947085,3.087993227987839,-2.3645250856198365,-7.444448857797078,-5.153953863123027,-1.0214510359909172,0.8729479658625345,4.85726640683415,3.705175597359171,1.5625467077374875,4.2013336953828375,3.5631019337952763,3.7642320037015398,3.2660760389453674,4.555173289456993,-0.9856622071875686,-0.09688930693518795,-5.432391984198986,0.8273192239296032,-9.745976235696164,-1.171906883331662,-7.344758065301392,-5.622220192652947,4.1200059904134045,-0.21871462157307842,-3.793495197129466,0.39414512272949376,6.470121127259719,-3.823713025849579,-2.582707532055291,-0.8426811985094415,-1.7157015180409154,-1.479479103629868
69,-5.096747556638489,4.123016091472204,-14.306598302927595,-7.572098536928279,-3.246886047351732,0.6246031114632847,-5.7000699128448185,1.3304642072389028,-5.260721455014372,-2.4320838873200183,-0.022937575524656112,10.411758127356972,7.22975026241514,-1.4832211743816408,-10.417159539832744,3.300616988553534,4.308017764394449,4.73378625692504,-4.510783000164841,0.4109119318331193,-2.066633905765763,-2.7924839591607995,0.9378135268894155,7.163210437704324,5.289827616948153,-3.269254452679433,-7.931707929835342,1.9934306087944476,-4.649947906326327,-2.044691700063645,7.182820417817865,-3.0680581342771496,-4.960150879000529,1.1491424618169,-0.9431052242767628,1.6045081943909842,-9.792272120833792,-0.3325870216842947,1.1798795493592054,-0.4624664264726829,0.9149922092473706,-1.8516398210326566,9.680767432987611,-4.430481238362636,3.033864348316074
70,13.608182987754427,-23.025175553620965,7.697857921301985,30.81596154592304,35.27091665280143,46.57710522311072,-26.79644202594922,4.124084742702635,17.953214229688676,-7.579860517510315,27.949126119855976,-4.647120508591598,35.18522758246828,41.293626028745805,3.860988313140009,27.24532696264335,4.357613861139449,2.109479170632783,12.098756858976698,-15.73881928031603,-1.6037046445436247,-0.5095484030455056,-2.277302008403563,2.21974007813483,-13.343377469167983,-3.7211967088956377,4.330826744428452,3.406663318236728,-6.8291122471210715,-3.7607876973427734,-2.7909939764492364,0.27721085010754554,7.610368832823518,-2.9850838982607835,0.7079478958515157,3.2668828648614037,-1.2214215706459761,0.7058998735666535,0.1459111537054117,-0.10736170119595431,2.178904409480754,-3.4646721066172588,-0.5304623075806694,2.2960085581875003,-0.152327212357117
71,-3.5772212893970234,-11.467458837666285,7.504593042860562,2.408570743121567,-3.0846435421533123,9.350396383305911,-1.37941899289132,0.04821668364342982,-3.5053008957782428,-7.237065967005999,-3.927987664949346,-11.153430736774965,12.145392771888465,-8.536302026432503,-5.672852476892536,-25.259618619540593,3.338473255952631,-4.379622484537751,-0.34879595915864864,13.445625224475819,31.57648342512803,-22.455126031658626,-5.1862029348047916,10.554477595893971,-0.10804301672490316,-23.24444131644489,-19.709682040119997,-7.310700776751492,-4.843042914567024,-27.36153512897319,0.1257796063903466,-6.898508269278234,26.115575329928188,5.670486859914488,-6.400713083683974,-2.258234247888551,-4.693048113965515,10.777842758792989,-4.925383086982921,-5.952957102617917,-0.12773702711408447,-19.95219139067061,1.3843806938914764,-5.00050458873556,-2.6521967242462954
72,-3.307642573132015,23.656585604174143,25.341801305468035,13.971518117547756,-15.935557754105332,9.970284802441922,4.569183368840366,-34.10384296874502,-12.021560783046,3.547651103968758,11.721320603042324,21.197257398281817,-21.949165065053087,19.192987823537624,-18.438921324171655,-8.244550863814377,-6.452282957840967,15.156225285451377,-3.1820478139599144,-23.503456223274895,28.243831149333463,1.1659982994964775,-25.59388246265448,2.819013139099127,21.001296155286596,-9.850503430983663,9.442836060708183,17.11755148064123,-4.81466409618068,20.139843393692118,-11.616008324433343,-4.472469179475944,-1.4744075607106715,-1.0306871117468048,-4.238666241495085,4.283148651667456,2.018359333028339,7.960313163268259,-0.13747539941778075,0.4323686506789976,3.248848205850518,-3.7247746461737847,-4.89660908849689,-2.8525279565874526,-5.302675843741893
73,-4.026169014729538,-12.697769214538269,1.2250844541304768,0.7901495462933014,-4.177340836617756,-4.715052933824141,-8.00180236457432,-7.8467152649260585,-8.536567824393684,-1.3146814701840113,-5.802451876125869,3.502326628928067,6.063510521273663,-2.400866782187487,2.189905270559566,-4.571659039226267,6.22695803123155,3.0475029999457557,2.8802077041468146,-4.411139886315896,-1.1843742931936143,-0.026235984557176253,-3.910381687406141,-7.045728681374768,-1.7972730051866856,-1.6959192291779615,0.13415700449430093,-4.385310195938487,-2.4029793210493646,-5.121872789069059,2.927683157387455,-3.1020716730458706,-0.8626748670510511,0.6338517102494013,-0.44800819006604126,0.35402994347261874,2.803586973546295,1.3120563733941883,0.8572289601513382,-2.748438593706437,-4.350927351048483,10.548244204720078,2.8355639297155895,-1.643049901108858,3.6777656124963265
74,-3.7921394228760015,-10.552912905764794,4.530048769486655,-1.2491504744884832,-4.055880593799884,-4.746231222039628,-5.0734567108005475,-5.8513348325969465,-0.778742785114904,-0.6030769517751133,-4.552189747403556,0.8994077464348744,4.6871583701622095,-0.8474599024729633,0.60214597818027,-3.5511143308647513,3.9627804696682767,2.8919503568056877,2.7807901287527943,-3.3220011355730925,-3.176633638856484,1.1449232270333554,-0.7743223818138539,-2.8544494494374266,-2.4606605796708356,2.0087878155941232,3.7996537947295272,-0.638194422615153,0.6121971767310237,-0.02660343256635274,1.4404010254994313,0.6049330994073844,3.58685146936264,1.7603360445172083,2.7855119948499847,1.042186246050992,2.6443512640427143,1.198445708087433,-0.05095356187648886,-2.478543575091738,-4.892469680195305,3.0029132991074396,0.46656147120590874,-1.8715677293005546,-3.0285730291167585
75,-2.890727792748996,3.867784401377502,8.587312879015451,-9.30735617428372,-2.7589173743624027,0.9498265807640696,-0.05107389289955137,-13.774699193514703,4.062758257948827,3.0256094531424074,8.212127383425523,-11.674124820833429,3.6620440141074067,-1.6879882623875018,4.397742508270359,-13.332525012501954,4.210321642056405,7.4409699926682515,7.528607638107715,-4.851222209977854,3.315443842135341,4.865867181917599,-9.006183234481988,-11.223176060799462,4.02487037522894,-2.778812563998443,1.8044670463898091,-6.058866396345491,8.937422878214935,-10.372475570667916,8.06418324548983,-2.197183733230858,-0.27834485868735637,-7.030926270464098,-2.42329494970565,1.6018328601895537,5.1825074173175585,-2.9016253285826887,-2.3994687634453626,2.2480165183028187,3.6043582658259368,10.015692161975643,7.548905090804156,8.394938212942455,1.6039137773910077
76,-2.542514671489113,-7.708025274135902,-3.6878735437122896,1.7201012532255242,4.592690382346381,7.618780766015018,-6.799003389007751,-1.176234645778823,-1.6721571593031521,-7.996283762166113,2.3335556048020987,0.7539343646429916,9.81324752497572,4.555182256456231,-1.5663647190817056,-2.6112300145037706,0.14262932060569883,-5.204334462121797,-1.8178471560222242,5.263567761330902,-2.4753803122695617,-2.391899901117907,2.7576425167390424,2.1677702749253074,-2.6357787295011965,-3.681460015228496,-0.8343073841637386,3.917130999065754,7.533532052839166,10.410194630620714,2.0388731358670964,-5.214505036247826,-4.718162470815153,-0.6667163876393724,-3.8207638877740266,1.6667382419019785,-0.6958447392218641,-2.6811125912620692,-4.849535505465808,-1.037576262300885,-2.0036430103557867,10.059810892744304,3.8054939569218726,-1.4068497908650706,-2.3361576998603013
77,-2.7558733163245983,-8.448962066141124,17.40816796006334,2.4773019747519625,-12.350308767620854,0.5387285310032659,10.265724041582486,-8.113831514319523,9.314239400234543,9.255843390646938,1.1242705123160324,-6.466617406756912,13.156014131258695,-5.265844642215888,4.250492974933961,0.42971266398046704,-13.272691838855948,-10.306134657197703,-2.3657332743553376,-1.535485202649018,-8.460596589230267,-2.554667416938728,6.3097727281181,11.34787979260916,4.303941270327919,-4.586608534301946,-5.870058778977301,-6.251344818424057,-0.91461285587948,6.169054403723909,28.571175522966875,-2.456194459700006,-19.50038176739998,-1.044298692837982,-7.186319960624207,35.64364006994295,23.110598093675282,16.52602197408124,2.683074316675829,4.087462717873318,15.903579869878694,-13.369327608348597,5.806168171209458,-4.0782312062602015,0.9634979284435824
78,-2.6367907603407668,-26.493727806422232,28.35995932530873,21.60033365344213,-9.673010672661112,-13.120684494299907,9.164213156741877,-5.833874632447451,25.044681999036754,47.88545028961445,-15.054622565553368,33.11603289792544,25.96975087149596,-14.623915541460901,2.5672675716412514,-1.3232621118431933,-18.972296516868877,-29.21340176218027,9.661357987330556,-12.571853130316141,4.119788464602897,11.544653249731734,1.4157561159558338,-1.8243992948123298,-1.0015751469925225,1.2126057372129124,-15.816562034165708,9.157185013277394,3.944386641694079,-3.6314711373332678,-18.085317626157778,-2.111380194933286,2.826928088851152,0.14394836226244495,4.149119972463092,-2.2983780211441673,-11.827698207807227,-5.49854184770125,0.8578358041274484,3.323719110360772,0.9663896818297177,1.5980216101206866,2.0625562084751543,5.9403109312026485,0.8608814146063721
79,-4.420382189970981,1.0077620342021012,-3.377968890436728,-5.490097717390205,-1.1027746507743394,0.7705025776620997,1.1005368008342795,-8.076073441266402,-2.638893818009675,-2.891643906776723,3.5750742936995676,1.9439092567088971,3.933602564798931,0.8617721106100926,6.909870514021774,-0.0584475093076498,1.042609333547693,1.633775001361501,-5.777550597585145,-1.3262718865603227,-0.25092120417772423,-0.11781952961413877,0.2857096592028483,-3.3664192308705654,2.849611492805545,-1.2799588253066658,-3.733837568547492,-4.2880503809886426,-1.9817816581562093,2.011034290335437,0.8757065335802504,-1.8597441432547355,-3.4071610405855357,-4.636780373180703,-3.4941129881443196,1.8892290796286015,2.833560562064686,2.829946006674619,-1.11618160621767,4.162663348591564,-4.960310560648497,7.985351535296459,4.515148463136165,-1.8951521146862302,3.7346178331548834
80,-1.5901355835203308,1.29313786012762,4.199561389585933,-8.800049401976805,-3.92430244843207,-0.27491212539330423,0.713503969682937,-15.881604687675965,13.451822048601505,-7.961309019349242,8.88250075904113,-2.1844563613362697,4.512295340652929,-7.58586842415128,8.004652956371483,-10.711615467408325,4.307362328124957,7.572473969876475,13.47566483949152,-3.3031685279330687,-3.7205087034004602,4.181458698251122,-10.480797540015718,-5.768767765386189,7.894352805687705,14.901671668580079,0.6267739479772808,-6.411423699581239,18.764245382187944,-5.544519345524983,-0.31930925605166743,3.971993919221319,17.782229735265485,5.343433423090938,9.772569497575994,18.85029869574479,4.3358570202895,-4.925772076304332,12.785963599496618,8.875882885553295,-11.622154312687798,5.161174511291037,-18.816317727083664,-12.032958835567355,-21.74566049976686
81,-4.153215836889179,-0.7600595272233348,7.180895952134216,-8.506543351035502,-4.506758735270282,-2.303844373188109,5.3912734619527996,4.113850501044775,15.263642267110079,5.158215937563501,-1.421664011555684,-9.872194919177838,-4.351410379897683,2.111491580288377,-13.822084518274474,-1.2532607400206563,-4.689074675279672,-0.5515516429804872,-8.840921334406305,2.725700993964375,-8.197031153692464,10.61596015680523,-6.9014533319559455,32.70188634553114,-5.831430442035511,-0.021324664987113807,11.217865732727146,-7.27666669391428,-16.23036736043154,-4.944806987360452,-20.299880222464722,5.582946553394338,7.721802802557589,9.917552334389825,15.41448971932233,-8.553580616402312,38.14029574148822,-6.422130085979242,-19.979958175106916,0.93427838541961,-0.6937831351105124,2.890631649774656,-2.4690401238831776,7.765722677503127,-2.6114634849739233
82,0.5246545587962498,27.299214158322904,31.967722103794195,19.942055185670075,-16.257144286823415,24.262431318232636,19.14499154910071,-33.95833068375099,3.3534619281481195,-6.48154702371121,17.258169869900755,7.266733713532589,-16.89541381825726,-6.291388004681692,-21.319021595345667,23.173152677165344,1.7478674424235745,-14.301540371298222,25.942121474074117,47.17791495566457,-11.992746094000147,0.5884904612671849,11.217201031009099,-9.001407788954886,-3.3814614674209187,2.6162104330123395,-6.406816790392713,-4.723346472326366,-6.116571132264533,2.6360020709587815,-0.0963761519729428,-0.8289094244344434,2.7261390036774693,-7.4136093427967875,1.1784776102840424,-5.913560457958097,-1.0091851079204848,2.7799461865193824,0.4254991546401471,-2.849820081026196,-4.791984931180078,-3.584275953766881,-5.92669322867929,0.5366268774993757,-0.8474286090004427
83,-0.23450375521427907,9.61622350154452,1.8403035307392386,-12.065774116440423,-5.101048305524613,14.451091447231432,13.087191276756185,-8.772933682270642,15.76136672503572,-11.077409953331484,9.76853799447643,1.3832184722764695,2.5966732962065295,-8.57200581926275,12.801920900140054,4.817804905633367,5.64414307157958,1.043409909259898,-17.801682045848853,3.4050891796891416,-0.27532891631837164,2.4288539829369005,-9.464725778965677,-2.930147831578306,1.384206702169426,-4.700759941150247,-9.978639107733672,4.693458598584201,7.883104130716772,-2.644558316135634,-15.940816354413545,35.542511911075515,1.7453953571844067,-2.438623502475311,-5.424730504286644,3.5499586962767657,8.360785319527098,-19.048077684769478,16.2730988162711,-13.047464614470003,-8.67988093760798,-6.21563830456089,27.081486493920995,-14.729331525833103,-0.8752617357989283
84,-0.5556341652619645,-5.741971543425079,-5.336559921711723,-2.877811365545359,11.843796298490883,4.746766460117757,7.697030518576346,7.452752431543641,43.812983160245984,-39.400031647407694,3.6637614595622456,47.65867193067554,-31.872615947035886,3.3571238144663553,33.764880010091325,-16.710458218490828,1.1483675502448591,-11.794337036938469,4.383429048569313,-1.0361473479407777,1.9537804857236796,-11.782525871093176,6.292601102156208,1.3365043276584232,-2.3102380052895244,-1.6405072516604613,11.360234029672942,5.49483217406227,-3.8745456531245708,-10.17334330563779,6.096563439399487,-6.297380298521285,-3.3884869261461272,4.907093513398063,4.129253461584088,-2.327775874804589,1.5790890504959976,2.10994486296742,-4.011216120157466,2.1163380539497596,9.495478007364342,0.8410154731364637,1.9279999452707364,3.85257881758133,2.9809876916863587
85,-3.897675917292491,-9.711449523934737,4.241964235183115,0.4256592652281384,-5.384407071581746,-2.596094115880056,-4.229767952211366,-8.014052996197654,-3.462093751192996,-2.0897872900217247,-4.954871763335302,-3.4858629460834,2.439435923710786,-2.788424335861269,0.6486333738146246,-4.406235221617193,6.243677615056859,-0.2718425608183453,2.7253124738940455,-4.5778970639486785,-4.943363293139602,2.4615285609572455,-4.850090529053207,-5.6934087484281735,-5.235224801254059,-0.8454300708070221,3.8973015607927732,-4.540536312960283,-2.824863854964806,-2.352248192577014,1.1456359278594144,-0.12159632138327948,4.6251102634201615,6.1465341932983915,0.6074926006023148,0.523626058796129,-0.02042883590726163,-0.7026625219700744,-2.203315267587462,0.5369044204699733,-2.3763622217945133,4.878431049726027,0.22801907822951803,0.4018300192211019,-2.739256133408135
86,-0.44227673278216234,-14.243349654582707,25.592039194778312,3.550287359601947,-8.119718531554605,-16.57627643072056,20.521658429837426,6.4961157494921276,34.034709556344126,35.135011930559045,-7.696967416016917,-22.687189823357254,-16.78471208709277,21.21634295866594,-0.9479643045640761,7.4152595330607545,44.22382932029519,8.460574782639673,-12.9587885585992,6.808985129391736,-8.977624733459503,-25.728533534938116,4.086804137001712,-6.536291073159858,-1.2665764658277205,-13.54721214701869,8.585413409774358,11.28280111244854,8.26878469699914,0.770801636442779,-5.703715275739188,-10.575569854900083,-3.440089153853661,6.057738799617246,-4.262542347793944,1.2822204547628442,-6.397712800019937,-0.6058301307557719,0.847557656754873,4.055342343919211,1.0575550490788779,0.7722296058535774,-0.4376135054462046,-6.218570256287048,-0.6808475726885903
87,-3.4279282889299925,-13.331384804584218,6.73235810850872,1.8494345272712187,-4.590614197679875,2.1665233501744416,0.9906653776973049,1.6427483283499815,10.411631949697618,1.6654995889883044,-8.697555362301769,6.210029172589909,3.3128491129928297,-6.455145743169615,-9.836853100180123,5.67695294635119,2.257306473297804,2.4129745247939716,-6.073187161106475,0.8173614057376556,0.0037876022718682026,0.07009966688828509,0.3358442770047322,11.875986435795358,4.450663342706011,5.631069464280505,0.3677103488049317,-0.1039174552084821,-9.12380465842258,-0.5651556211596113,6.882438361799951,0.11864533850746246,-2.9171585061013627,0.1954750448184029,0.6277735977383434,7.1863677248883855,3.9769912998659427,-1.698133510551443,1.4902579314290125,-1.250033666628434,-5.457600715970827,0.3624183190826523,0.28941340753743183,2.5366022622933473,-5.350789175655002
88,-2.413128415750425,-13.288086184346893,3.9968186340326994,1.3297122542139224,-0.1319662406961248,1.8909795507480143,-5.73914891959265,0.8085122743335529,2.9338743817678608,-4.731901563331007,-11.8029476177466,0.36467577236195664,-0.993126795557062,0.04929275483682233,-3.6385593118530757,-3.4850706268990232,2.4238126933835127,0.18711521289556532,1.114188660735761,-2.156595692957733,1.9539782350141475,-0.46905655425953247,-1.2184997291024013,-1.9074316467174,0.8646044672848926,3.860992842795323,2.5507347261379754,-5.42052495415559,-2.020022857142275,-2.174333251452819,-0.7285659068079815,-0.2089966337322771,1.590660863236117,-1.6007438461058296,2.6853594148906517,4.365165638140164,1.3948736466280218,1.6744647537333368,1.7666311646462118,2.948635197584537,-8.636658739884266,4.894669194624297,-0.30246625478386097,-0.39116296764586816,4.246061717067489
89,-3.2156674709205086,20.187522931013902,12.843534515813158,-7.576082033214318,-11.486856124239527,33.71951658769904,14.341937377262491,-5.637500505261358,9.2611240899402,-2.9981188236900893,2.1258310086444863,-11.48037704062558,28.07744266550103,-24.999172972765855,-1.0961147304741115,-9.261994569098077,-5.996887928806245,-2.6618506617925592,-34.77247765268281,-6.114808248723782,4.734107522454679,-3.453910696379862,17.99450814747804,-31.52531925963659,2.394988904010419,12.44536966475508,30.473309031737855,13.438895569619769,-14.637954161664736,0.9969170629023765,5.746165896738674,0.11238494824945275,2.1768986791741725,5.708628199357813,5.79511940125053,-8.263553711525962,-2.050390291863585,5.048572786803115,-4.523182911289785,-0.23079484238142858,-1.3374284900183362,-6.086171975451066,-9.063518165418856,0.9064116164693846,1.5775833802022474
90,-3.6387251131237974,8.560904202726803,-19.23343198800579,-9.69510124869891,1.787463103907323,-1.6833726472862427,-0.7954262879986668,7.727212449558537,4.6758814363209105,2.009524399738309,6.350037810325769,-2.4559250905997003,2.3670129177228656,-6.200497350258329,-4.5239368667274205,4.462099172049744,1.9609116496669472,3.652605562752893,2.733638949641005,0.9799938943860613,3.7038067959659964,-1.1970338818576471,-2.8168446772156557,-6.835267761775225,-2.5276328390672407,0.11870339770162217,-3.6281175866318125,3.5564882979418537,3.811042658872999,2.004012761575987,-2.745156110940842,1.388712103168337,-7.930998793314008,-2.967315523300693,-5.971336056037795,5.195946650853236,-4.692269890987091,2.150461152235424,-3.2123818739245693,11.466319014830079,3.6553221834446723,-0.6048683394753387,0.23481591373624572,14.58838893274673,-22.95100289927291
91,-6.405960642508166,50.20464377762423,-12.069840822886059,-13.856377994622175,-15.83358303155117,51.61345999699232,23.85652243374604,35.05735762132173,-27.121459060919072,29.561807632643543,-27.25007052056374,16.25851309717719,8.659183755095974,25.44770428383531,26.38514819557231,-16.622544097009264,11.674767967040525,-0.7394421422224902,11.791737072087546,13.495416756668812,-8.852906868223165,1.4701858544515338,-13.454664194313908,2.6188939599711616,4.5874302142500945,6.240878077459008,-1.4030608983855963,-2.503317716811154,-7.904928303497045,1.5875624847256513,2.3850247524065624,3.02275334035259,0.7559514484506731,0.6060247303246676,3.5635435786971534,1.9219431328041,2.260962701286893,1.7045608074143923,1.6904900963991487,-0.04512365671396627,-1.08182047352206,0.07260160098829449,-2.9244110075806486,-0.5472909335433095,-2.0738417487235887
92,266.4035390659468,5.056408021224446,-1.425146105823832,-7.0727620382618515,-7.439572509025591,-4.7151658427109036,0.39226208630659104,0.7081065862798348,-1.9586979948089185,-0.4269317366145137,-2.3816548462263842,0.9300381327167301,0.24183950426717934,-0.2750248320071398,-0.9518407214215059,-0.8003948616597811,-1.284416785332462,-0.322430273701199,-0.540441176241844,-0.12216182952413888,-0.07045203147734305,-0.1321464984932247,0.11245384896004527,0.43365433803229664,0.14244611849452538,-0.42488527752695554,-0.13097956516430045,0.1550125427096591,-0.19856587188598626,-0.48231205043378,0.27272324900413436,-0.6275937492548262,-0.5678261320306917,0.008019853828513529,0.06931168150518072,-0.40103010739092754,-0.20786207560618108,0.3661116160275482,-0.1418175410928837,0.07457949587342945,-0.6651550438134589,0.1492019498026501,-0.11789871116110284,-0.013526230199451178,0.08006108882937321
