,input_1,block1_conv1,block1_conv2,block1_pool,block2_conv1,block2_conv2,block2_pool,block3_conv1,block3_conv2,block3_conv3,block3_pool,block4_conv1,block4_conv2,block4_conv3,block4_pool,block5_conv1,block5_conv2,block5_conv3,block5_pool,flatten,fc1,fc2
0,1.6958329059935946,1.049555401533535,1.0569337574246291,1.0334081828771227,0.5327130120658078,0.4542443148944435,0.25065366503204456,-0.5108285281849039,-0.2645172559504786,-0.319376641013972,-0.544557316627053,-0.2854230979286842,-0.4804102206200548,-0.017971787582239454,-0.17753507113753322,-0.2647146704009721,-0.09693504391740136,0.1100947494477909,-0.08981752653279737,-0.04172844265828681,-0.6274265652234113,-0.8468631901791918
1,0.3546246205918285,0.4494005582902522,-0.21991172813024443,0.017303871146404633,-0.5417289187615456,-0.0015659062988547783,-0.28762559674377725,-0.33253386658506495,-0.28810232811099823,-0.3697113152672383,-0.4228196744719603,-0.2198950248804179,-0.008386988742132392,-0.8204959414982333,-0.8526949784008767,-0.557692735275718,-0.3640562782515558,-1.2645506335776437,-1.1247241882290542,-1.3489262158518796,-0.37878514670835917,-0.756965027266187
2,-1.175178737483597,-1.6013623564230186,-0.8640108832038059,-1.5817834757255484,-0.7678694001115451,-0.9195449540143711,-1.1529662149367168,-0.848704003992766,-0.4586279016522175,-0.8523006810778371,-0.7003986180308132,-0.682545511140809,-0.4121376552917673,-0.19459185995070194,-0.44072083234808224,-0.9376794471010349,0.16281022906162823,-0.34374776957267267,-0.2499528696894737,-0.17414621778559491,0.002365362389366955,0.07403341653089554
3,-1.0198342265224953,-1.3391013266854686,-1.3596914903248252,-1.3967973211637223,-0.472844036696194,-0.9241603268606352,-1.128397518704205,-0.9547319910027748,-0.987473744612985,-0.9392364947712974,-1.17144349164464,-1.3787094229508772,-1.2714735206121772,-0.6955022475956062,-0.7692239319330382,-0.7713722191330241,-0.7238441339174241,-0.914642662167548,-1.2713017757207863,-1.1777818336082968,-0.8790971505545889,-0.930735191662984
4,1.8594958588335906,1.2133747891719704,1.2224324071511519,1.0505827482949788,0.7383074658386507,0.65364290828211,0.7388714901129823,0.42852615975035036,0.45880572630016847,0.019848503032679057,-0.19122703367890956,0.49945428909752343,0.5573782748994732,0.30875543217648505,0.12192596759536153,0.4976192229278954,0.49621883962104146,0.08178892440157469,-0.16256426176346833,-0.1923837449747308,-0.5325344888241619,-0.3150720463070064
5,-0.05126819786786618,0.7721277625192539,0.16950719652313087,0.13651329290198555,-0.05878095188878221,0.15785052007356432,-0.0550286319221405,-0.25931279874596297,-0.2510746414583173,-0.058116824153849354,-0.09571712431757388,0.025172274414807048,0.06414952548456597,0.3314126044528517,0.22919938703843237,0.252036220841182,0.2714581015025421,0.8877774745811863,0.7231096666310287,0.8449805065046787,-0.0753979007005809,0.265289029465155
6,0.3884892525786289,0.29962419849162936,0.09539952681071466,0.3463034881196861,-0.11498200742853577,0.11406628105850852,0.022849884874397455,-0.11236861463515659,-0.024039755690925153,0.21547608450956993,0.17003369944603364,0.38554395989961093,0.33636913294967835,0.49638879286521675,0.2747843748061695,0.34842968517280065,0.09610459438744474,0.7543785456166727,0.6221944211684234,0.6211462655416305,0.4196631832228399,0.684689154413091
7,1.566398508466267,0.5282265858628926,0.4531719574781258,0.7115828229278415,0.12069269679112789,0.33623409379329755,0.29251794653083735,0.3924307039168019,0.019476031577580648,0.01676003727484008,-0.2668384306357037,0.6343901353983461,0.18524780274545138,0.016813274513025393,-0.2659484431311172,0.2246838142725937,0.22090237307704805,0.5082373609037609,0.5128252399004606,0.45033378866238055,-0.0948875213991504,0.03735669659569074
8,-1.5204134876003483,0.9506625999045861,1.0905469203128544,0.9897057756352348,1.2996782125786315,1.4429302599841791,1.4122482092109618,1.2787789091361772,1.3326721894511615,1.4562121391277636,1.471319178047109,1.2693157691541228,1.407640116285693,1.5168822854357318,1.5673603886794747,0.8250884816596076,1.1208300173726498,-0.10979782052127075,-1.038869415921712,-0.6557991712807553,-0.22865597325915096,-0.800329253246311
9,-0.6211908863052636,-1.4356825364899495,-1.158016924143728,-1.2460908812719544,-0.7794730999715649,-1.0077512933079444,-1.29372913168332,-1.2521306957674292,-1.0316340568243942,-0.9893293947186764,-1.0069199008884075,-1.170386715256098,-0.9542477378107715,-0.8182262972233936,-0.6508065679445071,-1.0628585667032655,-0.6865532431116572,0.6188076338055238,0.32487500466387353,0.38588523190943247,0.021279930721612716,0.4282179568777048
10,-0.24489546574858803,-0.06363741886106192,0.06157171210833838,0.18955700643103018,-0.159890178322856,-0.38612614075541024,-0.7025834782534178,-0.737528072167485,-0.8168062081046447,-0.5760164922587059,-0.49260013488600896,-0.8607330687824409,-0.5973355765522995,-0.7012968594107877,-0.29881741765475045,-0.73265069778524,-0.5564377419574275,-0.8197355771800409,-0.6052446387584517,-0.47985344134206187,0.3538268931614924,0.2952452020097761
11,0.004412156406057716,-0.7923762877691037,-0.5989026632519704,-0.7096117269221895,-0.6796954257555632,-0.841215679247359,-0.5539751267893311,-0.5127377308506731,-0.6354785990286003,-0.8841602284135102,-1.0762960523205365,-1.2224651125999573,-1.1094087859346877,-1.18849305933954,-1.1079773059217148,-0.6464583661999838,-0.6153110079693399,0.4284002835990804,0.534126743247255,0.5924848242633609,-0.30048756535589527,-0.2301353648029259
12,-0.40630921514347906,0.04848541509832459,0.07492719299126732,-0.11938458204066871,0.2312043760849525,-0.416844141898365,-0.11538589097658908,0.03843497962007056,-0.16000123151746126,-0.939708374680926,-0.7678654779892974,-0.9114052940443323,-0.5061280225790408,-0.6570998498935708,-0.4975894217736001,-0.49242937097115885,-0.5814719303994016,-0.5531607179425251,-0.5064377520138525,-0.6714756855055566,-0.6225662120076368,-0.8153779364589875
13,-0.27959785511014035,0.30930492797817005,0.2227500487485744,0.5912594511565694,-0.2300208918436532,-0.1979059387127275,-0.5507501227281406,-0.4267637702142,-0.25311922971998035,-0.3421659261000794,-0.368234629856123,-0.06422766303894266,-0.062042809344270235,0.012798801294617058,-0.07036379970728267,-0.5073819900770788,-0.41117583564727755,0.30734519395431864,0.10887415760121062,0.009803937239165623,-0.4430884333474685,-0.013375326811423373
14,0.1950029960649858,0.4003369909983773,0.021396237410818465,-0.26368244328273654,-0.4727778497994334,0.045109958731012464,-0.15990571361489736,-0.33478668983495635,-0.16515822161983357,0.3349648018120446,0.3512391744062922,0.5634326625897983,0.5191219991543043,0.29498873978160317,-0.31588837910542283,-0.637830313810227,-0.6489348882452454,-1.414897153549481,-1.3200362454519927,-1.414476120763391,-1.1038507616496622,-1.1000769673093758
15,1.0970870957814776,-0.3334711216082192,-0.4164470868550437,-0.3223411157256943,-0.8647309662484475,-0.6065931511116177,-0.6138500260641844,-0.7908440027123637,-0.3610517162827057,-0.5545164213048684,-0.5955158665711453,-0.3023647282680136,-0.28190661394387606,-0.10989930929072307,-0.2629326865408147,-0.40751164966792247,-0.07732671030830665,1.5433006743918714,1.6324612631658375,1.6910562334105537,0.01958995672355653,0.6931285948974009
16,-0.1589307831377249,-1.248619987488621,-0.8815848524361518,-1.1014017947848858,-0.8998692658601655,-0.8741036712343894,-1.1007497141856535,-1.0392257126298983,-0.9332053150054969,-1.0408546487553136,-0.9134148988252109,-0.9504445456457848,-0.7924850352762873,-0.7872004798214827,-0.5209152404665063,-1.0659076839990893,-0.8660509020460451,-0.0738799789741577,0.07349495333682221,0.08129122988638814,0.3972433288481454,0.8532185769901129
17,-0.9843682982847274,-1.6043132761302867,-1.4729185641619824,-1.3516266614442536,-0.9737975281770842,-0.8780813636977123,-1.1028204801604473,-0.989396402201387,-0.9331686503696006,-1.0122200373312042,-0.617451283155288,-0.6864528096743053,-0.8290079583726775,-0.9075921387899119,-0.5559725319424373,-1.0078551575740773,-0.7901317849531297,-0.7733072857774443,-0.7377311135423803,-0.557400045662024,-0.11664058212996126,0.16172044299417548
18,-0.30032776303337605,-0.38840471118711795,-0.6146112434090734,-0.6264611876614846,-0.2422470875971928,-1.1361160297492592,-0.2932810270902295,-0.2729200411494961,-0.326913887234792,-0.43485059224746364,-0.7931575792804653,-0.6760532434540183,-0.785850479214229,-0.7646999032222507,-0.7382552256047209,-0.056785113348098194,-0.580622078796655,-1.2419372258012245,-1.1105266087233336,-1.394635164104982,-0.9006875178395797,-0.6066634436000256
19,-0.9054795792639431,0.9151228631316733,0.7898489251333797,0.4948783577842378,1.0149618849896456,1.104386159068954,0.20063876514277204,0.7644734416221907,0.8068223492067926,1.1576980364061698,1.1401237130131328,0.6077571062311673,1.2297681631921762,1.410378998259337,1.3416073314596695,1.54709726872534,1.4472149406648844,-1.0323160065145554,-0.7723338524513984,-1.415439604370162,0.5946533036867997,0.8135018787518827
20,1.5685366707035162,-0.5173582175200871,-0.0059405306959657575,0.07903242778898621,-0.0038029181506597717,-0.3245012558490363,-0.22641832150877395,-0.293604508450903,-0.6792155845061695,-0.9151175350018762,-0.5864139779996761,-0.5878677930426254,-0.7857595740403551,-0.9808745625533111,-0.8384799157860443,-0.5745765810259761,-0.5654873930537856,0.9994661357248883,1.0881041767722213,1.0192563990923658,1.2347847156526264,0.8975638301244379
21,0.7050036847734952,0.8447214875317822,0.24409808159174057,0.6194116601874929,-0.13355844485943985,0.163177550689747,0.16949422388811597,0.2780638921402844,0.32317554214379474,0.7119504759541601,0.7482584493927122,0.6435280455653646,0.6532996454269773,0.8543452625156309,0.6638015617929309,0.6268826799569485,0.644100700491541,0.32189737802966295,0.33312760339046554,0.27686167475415197,0.16141688816346214,0.12433889900971078
22,-1.5868139081275008,0.9748224017986222,1.1407752313235378,1.0306916445993548,1.3499371939956863,1.4893500121374552,1.484630759012015,1.334094595568416,1.4134359142502797,1.5956171502723264,1.5365664475601033,1.3388673408366123,1.4450220564399245,1.143429692573963,1.5450232566762845,1.2274201662265403,-0.20886971893001993,-1.4995451755514015,-1.235665399376127,-1.421198730042219,-0.7842868848719282,-0.6191600327620254
23,0.9766076899091991,0.19767386529201644,0.6902686924323037,0.48696002213089706,-0.2293531739762593,0.20898519294995985,-0.21731285781983076,-0.3060330189033359,-0.26040195840530683,-0.40820205387272185,-0.7347364760473108,-0.7107269846350466,-0.7502924354459926,-0.9817752646252256,-0.9170122420067006,-0.843740512316089,-0.6242286613083484,-1.4995052142138643,-1.1586664790588934,-1.3961902480699249,-0.388492319388182,-1.0617621440803509
24,-0.5366336262385987,-1.4616477063297824,-0.6515133402695051,-1.2956091329362867,-0.8513632641685083,-0.7848326291794908,-1.0998389309311238,-0.9596533529636554,-0.9312632054646236,-1.067773109447101,-0.978214283453781,-0.8953500575791417,-0.7935914625259336,-0.49283463421705304,-0.5007868812217036,-0.6822414469362417,-0.5802945648696899,-0.7166927838508756,-0.8122182278956117,-1.0053813100668738,0.17653431456188143,-0.49415511542340373
25,-0.4622581489973966,-0.1184983345084952,-0.40890686633062434,-0.12887055855232474,-0.5821835937940749,-0.7107235386570773,-0.31841578897494094,-0.5116271692104785,-0.45316363981266383,-0.26393445360765166,-0.5069618885195682,-0.23701325060701306,-0.4485225049917653,-0.5435535880026108,-0.2519342150310392,-0.3277763641454017,-0.31001461709518596,0.5313328511805249,0.37502872668108783,0.5392999638988257,-0.6232822108442797,-0.6089077428038299
26,-0.3265580059221983,0.3974563492506733,0.48355957532353777,0.15521656662935548,0.3651419389021533,-0.5113062547887658,0.06555072002136766,0.0803865741228837,0.12423756301548805,-0.9312202612172001,-0.8431211491864197,-0.6635200489425099,-0.7200384690773486,-0.7054912573178221,-0.845990516136072,-0.6360585580526282,-0.6993841692056391,0.20258254889976707,-0.02280312238919979,0.03869034856658849,-0.7735736510475847,-0.6211232286895224
27,-1.0854454904100537,-0.1729530320275147,-0.39429319864765183,-0.3681574372031552,-0.8997677805186157,-0.831857878352915,-0.7423058368706418,-0.6588900023972509,-0.4223680400278699,-0.789327032760787,-0.7397390032467587,-0.25952719941529934,-0.6016554696728331,-0.8049264018795486,-0.7389781531170854,-0.4566399607563189,-0.4901308177231318,-0.9256650505462178,-0.5376945113335586,-0.5466007600928346,0.724538577548778,0.2935862187941262
28,0.4139042801082924,-0.41328428624112695,-0.2569513284113062,-0.2263788899610494,-0.4790393022574523,-0.48484985448142354,-0.539586943815779,-0.45537753467895115,-0.149690004560143,-0.3743329166148127,-0.12754276293060338,-0.16746789345925883,-0.1012340201191577,-0.09371914749721666,-0.00033926474389363016,-0.6147605941120854,0.04980128988331508,1.2993452780952401,1.3045729337237009,1.2494288847473651,0.18382483574211345,0.9004631362698329
29,-0.5404751520276546,-1.6008811031312384,-1.55003311090786,-1.6792737571408662,-0.925700410848346,-1.0099594384582902,-1.0781417417776162,-1.0750493162428794,-0.9831951735892334,-1.0102716368616704,-0.5518512057484906,-0.9093680511282844,-0.23850914300559214,-0.07300150198335373,-0.4406409597847082,-0.9398417786851041,-0.3559505572205795,0.16810958953999064,-0.050668656485999546,0.0725602496572187,0.1072852740952414,-0.18532824454794744
30,-0.5696267139576545,-0.7689948841056936,-0.8420841425745154,-0.3629329971604972,-1.0159947186283274,-0.929171728092326,-0.6789152438786394,-0.8124258936368028,-0.7508951898280091,-0.5211041142016651,-0.493654016404743,-0.38035647934658195,-0.6368256541262666,-0.5124726557279918,-0.251301671373582,-0.12420834467470203,-0.4033383297003344,-0.8119047827226176,-0.29756432857830695,-0.3343696512975039,-0.40653582904908947,-0.5549930950833261
31,1.6441525073586822,0.9664910755431804,0.6676471902123867,0.6412559349736466,0.7381884115805727,0.8956548848635109,0.9446934234693436,1.1069511902381826,0.9191400482325467,0.6053148257247499,0.6901892956651584,1.2507226642420515,0.9536087346241915,0.60208113499109,-0.017659862764122687,0.3538103015668619,-0.03319691898190277,-0.9972707649865542,-1.1657108744106919,-1.2275209004561345,-0.7865595344606039,-0.731968021223084
32,-1.325288883371504,-0.3630383471107124,-0.6971894928075001,-0.001307990192061284,-0.9891930566950451,0.7029455117038291,-0.16488387065726381,0.2580570735118916,-0.03666240585544139,1.1597094285261151,1.3284893453295092,0.936407420155589,1.2728963138237186,1.555083112327686,1.6082715415133055,1.5087218864086587,1.5603162682463663,0.9728453511870017,1.016287141438432,0.9509765763662918,1.0393781838130571,0.9384090149581544
33,0.7885756127617086,0.5487039709718258,0.27232289439343843,0.5176498680823608,0.8957109736927177,0.8349394687790183,0.6217556209074548,0.7139643765617867,0.3514392089329027,0.4441377014850047,0.04549128217319662,0.6446424590641097,0.34883455016568377,0.21971036742584488,0.19488937575770696,0.002383948900721073,0.30322871118575745,0.5653941182836274,0.5861437230695341,0.6349613897241083,0.35070143235549894,0.8738035061155008
34,-1.7012811697634906,1.0026326530025198,1.1172644704701356,1.029553791563514,1.3406855987346777,1.4951723592877484,1.4715981503153384,1.305781492729153,1.397741403200387,1.5933132038120879,1.5417037086361312,1.3226968671076857,1.4513904805306668,1.5785975467190543,1.6394566254288894,1.6506694964784154,1.5861369048128455,1.0219178849803097,1.0697525739921578,1.0487726568408244,1.2788203632693746,1.1037499462012557
35,-0.06730721603869795,-1.2195512953964092,-1.1120447191433147,-1.1372288420759555,-0.8557899970576182,-0.9716992737645258,-0.9705612938495827,-0.8093068623949183,-0.9666756847026424,-1.0683007914445932,-1.0373119135411353,-0.9091241882415627,-0.7015294781729466,-0.693800376468991,-0.5406885056896286,-0.7595016561699148,-0.6089859426692107,-0.052335194113595815,-0.030482209540826512,0.05697333314438973,-0.051160564038119895,0.11143662333974425
36,-0.5262862184912875,-0.10655442435918475,-0.10387832950459375,0.12254509687218565,0.1464993995703503,0.05412799393387681,-0.24997602491103654,-0.04528692119454617,-0.24500479936283645,-0.2511964570402609,-0.2030847827178137,-0.3363106020362052,-0.149273452590014,-0.18554333440283696,-0.12550926024731746,-0.04588415018024169,0.39045379751000475,1.579497427964561,1.614965109658437,1.5821371598319882,0.7621266528088518,0.8837572846392792
37,-0.5767028825545326,-0.7880195441615546,-0.9196177830681249,-0.7145077406286398,-1.0571943183686132,-0.7617232505236671,-0.28110809670821324,-0.5775696025573689,-0.5199861108459412,-0.2405232459513674,0.09510284394807283,0.2272805921667498,0.07267455443995789,0.02681379742241214,-0.1459908849258945,-0.010270509030019581,0.3028288523478896,0.4984789126856015,0.5589761893864286,0.6106679425178958,-0.03175223104684654,0.23918318347984768
38,-0.4236806261956946,-0.8836535347889796,-0.6259520384763569,-1.2365435071517366,-0.8180237865233551,-0.9215983093253415,-0.817896434867327,-0.6144296342664697,-0.3236244586907653,-0.7839288612381937,-0.6530216726783409,-0.7337950155356312,-0.9171450226780955,-0.5595260466100354,-0.5946975449720888,-0.9039958106178583,-0.35763289761266404,0.6272629870792417,0.42881769257014113,0.45214397196342765,0.2123171698797435,0.39637144167018323
39,1.0114147730745002,0.44852173584309746,0.4406110435528448,0.7776641553548979,0.17776430788218767,0.43049025025964716,0.7648536250729184,0.7394576506203007,0.5713207022009366,0.6035979662125827,0.4603934518386766,1.0473495584689205,0.7891924923247702,0.6663057913166329,0.10717675481095602,0.290627429652826,0.1374157354480049,0.37947502382979836,0.40371617729864434,0.35157893355657255,-0.32476116141529227,-0.3138943279005096
40,-0.4593602093324476,-1.4604029131638272,-0.9815793130228386,-0.7732883152502499,-0.3936654885561561,-0.32605953031359486,-0.754658558753183,-0.2838153200925742,-0.5314546284979428,-0.4661749469262187,-0.4059359793196403,-0.8530436151620129,-0.5188815027022101,-0.28751153813533237,-0.1708400518015925,-0.6697205194114378,-0.34450074024745053,-0.9497748411746594,-0.9592000890239583,-0.7403260445556608,-0.7839989956601856,0.3075852750964255
41,0.6800189343981008,0.9118471935229887,0.7333919039879714,0.7573132827162871,0.684701102888903,0.6932351999966738,0.7484410292733243,1.0781121442655346,1.0554198932165613,0.8090434392632724,0.7769008855967376,1.0421105185064612,1.011882941359864,1.014471318034265,0.7253909466857827,0.7094914022249568,0.8244100962651966,0.5637031504465781,0.4511882180868334,0.38127748825142643,0.5823809967738833,-0.17526105415013504
42,-1.680862492796194,1.0192184681683338,1.169205760454171,1.0562786857608844,1.3614215707429982,1.5040081913749677,1.494392393285359,1.3313667184703681,1.4062840641014174,1.433208963432937,1.4416264880245588,1.140475409686923,-0.3837204177857404,-0.6681772814632698,-0.5144674632432983,-0.775076389762107,-0.31309676814176013,0.6693326512536569,0.4471063465699278,0.5064870944856366,0.05189477406631377,0.6374388317253203
43,0.10300933872107328,-0.6314514032499211,-1.0148277606814469,-0.8243442658232921,-0.6983104675688435,-0.5609400678913259,-0.5385972423765535,-0.49013191536021805,-0.25379730061669187,-0.09293279356454268,-0.20603489997980007,0.21791096514932137,0.1722131161091225,0.32762268589371013,0.16116693795263942,-0.028745209017011074,0.09047088421431078,0.3550641562650981,0.2959601260400403,0.36018598121364154,-0.5577485673287718,-0.6232580420955518
44,-0.42092182466849587,0.9276183277470448,1.0473611710979518,0.8128851148870292,1.1590021171209097,1.3575503986481676,1.2814327667924537,1.168567672989496,1.3456899202345003,1.4211886368258653,1.4039173561739104,1.2684942683436153,1.3961725117695096,1.4950222178511856,1.5670626681453819,1.5417145233421046,1.5477172372829158,0.42225999805443043,0.6556040949546234,0.7145496687772774,1.065851459885901,0.7214990162615321
45,-0.014657756169033542,-1.2287102443160491,-1.4013651839786705,-0.9772283572274735,-1.1851999083486864,-1.0990550909724592,-0.7282784698354393,-1.0174090132899365,-0.7618712845829947,-0.7337162550139467,-0.5849382095929307,-0.5386795196529529,-0.5792937301045626,-0.6416540320051652,-0.21977267245679669,-0.7468374195879436,-0.4785637377696836,-0.8293474390613762,-0.9768081186413093,-0.850088380086445,0.32697540143540826,-0.11408166575110473
46,-0.7077920305036872,-1.3835096637566664,-0.8679419983418786,-0.9137786281585287,-0.2817346777912596,-0.4574662032363961,-0.8456623325338084,-0.7412771146275067,-0.6198457236493746,-0.8328894702323936,-0.42279867021829515,-0.5288354427636669,-0.49481854108347023,-0.5892550947997519,-0.33865874843875376,-0.5542566797413447,-0.487483182639141,0.23899881911276954,0.12332272982092589,0.08076858149335507,0.5082904321528183,0.375927362835978
47,-1.67445108850851,1.0188065413068228,1.167436007206032,1.057143664109235,1.3592276039132594,1.5119722284112476,1.504766723619877,1.3430145066271317,1.4334323001261347,1.5276678476904308,1.5093015182094311,1.3178312705624684,1.321961434501519,-0.43740714279493076,-0.10224141170445873,-0.9779656998165518,-0.5410755187902917,0.327284105066281,0.0770819858426566,0.17692384853096646,0.3050891346779497,0.4657715556044877
48,-0.6726564189599747,-0.22029885741175373,-0.0014042144491858838,-0.26230713584424903,0.18057550792024488,-0.5622205458319656,-0.20609220355342753,-0.1946694308279207,-0.2654002756626249,-0.8009275681338349,-0.4509134094412233,-1.0015825382043981,-0.8474762992137357,-0.6311206629324034,-0.4413520599311742,-0.7844576270299637,-0.6327834571631307,1.3251254484961192,1.3838215916510497,1.4232254031040459,0.011033856375842529,0.051482365469526906
49,-0.48194370125695435,-1.3977835235581098,-1.1902764383039004,-0.8649697017095762,-0.6305745088949927,-0.8693513170256457,-0.6556125223281103,-0.34737188001728975,-0.24717524432375815,-0.7827859524047927,-0.25581505092869783,-0.2907155306014133,-0.17211228223263939,-0.022408563268861603,0.035144774473082445,-0.32194591525660593,0.14214346922951293,1.5094044633580364,1.5305344753874592,1.5183483415651562,0.27958079016211596,0.6013459037239118
50,0.2509444339306406,-0.9666824027707577,-0.6788001997676899,-0.2516222146240655,-0.25513308092683507,-0.2649948032154407,-0.12089712245146665,-0.13061256597954618,-0.24738564171812114,-0.1994803085733681,-0.12206285407160898,-0.3517066056986121,-0.05096801284919704,-0.37871497156911926,-0.3233407030435251,-0.26621868894166933,-0.16614437284704156,0.0897984686851503,0.10540368412378151,0.09939715734572778,-0.4070562641283027,-0.45754131449321384
51,0.327371170503,0.5780372450017792,0.6599598301860699,0.505444839714538,-0.20670234503965285,0.07897973717284718,-0.09513774275766966,0.17359440060042372,0.05968495345016635,0.16624512031907626,0.3099166501121728,0.3767677875831209,0.38697994679245346,0.5940039376779513,0.4000590779100571,0.16956940981061083,0.17396290368333328,0.7849965133826012,0.7138236017730444,0.6944659914318428,1.3330604873984946,1.2259166420768444
52,-1.0006708418390269,-0.06031442349053918,-0.14678154635453022,-0.3270844521272067,0.36593979402452875,-0.0624375155014002,0.557281882225045,-0.04147562904151887,0.31642116271643883,-0.006798234413195476,-0.013449129041176025,-0.0915857150324604,-0.5082977970190855,0.07769233564728571,0.09756797271708502,0.3600686712260322,0.5012581337965056,-1.1225822649766135,-1.273505637358118,-1.399235357831322,-0.10754686765002179,-0.12949762929747097
53,-0.06485553169358833,-1.2652696498013039,-1.1185739797708667,-0.7026194623013546,-1.2515706522180563,-1.2180050868717514,-0.7559248263351019,-0.9140811399999086,-0.8071299847286791,-0.770138838908917,-0.5207000287222979,-0.44561285485057706,-0.27176975649318375,-0.40951746891197466,-0.20900846277207502,-0.43684398468038904,-0.3074305208820963,-1.35050792657434,-1.3004763140488083,-1.3059328199625482,0.16418392378822175,-0.33808831581718946
54,0.7063960784855585,0.8162339610110664,0.8001166579975905,0.6044456377709799,0.325812218786314,0.3624354240427124,0.3782088022102534,0.7950320313449122,0.6797591127051186,0.8306332436975784,0.687641449406537,0.7532538616895823,0.586974797176991,0.7253523026116245,0.4691709979029775,0.4387553434076271,0.5197203331396931,0.7936749513745079,0.8214599280585871,0.7796456526153567,0.5945671173601444,0.9464854719972998
55,0.906594127932941,0.09841016021344667,-0.06231234437665861,0.10749623065290287,0.1821987797737936,0.09290837397321668,0.036841242986722054,0.06187072000628723,-0.20433072564418103,-0.03198772733861154,-0.21963003176743195,-0.07876227875716395,-0.13495989122740543,0.006211810663023736,0.012762993337452257,-0.2224882259750023,0.014567662263387253,0.7983538883567238,0.7072121714715737,0.7384751579566327,-0.10417589677156272,-0.0899808280560642
56,-1.488025755467467,0.7456775183440062,0.6111175373033679,0.7694385590736076,1.0267931954167848,0.16838345209949382,1.1858599862518513,0.7906903825501883,1.2583131013685258,1.3596983608855202,1.2662839427768335,1.0896497788609263,1.3824792136967348,1.4152976718172507,1.1759645351564147,1.4945171297780229,1.5054117922481864,0.7758211666924063,0.5882328369491546,0.7562354342003845,0.6657212337482694,0.5292523630118209
57,0.6014734470309622,-1.451084947067528,-1.5375415857223174,-0.9881511581737981,-1.1421310351872451,-1.0180427355899073,-1.0196622706934133,-1.1323183138841466,-0.6919631636046634,-0.775135136925727,-0.6000039035686953,-0.49551953857137415,-0.7825361282095827,-0.6084104663391201,-0.4452206948100864,-0.6353307492307623,-0.7381331939581435,0.6012431158124834,0.36792657582065114,0.4663284174876081,-0.7279937169894596,-0.5754342279986312
58,-0.10588172905846001,0.17202789456062978,0.2859504362803209,0.08619973563558674,0.3973911182303954,0.20160899869948468,0.05977190449437079,-0.050902913265234766,-0.37918282080083293,-0.3677328370321163,-0.16967402402949355,-0.6311639713124746,-0.2945877801135337,-0.6999698961799516,-0.6198130504880782,-0.46204564802130926,-0.5116299384806473,-1.2510644828926378,-1.229658721224975,-1.3031236853540125,-0.25327219974352394,-0.7075218021949581
59,-0.7360444374891559,-0.3245759733143053,-0.7550450526556789,-0.6449590030474798,-0.481276482825028,-0.7755993677013493,-0.693397350911316,-0.2586256878084652,-0.5861905536058456,-0.4726130432136288,-0.4964747077395332,-0.6210444512754633,-0.05168938411854656,1.2953490435133297,1.3627487942569296,1.395354806808255,1.260567544292138,-1.3762167016492592,-1.284924953920065,-1.4454540219271077,-0.30392530697725617,-0.639363614035992
60,-0.18645418923394347,0.4562112682227189,0.2959208523383753,0.2256931033321473,-0.503795832803015,-0.33263518310973306,-0.5369109595802074,-0.5791727846136497,-0.6831723960824571,-0.6892352277459002,-0.8059683415346193,-0.5217590522182398,-0.5535887560766962,-0.8798025363788515,-0.8206731973009646,-0.6047846894543271,-0.5218550187269818,-1.1429235831090707,-0.759963257862886,-0.8899633219012697,-0.6533487773875883,-0.5644929013250914
61,0.47959832229825955,0.7743092426025118,0.4514430018207129,0.5009957011206,0.371398868011964,0.5867250037706714,0.2892079669980568,0.24243979562587117,0.17083942546031852,0.5112379596993933,0.4421653887021866,0.745103951436105,0.5387665466759677,0.17847191763060039,-0.21818250218158478,-0.04615467232627556,0.1934863901289181,0.6748644923485069,0.5912651501321253,0.5503055431743924,-0.2076777230253559,0.07833002421338482
62,-0.02824278757585877,-1.1328297162850396,-0.9359105940423881,-0.7937188398191181,-0.2919685942057329,-0.7008660984547246,-0.5167522504327611,-0.3641167245559555,-0.6619851592747972,-0.652837179829562,-0.5075455375921527,-1.183004544076669,-1.017577913161362,-0.9756425584717277,-0.4924590891073744,-0.7279669666390082,-0.4389168101621459,-1.0106939025198771,-1.2545870322706023,-0.7697134978199892,0.4831364386236041,-0.002320146757724395
63,1.0661031634129634,-0.431945730015382,-0.7166869973542759,-0.5159286284909921,-0.5814381963458645,-0.6402565284086694,-0.6751960270314638,-0.804213028515611,-0.6574425962228007,-0.5999766379721018,-0.7422161170040664,-0.5107726207022155,-0.6004467023112137,-0.33859280602476144,-0.6105862134764174,-0.5883035176028767,-0.7542913661081967,-0.9371005218673905,-1.224894020307687,-0.8446727218908882,0.11539660709368987,-0.42232118000313973
64,0.6276561365881382,-0.011168366506519074,-0.2467481304841714,0.23035077483054064,-0.3406701755685037,-0.07658537576695988,-0.26650960442934785,-0.24861881641630157,-0.3944762135297329,-0.13997154895334407,-0.19207260169201182,-0.11660298856155184,-0.4011943571283812,-0.20461967808640602,-0.12659514892273271,-0.21796914380663723,-0.25085504774201434,-1.420223786995229,-0.9929680873888916,-1.0749404056427312,0.4470707470460628,-0.08430926384409028
65,-0.9041026102551857,-0.04660169641126785,-0.18957984756223242,-0.23902540374459202,-0.041644473410224994,-0.47726984215159896,-0.1665300167554685,-0.7081082129807658,-0.5527046460217063,-0.7834472577144879,-0.6616257866552157,-0.8981500734704444,-0.8144589972270688,-0.6783250005054499,-0.6729383062075537,0.14229067951474236,0.4724938754066354,0.9574303265117641,1.0306902129515603,0.9591411143581379,-0.5781587365750362,0.9722698899218484
66,-0.017106642891085592,-0.2936238209713837,-0.3378623490149792,-0.3348763627200247,0.016025034642031873,-0.2959563833937902,-0.454808960791654,-0.5658561976297776,-0.8249293027898562,-0.9115362813534529,-0.9482851217026855,-1.2247584697069058,-0.977501777293871,-0.7924140646326181,-0.3396561695002146,-0.9503098910405688,-0.6820620186099405,0.6940538289001638,0.5548133464436985,0.6581501381432894,0.19429102040471058,0.41303699886350576
67,-0.9053401308048106,-0.28146662798140126,-0.4527776034303538,-0.36524153088320865,-0.5186415691405895,-0.49489557800657963,-0.6909658973052688,-0.7460023112919965,-0.8016193114978005,-0.8982381020617319,-0.9754596617439982,-0.9752130244035118,-1.0481793223535285,-0.8596063500839837,-1.0376351480796704,-0.7931372202905912,-0.745955453123289,-0.3100081382969451,-0.39275857519912244,-0.3063299532598131,-0.17034503375947674,-0.17357412714209738
68,0.16819819091867552,-1.161611516228822,-0.6255500323599642,-0.516138586807816,-0.45404860537786745,-0.5901125016771782,-0.8074212162042791,-0.6068268711199934,-0.834329495624843,-0.6163595521254198,-0.534628431117726,-0.6483142166308732,-0.4299752474303719,-0.10590284658816315,-0.05425503418863025,-0.31903957391402077,0.093966226415036,0.470523565930206,0.10108164819666658,0.20230600301941878,0.6952215246812484,0.3443503081303816
69,-0.41292595790416725,-0.3136505125027939,-0.31512782055655536,-0.21140766903178526,-0.4706886312453697,-0.7568275216370091,-1.031834390967802,-0.8673668479152656,-0.615864380966336,-0.9045491496489647,-0.7709916987074572,-0.6077684060032029,-0.7159178703009301,-0.8423442743627458,-0.5362406142887325,-0.9560845322751073,-0.8184740029302964,0.2221831269530611,-0.3048720213606304,-0.16571436885924543,-0.16021034768769543,0.25600478714493213
70,-1.2586062641690121,0.9518522814645286,1.0635604814593587,0.962809434431633,1.2989273023109096,1.420962979385269,1.4596988166870222,1.2426025707809218,1.4034241679491017,1.5619603850393773,1.5214113989520528,1.3384591489494686,1.4650840701292935,1.5642186377541432,1.6004063364395198,1.6583596004988033,1.5874803059303066,0.9251127765175058,0.7653307275393242,0.923260722096514,0.24442952348317312,0.8287194769098098
71,0.8146082388500704,-0.004983247581183349,-0.188861630441783,0.04593210851997098,0.47781475015521335,0.2823449305268553,0.02832433976941825,0.6112491821447403,0.3302207467502721,-0.001933990589737278,-0.382052662811734,-0.3994293541041896,-0.6264594661980681,-0.6528732052640507,-0.6449284137536085,-0.5356082091204124,-0.7195291626196882,-1.3844410937036546,-1.1910819101899182,-1.4296664871534537,-0.6027468657780058,-0.8226130027342303
72,1.8974808748182523,1.057377290885524,0.9990113328692358,0.8531044761856044,0.5191802189776744,0.43062007262502955,0.6616441133406328,0.628337819555401,0.5455720879090868,0.22684527007287442,0.45380946436029107,0.9411503512972604,0.2871920835480307,-0.7935435752169543,-0.3676584125435082,-0.19082686285381656,-0.4485518985546236,-1.2174590503995735,0.5746419130129686,-0.3192146072879723,0.5874551988083138,0.1904756330905021
73,-1.0826831687354623,-0.2542342532585335,-0.6261003153786788,-0.5127306679083937,-0.6173438162505744,-0.5217195140133097,-0.7663563465106223,-0.6478203967065749,-0.5880329731319919,-0.4786016778739939,-0.6871645013482689,-0.5577963400924931,-0.4891601620294204,-0.3845162607042546,-0.4914853226951845,-0.7290679153940819,-0.6734234135540061,0.5816505186463378,0.47947686869244416,0.41776195122710347,-0.1285212207220505,-0.18600692962557983
74,0.8212844998965525,0.6392202123296828,0.45168334595878784,0.5279325673163725,-0.03797856600993346,0.09253809181950783,0.20989739247211733,0.8219338994869874,0.8915700313907153,0.9744656789228404,1.0431466941904106,1.484554081544207,1.3047462629720101,1.4344298713904675,1.2174702652162372,1.0814752550237356,1.0701915882435695,1.001544142908169,1.1453766078993493,1.0796605398742254,0.19050426228798148,0.3141689829349336
75,1.1501839386527162,0.6088298529587535,0.592334164482368,0.6124006607335919,0.9415480875545834,1.1063611451011994,0.8041568679693651,0.7701856284391078,0.648637808045226,0.3914863124516097,0.23618388800065832,0.29078955810548734,0.137232686275192,-0.03577881948237306,-0.025962192819151506,-0.0056248787957580626,0.05294648451270467,-1.022861562993311,-0.6699367479534484,-0.6116261192224762,-0.8616922234640366,-0.7185599180542838
76,-0.10250366414036832,-0.4999678153832853,-0.5273429966830848,-0.5708999135355874,-0.34615256888000584,-0.9432657192953724,-0.6444717904925028,-0.3412266394849637,-0.7047820400521662,-0.875533397909108,-0.9471027030341126,-1.1666217469683848,-0.9162510755754713,-0.9965637298578254,-1.0785303127516817,-0.632326947438774,-0.8206671065356806,-0.2709363031888656,-0.44286598316703624,-0.28577855393736723,-0.24799576659907366,0.06646977820256696
77,0.22574207680147299,0.7217203867544347,0.5064500374567401,0.5208311616655263,0.3844094754791925,0.41442862512732204,0.6816182421440218,0.8655591805224384,0.7378759053499189,0.7300039853089308,0.7351753285241462,1.0674318522674275,0.5940009368586809,0.44523157096668575,0.12764537505128012,0.23798640818968694,-0.14865649270108686,-1.328419596126406,-1.3478471451331944,-1.415886424304478,-0.4462867170172686,-0.35753526859739115
78,0.3319538708489843,0.47840568548282214,0.286951231362557,0.18008663865057004,0.5054157445614662,-0.3454899768974651,0.17893684771936721,-0.06249724634766685,0.03168719842225986,-0.8508892799842628,-0.6792761629429755,-0.6290977394893855,-0.7274143938667835,-0.8894749610978493,-0.618257517593398,-0.47537788490874827,-0.5314710910050434,-0.4991342838010923,0.6893295734458664,0.3797790564022432,-0.9861428907869062,-0.6452857617667116
79,1.9363673440378062,0.47867710671011515,0.3099793431691458,0.3407070035596942,0.08623734837771826,0.23326582630636625,0.21168301785207003,0.6721702065179717,0.587902703177984,0.5597936648707419,0.17789019837889253,0.6455885304214546,0.27689388696723527,0.521443803926538,0.339687445733176,0.5877865048283232,0.55523908495675,0.8720892201066587,0.8931455428301976,0.897895106107565,-0.15304114590031143,-0.15148181525088575
80,1.523747200093817,0.08409059486029848,0.23485538022879301,0.269637043740979,-0.06754601728176336,-0.2613602951736638,-0.11302499664847757,0.4265220568028011,0.520842727781522,0.307969339549366,0.44248342051183565,1.0100503256942102,0.7816184786082182,0.6554174562655513,0.5348784279889198,0.235678440000847,-0.20959652017047906,-1.3411537487526322,-1.2387599606693487,-1.1519212747394945,-0.563173602652312,-0.9231760270283726
81,0.8196462505501124,-0.43989529974667124,-0.28113154157546283,-0.5049071736917171,0.16118126091418955,-0.12447029945102431,0.14919552630066424,0.19100113718102213,-0.13941089939912013,0.15977379952669116,-0.05006795710046984,-0.3014579880678583,-0.3109880824106642,-0.2091329850364762,-0.29374577158277027,-0.3998264017990706,-0.4257957962143962,-1.4120591493144083,-1.4170742318797784,-1.4002853455458462,-0.8288890942256498,-0.9220729695276579
82,1.0849543422496393,1.1849957271203588,1.232042860492103,1.1350768432988874,0.9860990229282538,1.001459138697964,1.002601135421559,1.247885061261122,1.0619319038082073,0.42035210865794526,0.381303302086429,-4.4221537922265944e-05,-0.2000279420407738,-0.8126856388564998,-0.6871096600882272,-0.1221478960731905,-0.34239481629185087,0.8506892870688967,0.6347514153618612,0.8342868076189995,1.22519562115703,1.0202275789154527
83,1.728701286496662,1.0662336730565123,1.100216838003979,1.0709432469170936,0.38649805605868737,0.12079031742066335,0.039246909430982815,0.1300160953448592,0.2021056985184044,0.018325425931905115,-0.01800928650803704,0.42563117600518235,0.4003552590909946,-0.09923704825390857,-0.22766394265424472,0.23031191687593822,-0.0010827523292007936,-1.420113788231834,-1.2908288962116012,-1.3342818444024778,0.9779621625094707,1.0139459848220296
84,-0.5778961383439098,-0.8796607510494997,-0.7699809069461154,-0.5812693512762983,-0.0209528789580493,-1.1824821461770418,-0.642770034589065,-0.4461666699809129,-0.3957767592409851,-0.9791302473443598,-0.9075147753861006,-0.7784223164686177,-0.8964499549720719,-0.4956899966544736,-0.4418915217682686,-0.7734281556445491,-0.7072422042670653,-0.1584064302415575,-0.4607913824948429,0.07147754053259568,-0.27512240385066805,-0.9763259773293356
85,1.5222336709258772,1.2272214003184119,1.3083040158679604,1.4542684159366086,1.5544554426077584,1.3076151754507261,1.405672344148078,1.978282564027981,1.884600153555535,1.4460252934402875,1.293319816400735,1.4556830903943005,1.2073052105473852,1.133444879380797,0.7754977410939208,0.5112579007056038,0.6241642200977179,0.7853949766755194,0.6283142227169947,0.6659785864023646,-0.42782927961111195,-0.5813294773094876
86,0.27712015471301493,0.19194495103624154,0.05610723618126993,0.040540703846744984,0.28687828389893527,-0.13643391730313442,-0.07298534663017332,-0.40389181884396697,-0.6974912684949949,-0.8776824254010028,-0.7600554614396595,-1.1274604853254586,-0.9106560291141551,-1.0543686130934602,-0.9035108255474363,-0.5653783711545386,-0.5295962699583613,-0.511938469831539,-0.5855698525075363,-0.8986923331802926,-0.9060475167595702,-1.2295679053187454
87,-0.17563479121882733,0.3040073248526051,0.2993776258215477,0.0946437488582994,0.37530337489695675,0.13264692362033917,0.07471111197829648,-0.07360299572497865,-0.2031218092813264,-0.25988217699612803,0.01119061539020257,-0.2260494182466941,-0.05217839753944557,0.08896387454309655,0.08534355783189224,0.010051325171108617,-0.0013638420500259785,-0.22974148457347848,-0.45032470586372714,-0.3821318172059622,0.5593067787559883,-0.2362921768217892
88,0.9967999444498529,0.7989255276251971,0.76054175928158,0.5995577055925744,0.6759991315137203,-0.19359870474697446,0.2458481916867181,0.46398751080120226,0.2339119305082709,-0.2340426744737644,-0.09626943000772821,0.05889482691179235,0.28656124251834064,0.2572208764826072,0.058304764083782754,0.298886341667326,0.296803353399088,0.45401665715579087,0.6100263648540843,0.5389423804258608,0.2812483508873961,0.01791985191533418
89,1.421534293570615,1.3873240066351415,1.3511583558907272,1.4778659410925554,1.0051102680786002,0.8505183639625431,0.63041961091081,0.9574251456626087,0.8137884401235072,1.268548519422914,1.1089405590853174,1.1603054903003516,0.9360295109447704,0.5492074727837253,0.5708778040198791,0.14186831597094704,-0.00791857370222796,-1.217888060895056,-0.5655172041733394,-0.4032278644409373,0.4209980365463803,0.2374435189406261
90,-0.6741631239296373,-1.5118336120225382,-1.453004493469405,-1.6415457114727214,-1.1131438758807901,-0.8227791925458418,-0.965879745916109,-0.5987152958955625,-0.45518101792614196,-0.7129519803562625,-0.5285677927818293,-0.37420165674412204,-0.4733669321981826,-0.5204176250626973,-0.5348422498980042,-0.8166544581795746,-0.39070582983400903,0.022903479877292292,0.014441084578671713,0.05609954616712597,-0.16801691042834346,-0.13345583126532776
91,-0.4687818779827881,-0.2637110575741661,-0.22340702755926212,-0.11570023340148837,-0.6381216851836743,-0.8850711284956106,-0.8478089588890397,-1.0153411004380788,-0.6087929283323377,-0.7527146400725951,-0.5860778265660436,-0.4497539090706153,-0.6102380897685297,-0.7916032692949525,-0.4634666629276977,-0.26457957544049704,-0.41742983588142424,0.9936706742199128,1.0195237029309592,0.9423323811203381,0.7823798217625441,-0.1353935593639769
92,-1.6815546503781478,1.023464132764588,1.16563335686592,1.0623465665165124,1.3739484081974511,1.5107183033672735,1.5128596839859918,1.3452429481851094,1.444920923865668,1.6339378661853776,1.5672122557510892,1.3588976886587971,1.487117146151374,1.610112085278208,1.6578737367391547,1.6724679504650577,1.651519443075723,1.0476741119842352,1.1038108472339485,1.0675458076537756,1.314611733279343,1.1265187263169714
